filename,link_text,url,format,effective,rule_number,source_page,source_page_url,rate_class,corpus
2011_All_Fee_Schedules.zip,2011 All Fee Schedules,https://ahca.myflorida.com/content/download/7048/file/2011_All_Fee_Schedules.zip,zip,2011,,Historical Medicaid Reimbursement Schedules,https://ahca.myflorida.com/medicaid/rules/historical-medicaid-reimbursement-schedules.html,fee_schedule_historical,policy
2013_All_Fee_Schedules.zip,2013 All Fee Schedules (Version 2),https://ahca.myflorida.com/content/download/7049/file/2013_All_Fee_Schedules.zip,zip,2013,,Historical Medicaid Reimbursement Schedules,https://ahca.myflorida.com/medicaid/rules/historical-medicaid-reimbursement-schedules.html,fee_schedule_historical,policy
2014_All_Fee_Schedules.zip,2014 All Fee Schedules,https://ahca.myflorida.com/content/download/7050/file/2014_All_Fee_Schedules.zip,zip,2014,,Historical Medicaid Reimbursement Schedules,https://ahca.myflorida.com/medicaid/rules/historical-medicaid-reimbursement-schedules.html,fee_schedule_historical,policy
2015_All_Fee_Schedules.zip,2015 All Fee Schedules,https://ahca.myflorida.com/content/download/7051/file/2015_All_Fee_Schedules.zip,zip,2015,,Historical Medicaid Reimbursement Schedules,https://ahca.myflorida.com/medicaid/rules/historical-medicaid-reimbursement-schedules.html,fee_schedule_historical,policy
2016_All_Fee_Schedules.zip,2016 All Fee Schedules,https://ahca.myflorida.com/content/download/7052/file/2016_All_Fee_Schedules.zip,zip,2016,,Historical Medicaid Reimbursement Schedules,https://ahca.myflorida.com/medicaid/rules/historical-medicaid-reimbursement-schedules.html,fee_schedule_historical,policy
2017_All_Fee_Schedules.zip,2017 All Fee Schedules,https://ahca.myflorida.com/content/download/7053/file/2017_All_Fee_Schedules.zip,zip,2017,,Historical Medicaid Reimbursement Schedules,https://ahca.myflorida.com/medicaid/rules/historical-medicaid-reimbursement-schedules.html,fee_schedule_historical,policy
2018_All_Fee_Schedules.zip,2018 All Fee Schedules,https://ahca.myflorida.com/content/download/7054/file/2018_All_Fee_Schedules.zip,zip,2018,,Historical Medicaid Reimbursement Schedules,https://ahca.myflorida.com/medicaid/rules/historical-medicaid-reimbursement-schedules.html,fee_schedule_historical,policy
2019_All_Fee_Schedules.zip,2019 All Fee Schedules,https://ahca.myflorida.com/content/download/7055/file/2019_All_Fee_Schedules.zip,zip,2019,,Historical Medicaid Reimbursement Schedules,https://ahca.myflorida.com/medicaid/rules/historical-medicaid-reimbursement-schedules.html,fee_schedule_historical,policy
2020_All_Fee_Schedules.zip,2020 All Fee Schedules,https://ahca.myflorida.com/content/download/7056/file/2020_All_Fee_Schedules.zip,zip,2020,,Historical Medicaid Reimbursement Schedules,https://ahca.myflorida.com/medicaid/rules/historical-medicaid-reimbursement-schedules.html,fee_schedule_historical,policy
2021_All_Fee_Schedules.zip,2021 All Fee Schedules,https://ahca.myflorida.com/content/download/19974/file/2021_All_Fee_Schedules.zip,zip,2021,,Historical Medicaid Reimbursement Schedules,https://ahca.myflorida.com/medicaid/rules/historical-medicaid-reimbursement-schedules.html,fee_schedule_historical,policy
2022 Fee Schedules and Billing Codes.zip,2022 All Fee Schedules,https://ahca.myflorida.com/content/download/23801/file/2022%20Fee%20Schedules%20and%20Billing%20Codes.zip,zip,2022,,Historical Medicaid Reimbursement Schedules,https://ahca.myflorida.com/medicaid/rules/historical-medicaid-reimbursement-schedules.html,fee_schedule_historical,policy
2023_All_Fee_Schedules.zip,2023 All Fee Schedules,https://ahca.myflorida.com/content/download/25309/file/2023_All_Fee_Schedules.zip,zip,2023,,Historical Medicaid Reimbursement Schedules,https://ahca.myflorida.com/medicaid/rules/historical-medicaid-reimbursement-schedules.html,fee_schedule_historical,policy
2024 All Fee Schedules.zip,2024 All Fee Schedules,https://ahca.myflorida.com/content/download/27052/file/2024%20All%20Fee%20Schedules.zip,zip,2024,,Historical Medicaid Reimbursement Schedules,https://ahca.myflorida.com/medicaid/rules/historical-medicaid-reimbursement-schedules.html,fee_schedule_historical,policy
All-January-2006.zip,2006 All Fee Schedules,https://ahca.myflorida.com/content/download/7057/file/All-January-2006.zip,zip,2006,,Historical Medicaid Reimbursement Schedules,https://ahca.myflorida.com/medicaid/rules/historical-medicaid-reimbursement-schedules.html,fee_schedule_historical,policy
All_2007_Fee_Schedules.zip,2007 All Fee Schedules,https://ahca.myflorida.com/content/download/7058/file/All_2007_Fee_Schedules.zip,zip,2007,,Historical Medicaid Reimbursement Schedules,https://ahca.myflorida.com/medicaid/rules/historical-medicaid-reimbursement-schedules.html,fee_schedule_historical,policy
All_Current_2012.zip,2012 All Fee Schedules,https://ahca.myflorida.com/content/download/7059/file/All_Current_2012.zip,zip,2012,,Historical Medicaid Reimbursement Schedules,https://ahca.myflorida.com/medicaid/rules/historical-medicaid-reimbursement-schedules.html,fee_schedule_historical,policy
FS_08_081001_All_Archived_Fee_Schedules_ver1.9.zip,2008 All Fee Schedules,https://ahca.myflorida.com/content/download/7060/file/FS_08_081001_All_Archived_Fee_Schedules_ver1.9.zip,zip,2008,,Historical Medicaid Reimbursement Schedules,https://ahca.myflorida.com/medicaid/rules/historical-medicaid-reimbursement-schedules.html,fee_schedule_historical,policy
FS_10_100714_All_Archived_Fee_Schedules_ver1.0.zip,2010 All Fee Schedules,https://ahca.myflorida.com/content/download/7061/file/FS_10_100714_All_Archived_Fee_Schedules_ver1.0.zip,zip,2010,,Historical Medicaid Reimbursement Schedules,https://ahca.myflorida.com/medicaid/rules/historical-medicaid-reimbursement-schedules.html,fee_schedule_historical,policy
FS_2009_All_Fee_Schedules_ver1.0.zip,2009 All Fee Schedules,https://ahca.myflorida.com/content/download/7062/file/FS_2009_All_Fee_Schedules_ver1.0.zip,zip,2009,,Historical Medicaid Reimbursement Schedules,https://ahca.myflorida.com/medicaid/rules/historical-medicaid-reimbursement-schedules.html,fee_schedule_historical,policy
59G-1.010 Definitions Policy.pdf,Definitions,https://ahca.myflorida.com/content/download/24713/file/59G-1.010%20Definitions%20Policy.pdf,pdf,,59G-1.010,Adopted Rules – General Policies,https://ahca.myflorida.com/medicaid/rules/adopted-rules-general-policies.html,policy_general,policy
59G-1.050_General_Medicaid_Policy.pdf,General Medicaid Policy,https://ahca.myflorida.com/content/download/5921/file/59G-1.050_General_Medicaid_Policy.pdf,pdf,,59G-1.050,Adopted Rules – General Policies,https://ahca.myflorida.com/medicaid/rules/adopted-rules-general-policies.html,policy_general,policy
59G-1.058.pdf,Eligibility,https://ahca.myflorida.com/content/download/28292/file/59G-1.058.pdf,pdf,,59G-1.058,Adopted Rules – General Policies,https://ahca.myflorida.com/medicaid/rules/adopted-rules-general-policies.html,policy_general,policy
59G-1.100_Medicaid_Fair_Hearings.pdf,Florida Medicaid Fair Hearings,https://ahca.myflorida.com/content/download/5924/file/59G-1.100_Medicaid_Fair_Hearings.pdf,pdf,,59G-1.100,Adopted Rules – General Policies,https://ahca.myflorida.com/medicaid/rules/adopted-rules-general-policies.html,policy_general,policy
59G_1020_DEFINITION_COUNTY_OF_RESIDENCE.pdf,Definition of County of Residence,https://ahca.myflorida.com/content/download/7007/file/59G_1020_DEFINITION_COUNTY_OF_RESIDENCE.pdf,pdf,,,Adopted Rules – General Policies,https://ahca.myflorida.com/medicaid/rules/adopted-rules-general-policies.html,policy_general,policy
59G_1035_Determining_Generally_Accepted_Professional_Medical_Standards.pdf,Determining Generally Accepted Professional Medical Standards,https://ahca.myflorida.com/content/download/5926/file/59G_1035_Determining_Generally_Accepted_Professional_Medical_Standards.pdf,pdf,,,Adopted Rules – General Policies,https://ahca.myflorida.com/medicaid/rules/adopted-rules-general-policies.html,policy_general,policy
59G_1036_Clinical_Trials.pdf,Clinical Trials,https://ahca.myflorida.com/content/download/7008/file/59G_1036_Clinical_Trials.pdf,pdf,,,Adopted Rules – General Policies,https://ahca.myflorida.com/medicaid/rules/adopted-rules-general-policies.html,policy_general,policy
59G_1040_PASRR.pdf,Pre-Admission Screening and Resident Review,https://ahca.myflorida.com/content/download/5927/file/59G_1040_PASRR.pdf,pdf,,,Adopted Rules – General Policies,https://ahca.myflorida.com/medicaid/rules/adopted-rules-general-policies.html,policy_general,policy
59G_1045_MEDICAID_FORMS.pdf,Medicaid Forms,https://ahca.myflorida.com/content/download/5928/file/59G_1045_MEDICAID_FORMS.pdf,pdf,,,Adopted Rules – General Policies,https://ahca.myflorida.com/medicaid/rules/adopted-rules-general-policies.html,policy_general,policy
59G_1052_TPL_Requirements.pdf,Third Party Liability Requirements,https://ahca.myflorida.com/content/download/5929/file/59G_1052_TPL_Requirements.pdf,pdf,,,Adopted Rules – General Policies,https://ahca.myflorida.com/medicaid/rules/adopted-rules-general-policies.html,policy_general,policy
59G_1053_Authorization_Requirements_Coverage_Policy.pdf,Authorization Requirements,https://ahca.myflorida.com/content/download/7009/file/59G_1053_Authorization_Requirements_Coverage_Policy.pdf,pdf,,,Adopted Rules – General Policies,https://ahca.myflorida.com/medicaid/rules/adopted-rules-general-policies.html,policy_general,policy
59G_1054_Recordkeeping_Documentation_Requirements_FINAL.pdf,Recordkeeping and Documentation Requirements,https://ahca.myflorida.com/content/download/5930/file/59G_1054_Recordkeeping_Documentation_Requirements_FINAL.pdf,pdf,,,Adopted Rules – General Policies,https://ahca.myflorida.com/medicaid/rules/adopted-rules-general-policies.html,policy_general,policy
59G_1056_Copayments_Coinsurance.pdf,Copayments and Coinsurance,https://ahca.myflorida.com/content/download/7010/file/59G_1056_Copayments_Coinsurance.pdf,pdf,,,Adopted Rules – General Policies,https://ahca.myflorida.com/medicaid/rules/adopted-rules-general-policies.html,policy_general,policy
59G_1057_TELEMEDICINE.pdf,Telemedicine,https://ahca.myflorida.com/content/download/7011/file/59G_1057_TELEMEDICINE.pdf,pdf,,,Adopted Rules – General Policies,https://ahca.myflorida.com/medicaid/rules/adopted-rules-general-policies.html,policy_general,policy
59G_5020_Provider_General_REQUIREMENTS.pdf,Provider Requirements,https://ahca.myflorida.com/content/download/7012/file/59G_5020_Provider_General_REQUIREMENTS.pdf,pdf,,,Adopted Rules – General Policies,https://ahca.myflorida.com/medicaid/rules/adopted-rules-general-policies.html,policy_general,policy
59G_7003_Medicaid_Third_Party_Liability_Responsibility_Notices.pdf,Medicaid Third Party Liability Responsibility and Notices,https://ahca.myflorida.com/content/download/5931/file/59G_7003_Medicaid_Third_Party_Liability_Responsibility_Notices.pdf,pdf,,,Adopted Rules – General Policies,https://ahca.myflorida.com/medicaid/rules/adopted-rules-general-policies.html,policy_general,policy
"59G_9070_Admin_Sanctions_on_Providers,_Entities_Persons.pdf","Administrative Sanctions on Providers, Entities, and Persons",https://ahca.myflorida.com/content/download/7013/file/59G_9070_Admin_Sanctions_on_Providers%2C_Entities_Persons.pdf,pdf,,,Adopted Rules – General Policies,https://ahca.myflorida.com/medicaid/rules/adopted-rules-general-policies.html,policy_general,policy
Preadmission_Screen_and_Resident_Review_PASRR_Level_I_Form.pdf,Preadmission Screening and Resident Review Level I Screen,https://ahca.myflorida.com/content/download/5276/file/Preadmission_Screen_and_Resident_Review_PASRR_Level_I_Form.pdf,pdf,,,Adopted Rules – General Policies,https://ahca.myflorida.com/medicaid/rules/adopted-rules-general-policies.html,policy_general,policy
Preadmission_Screen_and_Resident_Review_PASRR_Resident_Review_Evaluation_Request_Form.pdf,Preadmission Screening and Resident Review - Evaluation Request,https://ahca.myflorida.com/content/download/5277/file/Preadmission_Screen_and_Resident_Review_PASRR_Resident_Review_Evaluation_Request_Form.pdf,pdf,,,Adopted Rules – General Policies,https://ahca.myflorida.com/medicaid/rules/adopted-rules-general-policies.html,policy_general,policy
Provider Enrollment Policy.pdf,Provider Enrollment Policy,https://ahca.myflorida.com/content/download/28712/file/Provider%20Enrollment%20Policy.pdf,pdf,,,Adopted Rules – General Policies,https://ahca.myflorida.com/medicaid/rules/adopted-rules-general-policies.html,policy_general,policy
59G-4.085 EIS POLICY.pdf,Draft Policy,https://ahca.myflorida.com/content/download/26813/file/59G-4.085%20EIS%20POLICY.pdf,pdf,,59G-4.085,Rules in Process,https://ahca.myflorida.com/medicaid/rules/rules-in-process.html,policy_in_process,policy
59G-4.130 Home Health Visit Services Coverage Policy.pdf,Draft Policy,https://ahca.myflorida.com/content/download/28392/file/59G-4.130%20Home%20Health%20Visit%20Services%20Coverage%20Policy.pdf,pdf,,59G-4.130,Rules in Process,https://ahca.myflorida.com/medicaid/rules/rules-in-process.html,policy_in_process,policy
59G-4.252 Diabetic Supply Services Coverage Policy.pdf,Draft Policy,https://ahca.myflorida.com/content/download/27649/file/59G-4.252%20Diabetic%20Supply%20Services%20Coverage%20Policy.pdf,pdf,,59G-4.252,Rules in Process,https://ahca.myflorida.com/medicaid/rules/rules-in-process.html,policy_in_process,policy
59G-4.261 Private Duty Nursing Services Coverage Policy.pdf,Draft Policy,https://ahca.myflorida.com/content/download/26983/file/59G-4.261%20Private%20Duty%20Nursing%20Services%20Coverage%20Policy.pdf,pdf,,59G-4.261,Rules in Process,https://ahca.myflorida.com/medicaid/rules/rules-in-process.html,policy_in_process,policy
59G-4.261 Private Duty Nursing Services.pdf,Draft Policy&nbsp;,https://ahca.myflorida.com/content/download/28265/file/59G-4.261%20Private%20Duty%20Nursing%20Services.pdf,pdf,,59G-4.261,Rules in Process,https://ahca.myflorida.com/medicaid/rules/rules-in-process.html,policy_in_process,policy
Florida Medicaid Case Management Services Coverage Policy.pdf,Draft Policy,https://ahca.myflorida.com/content/download/28557/file/Florida%20Medicaid%20Case%20Management%20Services%20Coverage%20Policy.pdf,pdf,,,Rules in Process,https://ahca.myflorida.com/medicaid/rules/rules-in-process.html,policy_in_process,policy
Florida Medicaid Reproductive Services Coverage Policy_ draft.pdf,Draft Policy,https://ahca.myflorida.com/content/download/28693/file/Florida%20Medicaid%20Reproductive%20Services%20Coverage%20Policy_%20draft.pdf,pdf,,,Rules in Process,https://ahca.myflorida.com/medicaid/rules/rules-in-process.html,policy_in_process,policy
Florida_Medicaid_Hearing_Services_Coverage_Policy.pdf,Draft Policy,https://ahca.myflorida.com/file/medicaid/Florida_Medicaid_Hearing_Services_Coverage_Policy.pdf,pdf,,,Rules in Process,https://ahca.myflorida.com/medicaid/rules/rules-in-process.html,policy_in_process,policy
Rulemaking Template Agenda.pdf,Agenda,https://ahca.myflorida.com/content/download/7018/file/Rulemaking%20Template%20Agenda.pdf,pdf,,,Rules in Process,https://ahca.myflorida.com/medicaid/rules/rules-in-process.html,policy_in_process,policy
59G-14.001_KidCare_Disp_and_Griev_Process.pdf,Florida Kidcare Dispute Review and Grievance Process,https://ahca.myflorida.com/content/download/7014/file/59G-14.001_KidCare_Disp_and_Griev_Process.pdf,pdf,,59G-14.001,Adopted Rules – Other Policies,https://ahca.myflorida.com/medicaid/rules/adopted-rules-other-policies.html,policy_other,policy
59G-7.007_Hlth_Ins_Prem_Prgm.pdf,Health Insurance Premium Payment Program,https://ahca.myflorida.com/content/download/7015/file/59G-7.007_Hlth_Ins_Prem_Prgm.pdf,pdf,,59G-7.007,Adopted Rules – Other Policies,https://ahca.myflorida.com/medicaid/rules/adopted-rules-other-policies.html,policy_other,policy
59G-7.0211_Exchange_of_Medical_Data_with_Health_Insurers.pdf,Exchange of Medicaid Data with Health Insurers,https://ahca.myflorida.com/content/download/7016/file/59G-7.0211_Exchange_of_Medical_Data_with_Health_Insurers.pdf,pdf,,59G-7.0211,Adopted Rules – Other Policies,https://ahca.myflorida.com/medicaid/rules/adopted-rules-other-policies.html,policy_other,policy
59G-8.800_Financial_Comp_Audits.pdf,Financial Compliance Audits of Medicaid Prepaid Plans,https://ahca.myflorida.com/content/download/7017/file/59G-8.800_Financial_Comp_Audits.pdf,pdf,,59G-8.800,Adopted Rules – Other Policies,https://ahca.myflorida.com/medicaid/rules/adopted-rules-other-policies.html,policy_other,policy
59G-1.001_Purpose.pdf,Purpose,https://ahca.myflorida.com/content/download/7019/file/59G-1.001_Purpose.pdf,pdf,,59G-1.001,Adopted Rules – Reimbursement Policies,https://ahca.myflorida.com/medicaid/rules/adopted-rules-reimbursement-policies.html,policy_reimbursement,policy
59G-13.080_HCBS_Waivers.pdf,Home and Community-Based Services Waivers,https://ahca.myflorida.com/content/download/7020/file/59G-13.080_HCBS_Waivers.pdf,pdf,,59G-13.080,Adopted Rules – Reimbursement Policies,https://ahca.myflorida.com/medicaid/rules/adopted-rules-reimbursement-policies.html,policy_reimbursement,policy
59G-4.251 Prescribed Drugs Reimbursement Methodology.pdf,Prescribed Drugs Reimbursement Methodology,https://ahca.myflorida.com/file/medicaid/59G-4.251%20Prescribed%20Drugs%20Reimbursement%20Methodology.pdf,pdf,,59G-4.251,Adopted Rules – Reimbursement Policies,https://ahca.myflorida.com/medicaid/rules/adopted-rules-reimbursement-policies.html,policy_reimbursement,policy
59G-5.110_Direct_Reimb.pdf,Direct Reimbursement to Recipients,https://ahca.myflorida.com/content/download/7022/file/59G-5.110_Direct_Reimb.pdf,pdf,,59G-5.110,Adopted Rules – Reimbursement Policies,https://ahca.myflorida.com/medicaid/rules/adopted-rules-reimbursement-policies.html,policy_reimbursement,policy
59G-6.005_Reimb_Med_School_Faculty.pdf,Reimbursement Methodology for Services Provided by Medical School Faculty,https://ahca.myflorida.com/content/download/7023/file/59G-6.005_Reimb_Med_School_Faculty.pdf,pdf,,59G-6.005,Adopted Rules – Reimbursement Policies,https://ahca.myflorida.com/medicaid/rules/adopted-rules-reimbursement-policies.html,policy_reimbursement,policy
59G-6.009.pdf,TEACH,https://ahca.myflorida.com/content/download/27459/file/59G-6.009.pdf,pdf,,59G-6.009,Adopted Rules – Reimbursement Policies,https://ahca.myflorida.com/medicaid/rules/adopted-rules-reimbursement-policies.html,policy_reimbursement,policy
59G-6.010.doc,Payment Methodology for Nursing Home Services,https://ahca.myflorida.com/file/medicaid/59G-6.010.doc,doc,,59G-6.010,Adopted Rules – Reimbursement Policies,https://ahca.myflorida.com/medicaid/rules/adopted-rules-reimbursement-policies.html,policy_reimbursement,policy
59G-6.020_Inpatient_Services_2018.pdf,Payment Methodology for Inpatient Hospital Services,https://ahca.myflorida.com/content/download/7025/file/59G-6.020_Inpatient_Services_2018.pdf,pdf,2018,59G-6.020,Adopted Rules – Reimbursement Policies,https://ahca.myflorida.com/medicaid/rules/adopted-rules-reimbursement-policies.html,policy_reimbursement,policy
59G-6.025_Reimburse_Mthd_Cancer_Hosp.pdf,Reimbursement Methodology for Cancer Hospitals,https://ahca.myflorida.com/content/download/7040/file/59G-6.025_Reimburse_Mthd_Cancer_Hosp.pdf,pdf,,59G-6.025,Adopted Rules – Reimbursement Policies,https://ahca.myflorida.com/medicaid/rules/adopted-rules-reimbursement-policies.html,policy_reimbursement,policy
59G-6.031_EnhancedAmbulatoryPatiemtGroupingReimbursementMethodology.pdf,Enhanced Ambulatory Patient Grouping Reimbursement Methodology for Hospital Outpatient Services and Ambulatory Surgical Centers,https://ahca.myflorida.com/content/download/7026/file/59G-6.031_EnhancedAmbulatoryPatiemtGroupingReimbursementMethodology.pdf,pdf,,59G-6.031,Adopted Rules – Reimbursement Policies,https://ahca.myflorida.com/medicaid/rules/adopted-rules-reimbursement-policies.html,policy_reimbursement,policy
59G-6.040_ICF_MRDD_Publicly_Owned_Operated.pdf,Payment Methodology for ICF/MR-DD Services in Publicly Owned and Publicly Operated Facilities,https://ahca.myflorida.com/content/download/7027/file/59G-6.040_ICF_MRDD_Publicly_Owned_Operated.pdf,pdf,,59G-6.040,Adopted Rules – Reimbursement Policies,https://ahca.myflorida.com/medicaid/rules/adopted-rules-reimbursement-policies.html,policy_reimbursement,policy
59G-6.045_Adopted_RuleText.pdf,Payment Methodology for Services in Facilities Not Publicly Owned and Not Publicly Operated,https://ahca.myflorida.com/content/download/7028/file/59G-6.045_Adopted_RuleText.pdf,pdf,,59G-6.045,Adopted Rules – Reimbursement Policies,https://ahca.myflorida.com/medicaid/rules/adopted-rules-reimbursement-policies.html,policy_reimbursement,policy
59G-6.090_County_Health_Department_Reimbursement.pdf,Payment Methodology for County Health Departments,https://ahca.myflorida.com/content/download/7029/file/59G-6.090_County_Health_Department_Reimbursement.pdf,pdf,,59G-6.090,Adopted Rules – Reimbursement Policies,https://ahca.myflorida.com/medicaid/rules/adopted-rules-reimbursement-policies.html,policy_reimbursement,policy
69G-6.030_Outpatient_Hospital_Reimbursement_Plan.pdf,Payment Methodology for Outpatient Hospital Services,https://ahca.myflorida.com/content/download/7030/file/69G-6.030_Outpatient_Hospital_Reimbursement_Plan.pdf,pdf,,,Adopted Rules – Reimbursement Policies,https://ahca.myflorida.com/medicaid/rules/adopted-rules-reimbursement-policies.html,policy_reimbursement,policy
Developmental Disabilities Individual Budgeting Waiver Services Provider Rate Table.xlsx,Developmental Disabilities Individual Budgeting Waiver Services Provider Rate Table,https://ahca.myflorida.com/file/medicaid/Developmental%20Disabilities%20Individual%20Budgeting%20Waiver%20Services%20Provider%20Rate%20Table.xlsx,xlsx,,,Adopted Rules – Reimbursement Policies,https://ahca.myflorida.com/medicaid/rules/adopted-rules-reimbursement-policies.html,policy_reimbursement,policy
RH_08_080701_CMS-1500_ver1_4.pdf,Medicaid Providers Who Bill on the CMS-1500,https://ahca.myflorida.com/content/download/7031/file/RH_08_080701_CMS-1500_ver1_4.pdf,pdf,,,Adopted Rules – Reimbursement Policies,https://ahca.myflorida.com/medicaid/rules/adopted-rules-reimbursement-policies.html,policy_reimbursement,policy
RH_08_080701_UB-04_ver1_3.pdf,Medicaid Providers Who Bill on the UB-04,https://ahca.myflorida.com/content/download/7032/file/RH_08_080701_UB-04_ver1_3.pdf,pdf,,,Adopted Rules – Reimbursement Policies,https://ahca.myflorida.com/medicaid/rules/adopted-rules-reimbursement-policies.html,policy_reimbursement,policy
5000-0025-Model_Waiver_Physician_Referral_at_Risk_Hospitalization.pdf,Model Waiver Physician Referral for Individuals at Risk of Hospitalization,https://ahca.myflorida.com/content/download/5915/file/5000-0025-Model_Waiver_Physician_Referral_at_Risk_Hospitalization.pdf,pdf,,,Adopted Rules,https://ahca.myflorida.com/medicaid/rules/adopted-rules.html,policy_rule,policy
5000-3511_final.pdf,Authorization For Comprehensive Behavioral Health Assessment,https://ahca.myflorida.com/content/download/6966/file/5000-3511_final.pdf,pdf,,,Adopted Rules,https://ahca.myflorida.com/medicaid/rules/adopted-rules.html,policy_rule,policy
5000-3512_final.pdf,Comprehensive Behavioral Health Assessment Agency and Practitioner Self-Certification,https://ahca.myflorida.com/content/download/6967/file/5000-3512_final.pdf,pdf,,,Adopted Rules,https://ahca.myflorida.com/medicaid/rules/adopted-rules.html,policy_rule,policy
5000-3513_final.pdf,Specialized Therapeutic Foster Care Provider Agency Self-Certification,https://ahca.myflorida.com/content/download/6968/file/5000-3513_final.pdf,pdf,,,Adopted Rules,https://ahca.myflorida.com/medicaid/rules/adopted-rules.html,policy_rule,policy
5000-3514_final.pdf,Authorization for Specialized Therapeutic Foster Care,https://ahca.myflorida.com/content/download/6969/file/5000-3514_final.pdf,pdf,,,Adopted Rules,https://ahca.myflorida.com/medicaid/rules/adopted-rules.html,policy_rule,policy
5000-3515_final.pdf,Authorization for Crisis Intervention,https://ahca.myflorida.com/content/download/6970/file/5000-3515_final.pdf,pdf,,,Adopted Rules,https://ahca.myflorida.com/medicaid/rules/adopted-rules.html,policy_rule,policy
5000-3519_final.pdf,Provider Agency Acknowledgement for Therapeutic Group Care,https://ahca.myflorida.com/content/download/6971/file/5000-3519_final.pdf,pdf,,,Adopted Rules,https://ahca.myflorida.com/medicaid/rules/adopted-rules.html,policy_rule,policy
5000-3521_final.pdf,Authorization for Therapeutic Group Care Services,https://ahca.myflorida.com/content/download/6972/file/5000-3521_final.pdf,pdf,,,Adopted Rules,https://ahca.myflorida.com/medicaid/rules/adopted-rules.html,policy_rule,policy
5000-3522_final_to_ss.pdf,Certification of Eligibility,https://ahca.myflorida.com/content/download/6973/file/5000-3522_final_to_ss.pdf,pdf,,,Adopted Rules,https://ahca.myflorida.com/medicaid/rules/adopted-rules.html,policy_rule,policy
5000-3523_final_to_ss.pdf,Provider Agency Self-Certification,https://ahca.myflorida.com/content/download/6974/file/5000-3523_final_to_ss.pdf,pdf,,,Adopted Rules,https://ahca.myflorida.com/medicaid/rules/adopted-rules.html,policy_rule,policy
Adult_Cystic_Fibrosis_Physician_Referral.pdf,Adults with Cystic Fibrosis Physician Referral for Individuals at Risk for Hospitalization,https://ahca.myflorida.com/content/download/5918/file/Adult_Cystic_Fibrosis_Physician_Referral.pdf,pdf,,,Adopted Rules,https://ahca.myflorida.com/medicaid/rules/adopted-rules.html,policy_rule,policy
AHCA MedServ Form 022 April 2024 Final.pdf,Agency Certification Children's Mental Health Targeted Case Management,https://ahca.myflorida.com/content/download/28714/file/AHCA%20MedServ%20Form%20022%20April%202024%20Final.pdf,pdf,2024,,Adopted Rules,https://ahca.myflorida.com/medicaid/rules/adopted-rules.html,policy_rule,policy
AHCA MedServ Form 023 April 2024 Final.pdf,Agency Certification Adult Mental Health Targeted Case Management,https://ahca.myflorida.com/content/download/28715/file/AHCA%20MedServ%20Form%20023%20April%202024%20Final.pdf,pdf,2024,,Adopted Rules,https://ahca.myflorida.com/medicaid/rules/adopted-rules.html,policy_rule,policy
AHCA MedServ Form 024 April 2024 Final.pdf,Agency Certification Intensive Case Management Team Services Adult Mental Health Targeted Case Management,https://ahca.myflorida.com/content/download/28716/file/AHCA%20MedServ%20Form%20024%20April%202024%20Final.pdf,pdf,2024,,Adopted Rules,https://ahca.myflorida.com/medicaid/rules/adopted-rules.html,policy_rule,policy
AHCA_5240-006_Unborn_Activation_2017.pdf,Unborn Activation Form,https://ahca.myflorida.com/content/download/5916/file/AHCA_5240-006_Unborn_Activation_2017.pdf,pdf,2017,,Adopted Rules,https://ahca.myflorida.com/medicaid/rules/adopted-rules.html,policy_rule,policy
AIDS_Physician_Referral.pdf,Acquired Immune Deficiency Syndrome (AIDS) Physician Referral for Individuals at Risk of Hospitalization,https://ahca.myflorida.com/content/download/5917/file/AIDS_Physician_Referral.pdf,pdf,,,Adopted Rules,https://ahca.myflorida.com/medicaid/rules/adopted-rules.html,policy_rule,policy
Appendix_B_Agency_Cert_Children_MHTCM.pdf,Agency Certification Children’s Mental Health Targeted Case Management,https://ahca.myflorida.com/content/download/6975/file/Appendix_B_Agency_Cert_Children_MHTCM.pdf,pdf,,,Adopted Rules,https://ahca.myflorida.com/medicaid/rules/adopted-rules.html,policy_rule,policy
Appendix_C_Agency_Cert_Adult_MHTCM.pdf,Agency Certification Adult Mental Health Targeted Case Management,https://ahca.myflorida.com/content/download/6976/file/Appendix_C_Agency_Cert_Adult_MHTCM.pdf,pdf,,,Adopted Rules,https://ahca.myflorida.com/medicaid/rules/adopted-rules.html,policy_rule,policy
Appendix_D_Agency_Cert_Intensive_Adult_MHTCM.pdf,Agency Certification Intensive Case Management Team Services Adult Mental Health Targeted Case Management,https://ahca.myflorida.com/content/download/6977/file/Appendix_D_Agency_Cert_Intensive_Adult_MHTCM.pdf,pdf,,,Adopted Rules,https://ahca.myflorida.com/medicaid/rules/adopted-rules.html,policy_rule,policy
Appendix_E_CM_Sup_Cert_Children_MHTCM.pdf,Case Management Supervisor Certification Children’s Mental Health Targeted Case Management,https://ahca.myflorida.com/content/download/6978/file/Appendix_E_CM_Sup_Cert_Children_MHTCM.pdf,pdf,,,Adopted Rules,https://ahca.myflorida.com/medicaid/rules/adopted-rules.html,policy_rule,policy
Appendix_F_CM_Sup_Cert_Adult_MHTCM.pdf,Case Management Supervisor Certification Adult Mental Health Targeted Case Management,https://ahca.myflorida.com/content/download/6979/file/Appendix_F_CM_Sup_Cert_Adult_MHTCM.pdf,pdf,,,Adopted Rules,https://ahca.myflorida.com/medicaid/rules/adopted-rules.html,policy_rule,policy
Appendix_G_CM_Cert_Children_MHTCM.pdf,Case Manager Certification Children’s Mental Health Targeted Case Management,https://ahca.myflorida.com/content/download/6980/file/Appendix_G_CM_Cert_Children_MHTCM.pdf,pdf,,,Adopted Rules,https://ahca.myflorida.com/medicaid/rules/adopted-rules.html,policy_rule,policy
Appendix_H_CM_Cert_Adult_MHTCM.pdf,Case Manager Certification Adult Mental Health Targeted Case Management,https://ahca.myflorida.com/content/download/6981/file/Appendix_H_CM_Cert_Adult_MHTCM.pdf,pdf,,,Adopted Rules,https://ahca.myflorida.com/medicaid/rules/adopted-rules.html,policy_rule,policy
Appendix_I_Children_Cert_MHTCM.pdf,Children’s Certification Children’s Mental Health Targeted Case Management,https://ahca.myflorida.com/content/download/6982/file/Appendix_I_Children_Cert_MHTCM.pdf,pdf,,,Adopted Rules,https://ahca.myflorida.com/medicaid/rules/adopted-rules.html,policy_rule,policy
Appendix_J_Adult_Cert_MHTCM.pdf,Adult Certification Adult Mental Health Targeted Case Management,https://ahca.myflorida.com/content/download/6983/file/Appendix_J_Adult_Cert_MHTCM.pdf,pdf,,,Adopted Rules,https://ahca.myflorida.com/medicaid/rules/adopted-rules.html,policy_rule,policy
Appendix_K_Adult_Cert_Int_CM_Adult_MHTCM.pdf,Adult Certification Intensive Case Management Team Services Adult Mental Health Targeted Case Management,https://ahca.myflorida.com/content/download/6984/file/Appendix_K_Adult_Cert_Int_CM_Adult_MHTCM.pdf,pdf,,,Adopted Rules,https://ahca.myflorida.com/medicaid/rules/adopted-rules.html,policy_rule,policy
Appendix_L_Med_30-day_Cert_MHTCM.pdf,Medicaid 30-Day Certification For Children’s Or Adult Mental Health Targeted Case Management,https://ahca.myflorida.com/content/download/6985/file/Appendix_L_Med_30-day_Cert_MHTCM.pdf,pdf,,,Adopted Rules,https://ahca.myflorida.com/medicaid/rules/adopted-rules.html,policy_rule,policy
consent-for-sterilization-english-2025.pdf,Sterilization Consent Form: English - PDF,https://opa.hhs.gov/sites/default/files/2025-07/consent-for-sterilization-english-2025.pdf,pdf,2025,,Adopted Rules,https://ahca.myflorida.com/medicaid/rules/adopted-rules.html,policy_rule,policy
consent-for-sterilization-spanish-2025.pdf,Sterilization Consent Form: Spanish (Español)&nbsp;- PDF,https://opa.hhs.gov/sites/default/files/2025-07/consent-for-sterilization-spanish-2025.pdf,pdf,2025,,Adopted Rules,https://ahca.myflorida.com/medicaid/rules/adopted-rules.html,policy_rule,policy
Consent-for-Voluntary-Suspension-of-Authorized-Ser.pdf,Agency for Health Care Administration Consent for Voluntary Suspension of Authorized Services for Florida Medicaid State Plan Recipients,https://ahca.myflorida.com/content/download/5919/file/Consent-for-Voluntary-Suspension-of-Authorized-Ser.pdf,pdf,,,Adopted Rules,https://ahca.myflorida.com/medicaid/rules/adopted-rules.html,policy_rule,policy
DME_Wheelchair_Evaluation_ver1.0.pdf,Custom Wheelchair Evaluation,https://ahca.myflorida.com/content/download/6986/file/DME_Wheelchair_Evaluation_ver1.0.pdf,pdf,,,Adopted Rules,https://ahca.myflorida.com/medicaid/rules/adopted-rules.html,policy_rule,policy
EIS_019_Request_Exceed_Medicaid_Limitations.pdf,Early Intervention Services Request To Exceed Medicaid Limitations,https://ahca.myflorida.com/content/download/6987/file/EIS_019_Request_Exceed_Medicaid_Limitations.pdf,pdf,,,Adopted Rules,https://ahca.myflorida.com/medicaid/rules/adopted-rules.html,policy_rule,policy
Medical_Cert_for_Long_Term_Care_5000_3008.pdf,Medical Certification for Medicaid Long-term Care Services and Patient Transfer,https://ahca.myflorida.com/content/download/6989/file/Medical_Cert_for_Long_Term_Care_5000_3008.pdf,pdf,,,Adopted Rules,https://ahca.myflorida.com/medicaid/rules/adopted-rules.html,policy_rule,policy
Medical_Cert_for_Long_Term_Care_5000_3008_June_2016_Instructions.pdf,Medical Certification for Medicaid Long-term Care Services and Patient Transfer Instructions,https://ahca.myflorida.com/content/download/6990/file/Medical_Cert_for_Long_Term_Care_5000_3008_June_2016_Instructions.pdf,pdf,2016,,Adopted Rules,https://ahca.myflorida.com/medicaid/rules/adopted-rules.html,policy_rule,policy
Medicare_Part_C-Medicaid_CMS-1500_Crossover_Invoice.pdf,Medicare Part C-Medicaid CMS-1500 Crossover Invoice,https://ahca.myflorida.com/content/download/6991/file/Medicare_Part_C-Medicaid_CMS-1500_Crossover_Invoice.pdf,pdf,,,Adopted Rules,https://ahca.myflorida.com/medicaid/rules/adopted-rules.html,policy_rule,policy
Medicare_Part_C-Medicaid_UB-04_Crossover_Invoice.pdf,Medicare Part C-Medicaid UB-04 Crossover Invoice,https://ahca.myflorida.com/content/download/6992/file/Medicare_Part_C-Medicaid_UB-04_Crossover_Invoice.pdf,pdf,,,Adopted Rules,https://ahca.myflorida.com/medicaid/rules/adopted-rules.html,policy_rule,policy
PAC_Case_Management_Agency_Transfer_Request.pdf,PAC Case Management Agency Transfer Request,https://ahca.myflorida.com/content/download/6993/file/PAC_Case_Management_Agency_Transfer_Request.pdf,pdf,,,Adopted Rules,https://ahca.myflorida.com/medicaid/rules/adopted-rules.html,policy_rule,policy
PAC_Physician_Referral_and_Request_for_Level_of_Care_Determination.pdf,PAC Physician Referral and Request for Level of Care Determination – CARES Form 67,https://ahca.myflorida.com/content/download/6994/file/PAC_Physician_Referral_and_Request_for_Level_of_Care_Determination.pdf,pdf,,,Adopted Rules,https://ahca.myflorida.com/medicaid/rules/adopted-rules.html,policy_rule,policy
PAC_Service_Authorization_)Form.pdf,PAC Service Authorization Form,https://ahca.myflorida.com/content/download/6995/file/PAC_Service_Authorization_%29Form.pdf,pdf,,,Adopted Rules,https://ahca.myflorida.com/medicaid/rules/adopted-rules.html,policy_rule,policy
PAC_Waiver_Case_Management_and_Comprehensive_Needs_Assessment_Protocol.pdf,PAC Waiver Case Management and Comprehensive Needs Assessment Protocol,https://ahca.myflorida.com/content/download/6996/file/PAC_Waiver_Case_Management_and_Comprehensive_Needs_Assessment_Protocol.pdf,pdf,,,Adopted Rules,https://ahca.myflorida.com/medicaid/rules/adopted-rules.html,policy_rule,policy
PAC_Waiver_Enrollment_Application.pdf,PAC Waiver Enrollment Application,https://ahca.myflorida.com/content/download/6997/file/PAC_Waiver_Enrollment_Application.pdf,pdf,,,Adopted Rules,https://ahca.myflorida.com/medicaid/rules/adopted-rules.html,policy_rule,policy
PAC_Waiver_Level_of_Need_Assessment_Case_Mangement_Tool.pdf,PAC Waiver Level of Need Assessment Case Management Tool,https://ahca.myflorida.com/content/download/6998/file/PAC_Waiver_Level_of_Need_Assessment_Case_Mangement_Tool.pdf,pdf,,,Adopted Rules,https://ahca.myflorida.com/medicaid/rules/adopted-rules.html,policy_rule,policy
PAC_Waiver_Plan_of_Care_Summary.pdf,PAC Waiver Plan of Care Summary,https://ahca.myflorida.com/content/download/6999/file/PAC_Waiver_Plan_of_Care_Summary.pdf,pdf,,,Adopted Rules,https://ahca.myflorida.com/medicaid/rules/adopted-rules.html,policy_rule,policy
Pharmacy_Miscellaneous_Form.pdf,Pharmacy Miscellaneous Form,https://ahca.myflorida.com/content/download/7001/file/Pharmacy_Miscellaneous_Form.pdf,pdf,,,Adopted Rules,https://ahca.myflorida.com/medicaid/rules/adopted-rules.html,policy_rule,policy
PHC_Initial_Care_Management_Assessment.pdf,PHC Initial Care Management Assessment,https://ahca.myflorida.com/content/download/7000/file/PHC_Initial_Care_Management_Assessment.pdf,pdf,,,Adopted Rules,https://ahca.myflorida.com/medicaid/rules/adopted-rules.html,policy_rule,policy
Preadmission_Screen_and_Resident_Review_(PASRR)_Level_I_Form.pdf,Preadmission Screen and Resident Review (PASRR) Level I Form,https://ahca.myflorida.com/content/download/7002/file/Preadmission_Screen_and_Resident_Review_%28PASRR%29_Level_I_Form.pdf,pdf,,,Adopted Rules,https://ahca.myflorida.com/medicaid/rules/adopted-rules.html,policy_rule,policy
Preadmission_Screen_and_Resident_Review_(PASRR)_Resident_Review_Evaluation_Request_Form.pdf,Preadmission Screen and Resident Review (PASRR) Resident Review – Evaluation Request Form,https://ahca.myflorida.com/content/download/7003/file/Preadmission_Screen_and_Resident_Review_%28PASRR%29_Resident_Review_Evaluation_Request_Form.pdf,pdf,,,Adopted Rules,https://ahca.myflorida.com/medicaid/rules/adopted-rules.html,policy_rule,policy
Provider_Inquiry_Form_0302.pdf,Provider Inquiry Form,https://ahca.myflorida.com/content/download/7004/file/Provider_Inquiry_Form_0302.pdf,pdf,,,Adopted Rules,https://ahca.myflorida.com/medicaid/rules/adopted-rules.html,policy_rule,policy
Request_for_Multi-Source_Brand_Drug.pdf,Request for Multi-Source Brand Drug,https://ahca.myflorida.com/content/download/7005/file/Request_for_Multi-Source_Brand_Drug.pdf,pdf,,,Adopted Rules,https://ahca.myflorida.com/medicaid/rules/adopted-rules.html,policy_rule,policy
Request_for_Plan_of_Care_Expenditure_Exception.pdf,Request for Plan of Care Expenditure Exception,https://ahca.myflorida.com/content/download/7006/file/Request_for_Plan_of_Care_Expenditure_Exception.pdf,pdf,,,Adopted Rules,https://ahca.myflorida.com/medicaid/rules/adopted-rules.html,policy_rule,policy
59G- 4.026 Gastrointestinal Services Coverage Policy.dox (1).pdf,Gastrointestinal Services,https://ahca.myflorida.com/content/download/27063/file/59G-%204.026%20Gastrointestinal%20Services%20Coverage%20Policy.dox%20%281%29.pdf,pdf,,,Adopted Rules – Service Specific Policies,https://ahca.myflorida.com/medicaid/rules/adopted-rules-service-specific-policies.html,policy_service_specific,policy
59G-13.070_DD_iBudget_Waiver_Services_2023rev.pdf,Developmental Disabilities Individual Budgeting Waiver Services,https://ahca.myflorida.com/content/download/5933/file/59G-13.070_DD_iBudget_Waiver_Services_2023rev.pdf,pdf,,59G-13.070,Adopted Rules – Service Specific Policies,https://ahca.myflorida.com/medicaid/rules/adopted-rules-service-specific-policies.html,policy_service_specific,policy
59G-13.075_HCBS_Settings.pdf,Home and Community Based Services Settings,https://ahca.myflorida.com/content/download/5934/file/59G-13.075_HCBS_Settings.pdf,pdf,,59G-13.075,Adopted Rules – Service Specific Policies,https://ahca.myflorida.com/medicaid/rules/adopted-rules-service-specific-policies.html,policy_service_specific,policy
59G-13.088.pdf,Consumer-Directed Care Plus Program,https://ahca.myflorida.com/content/download/27081/file/59G-13.088.pdf,pdf,,59G-13.088,Adopted Rules – Service Specific Policies,https://ahca.myflorida.com/medicaid/rules/adopted-rules-service-specific-policies.html,policy_service_specific,policy
59G-4.013_Allergy_Services_Coverage_Policy.pdf,Allergy Services,https://ahca.myflorida.com/content/download/27058/file/59G-4.013_Allergy_Services_Coverage_Policy.pdf,pdf,,59G-4.013,Adopted Rules – Service Specific Policies,https://ahca.myflorida.com/medicaid/rules/adopted-rules-service-specific-policies.html,policy_service_specific,policy
59G-4.015_Emergency_Transportation_Coverage_Policy_Adoption.pdf,Emergency Transportation Services,https://ahca.myflorida.com/content/download/7037/file/59G-4.015_Emergency_Transportation_Coverage_Policy_Adoption.pdf,pdf,,59G-4.015,Adopted Rules – Service Specific Policies,https://ahca.myflorida.com/medicaid/rules/adopted-rules-service-specific-policies.html,policy_service_specific,policy
59G-4.020_Ambulatory_Surgical_Centers.pdf,Ambulatory Surgical Center Services,https://ahca.myflorida.com/content/download/5935/file/59G-4.020_Ambulatory_Surgical_Centers.pdf,pdf,,59G-4.020,Adopted Rules – Service Specific Policies,https://ahca.myflorida.com/medicaid/rules/adopted-rules-service-specific-policies.html,policy_service_specific,policy
59G-4.022 Anesthesia Services Coverage Policy (1).pdf,Anesthesia Services,https://ahca.myflorida.com/content/download/27059/file/59G-4.022%20Anesthesia%20Services%20Coverage%20Policy%20%281%29.pdf,pdf,,59G-4.022,Adopted Rules – Service Specific Policies,https://ahca.myflorida.com/medicaid/rules/adopted-rules-service-specific-policies.html,policy_service_specific,policy
59G-4.025_Assistive_Care_Services.pdf,Assistive Care Services,https://ahca.myflorida.com/content/download/5936/file/59G-4.025_Assistive_Care_Services.pdf,pdf,,59G-4.025,Adopted Rules – Service Specific Policies,https://ahca.myflorida.com/medicaid/rules/adopted-rules-service-specific-policies.html,policy_service_specific,policy
59G-4.027 Behavioral Health Overlay Services Coverage and Limitations Handbook_Adoption.pdf,Behavioral Health Overlay Services,https://ahca.myflorida.com/content/download/27060/file/59G-4.027%20Behavioral%20Health%20Overlay%20Services%20Coverage%20and%20Limitations%20Handbook_Adoption.pdf,pdf,,59G-4.027,Adopted Rules – Service Specific Policies,https://ahca.myflorida.com/medicaid/rules/adopted-rules-service-specific-policies.html,policy_service_specific,policy
59G-4.028.pdf,Behavioral Health Assessment Services,https://ahca.myflorida.com/content/download/5937/file/59G-4.028.pdf,pdf,,59G-4.028,Adopted Rules – Service Specific Policies,https://ahca.myflorida.com/medicaid/rules/adopted-rules-service-specific-policies.html,policy_service_specific,policy
59G-4.029.pdf,Behavioral Health Medication Management Services,https://ahca.myflorida.com/content/download/5938/file/59G-4.029.pdf,pdf,,59G-4.029,Adopted Rules – Service Specific Policies,https://ahca.myflorida.com/medicaid/rules/adopted-rules-service-specific-policies.html,policy_service_specific,policy
59G-4.030 Reproductive Services Coverage Policy (1).pdf,Reproductive Services,https://ahca.myflorida.com/content/download/27073/file/59G-4.030%20Reproductive%20Services%20Coverage%20Policy%20%281%29.pdf,pdf,,59G-4.030,Adopted Rules – Service Specific Policies,https://ahca.myflorida.com/medicaid/rules/adopted-rules-service-specific-policies.html,policy_service_specific,policy
59G-4.031.pdf,Behavioral Health Community Support Services,https://ahca.myflorida.com/content/download/5939/file/59G-4.031.pdf,pdf,,59G-4.031,Adopted Rules – Service Specific Policies,https://ahca.myflorida.com/medicaid/rules/adopted-rules-service-specific-policies.html,policy_service_specific,policy
59G-4.032 Integumentary Services Coverage Policy (1).pdf,Integumentary Services,https://ahca.myflorida.com/content/download/27066/file/59G-4.032%20Integumentary%20Services%20Coverage%20Policy%20%281%29.pdf,pdf,,59G-4.032,Adopted Rules – Service Specific Policies,https://ahca.myflorida.com/medicaid/rules/adopted-rules-service-specific-policies.html,policy_service_specific,policy
59G-4.033 Cardiovascular Services Coverage Policy (1).pdf,Cardiovascular Services,https://ahca.myflorida.com/content/download/27061/file/59G-4.033%20Cardiovascular%20Services%20Coverage%20Policy%20%281%29.pdf,pdf,,59G-4.033,Adopted Rules – Service Specific Policies,https://ahca.myflorida.com/medicaid/rules/adopted-rules-service-specific-policies.html,policy_service_specific,policy
59G-4.040_ChiropracticServices.pdf,Chiropractic Services,https://ahca.myflorida.com/content/download/5940/file/59G-4.040_ChiropracticServices.pdf,pdf,,59G-4.040,Adopted Rules – Service Specific Policies,https://ahca.myflorida.com/medicaid/rules/adopted-rules-service-specific-policies.html,policy_service_specific,policy
59G-4.052.pdf,Behavioral Health Therapy Services,https://ahca.myflorida.com/content/download/5942/file/59G-4.052.pdf,pdf,,59G-4.052,Adopted Rules – Service Specific Policies,https://ahca.myflorida.com/medicaid/rules/adopted-rules-service-specific-policies.html,policy_service_specific,policy
59G-4.055_CHD_Clinic.pdf,County Health Department Clinic,https://ahca.myflorida.com/content/download/5943/file/59G-4.055_CHD_Clinic.pdf,pdf,,59G-4.055,Adopted Rules – Service Specific Policies,https://ahca.myflorida.com/medicaid/rules/adopted-rules-service-specific-policies.html,policy_service_specific,policy
59G-4.058_CHD_CertifiedMatchProgram.pdf,Medicaid County Health Department Certified Match Program,https://ahca.myflorida.com/content/download/5944/file/59G-4.058_CHD_CertifiedMatchProgram.pdf,pdf,,59G-4.058,Adopted Rules – Service Specific Policies,https://ahca.myflorida.com/medicaid/rules/adopted-rules-service-specific-policies.html,policy_service_specific,policy
59G-4.060_Dental_Coverage_Policy.pdf,Dental Services,https://ahca.myflorida.com/content/download/5945/file/59G-4.060_Dental_Coverage_Policy.pdf,pdf,,59G-4.060,Adopted Rules – Service Specific Policies,https://ahca.myflorida.com/medicaid/rules/adopted-rules-service-specific-policies.html,policy_service_specific,policy
59G-4.072 Durable Medical  Equipment and Medical Supply Services Specialized.pdf,Durable Medical Equipment and Medical Supply Services: Specialized,https://ahca.myflorida.com/content/download/23763/file/59G-4.072%20Durable%20Medical%20%20Equipment%20and%20Medical%20Supply%20Services%20Specialized.pdf,pdf,,59G-4.072,Adopted Rules – Service Specific Policies,https://ahca.myflorida.com/medicaid/rules/adopted-rules-service-specific-policies.html,policy_service_specific,policy
59G-4.073 Durable Medical Equipment and Medical Supply Services Orthotic and Prosthetic.pdf,Durable Medical Equipment and Medical Supply Services: Orthotic and Prosthetic,https://ahca.myflorida.com/content/download/23764/file/59G-4.073%20Durable%20Medical%20Equipment%20and%20Medical%20Supply%20Services%20Orthotic%20and%20Prosthetic.pdf,pdf,,59G-4.073,Adopted Rules – Service Specific Policies,https://ahca.myflorida.com/medicaid/rules/adopted-rules-service-specific-policies.html,policy_service_specific,policy
59G-4.074 Durable Medical Equipment and Medical Supply Services Respiratory.pdf,Durable Medical Equipment and Medical Supply Services: Respiratory,https://ahca.myflorida.com/content/download/23765/file/59G-4.074%20Durable%20Medical%20Equipment%20and%20Medical%20Supply%20Services%20Respiratory.pdf,pdf,,59G-4.074,Adopted Rules – Service Specific Policies,https://ahca.myflorida.com/medicaid/rules/adopted-rules-service-specific-policies.html,policy_service_specific,policy
59G-4.075 Durable Medical Equipment and Medical Supply Services Wheelchairs Hospital Beds and Ambulatory Aids.pdf,"Durable Medical Equipment and Medical Supply Services: Wheelchairs, Hospital Beds, and Ambulatory Aids",https://ahca.myflorida.com/content/download/23766/file/59G-4.075%20Durable%20Medical%20Equipment%20and%20Medical%20Supply%20Services%20Wheelchairs%20Hospital%20Beds%20and%20Ambulatory%20Aids.pdf,pdf,,59G-4.075,Adopted Rules – Service Specific Policies,https://ahca.myflorida.com/medicaid/rules/adopted-rules-service-specific-policies.html,policy_service_specific,policy
59G-4.076 Durable Medical Equipment and Medical Supply Services Coverage Policy Continence Ostomy and Wound Care.pdf,"Durable Medical Equipment and Medical Supply Services: Continence, Ostomy, and Wound Care",https://ahca.myflorida.com/content/download/23767/file/59G-4.076%20Durable%20Medical%20Equipment%20and%20Medical%20Supply%20Services%20Coverage%20Policy%20Continence%20Ostomy%20and%20Wound%20Care.pdf,pdf,,59G-4.076,Adopted Rules – Service Specific Policies,https://ahca.myflorida.com/medicaid/rules/adopted-rules-service-specific-policies.html,policy_service_specific,policy
59G-4.077 Durable Medical Equipment and Supply Services Coverage Policy Enteral and Parenteral Nutrition.pdf,Durable Medical Equipment and Medical Supply Services: Enteral and Parenteral Nutrition,https://ahca.myflorida.com/content/download/23768/file/59G-4.077%20Durable%20Medical%20Equipment%20and%20Supply%20Services%20Coverage%20Policy%20Enteral%20and%20Parenteral%20Nutrition.pdf,pdf,,59G-4.077,Adopted Rules – Service Specific Policies,https://ahca.myflorida.com/medicaid/rules/adopted-rules-service-specific-policies.html,policy_service_specific,policy
59G-4.085_EIS_Coverage_Policy_9.22.2023.pdf,Early Intervention Services,https://ahca.myflorida.com/content/download/5946/file/59G-4.085_EIS_Coverage_Policy_9.22.2023.pdf,pdf,2023,59G-4.085,Adopted Rules – Service Specific Policies,https://ahca.myflorida.com/medicaid/rules/adopted-rules-service-specific-policies.html,policy_service_specific,policy
59G-4.087 Evaluation and Management and Child Health Check Policy (1).pdf,Evaluation and Management Services,https://ahca.myflorida.com/content/download/27062/file/59G-4.087%20Evaluation%20and%20Management%20and%20Child%20Health%20Check%20Policy%20%281%29.pdf,pdf,,59G-4.087,Adopted Rules – Service Specific Policies,https://ahca.myflorida.com/medicaid/rules/adopted-rules-service-specific-policies.html,policy_service_specific,policy
59G-4.100_FQHCs.pdf,Federally Qualified Health Center,https://ahca.myflorida.com/content/download/5947/file/59G-4.100_FQHCs.pdf,pdf,,59G-4.100,Adopted Rules – Service Specific Policies,https://ahca.myflorida.com/medicaid/rules/adopted-rules-service-specific-policies.html,policy_service_specific,policy
59G-4.108 Genitourinary Services Coverage Policy (1).pdf,Genitourinary Services,https://ahca.myflorida.com/content/download/27064/file/59G-4.108%20Genitourinary%20Services%20Coverage%20Policy%20%281%29.pdf,pdf,,59G-4.108,Adopted Rules – Service Specific Policies,https://ahca.myflorida.com/medicaid/rules/adopted-rules-service-specific-policies.html,policy_service_specific,policy
59G-4.110 Hearing Services Coverage Policy (1).pdf,Hearing Services,https://ahca.myflorida.com/content/download/27065/file/59G-4.110%20Hearing%20Services%20Coverage%20Policy%20%281%29.pdf,pdf,,59G-4.110,Adopted Rules – Service Specific Policies,https://ahca.myflorida.com/medicaid/rules/adopted-rules-service-specific-policies.html,policy_service_specific,policy
59G-4.120 SIPP_Coverage_Policy_Adoption1 (1).pdf,Statewide Inpatient Psychiatric Program,https://ahca.myflorida.com/content/download/27074/file/59G-4.120%20SIPP_Coverage_Policy_Adoption1%20%281%29.pdf,pdf,,59G-4.120,Adopted Rules – Service Specific Policies,https://ahca.myflorida.com/medicaid/rules/adopted-rules-service-specific-policies.html,policy_service_specific,policy
59G-4.127 Florida Assertive Community Treatment Services_December 2023.pdf,Florida Assertive Community Treatment Services,https://ahca.myflorida.com/content/download/23793/file/59G-4.127%20Florida%20Assertive%20Community%20Treatment%20Services_December%202023.pdf,pdf,2023,59G-4.127,Adopted Rules – Service Specific Policies,https://ahca.myflorida.com/medicaid/rules/adopted-rules-service-specific-policies.html,policy_service_specific,policy
59G-4.130 Home Health Visit Services Coverage Policy_FINAL.pdf,Home Health Services,https://ahca.myflorida.com/content/download/7034/file/59G-4.130%20Home%20Health%20Visit%20Services%20Coverage%20Policy_FINAL.pdf,pdf,,59G-4.130,Adopted Rules – Service Specific Policies,https://ahca.myflorida.com/medicaid/rules/adopted-rules-service-specific-policies.html,policy_service_specific,policy
59G-4.140_Hospice_Coverage_Policy.pdf,Hospice Services,https://ahca.myflorida.com/content/download/5949/file/59G-4.140_Hospice_Coverage_Policy.pdf,pdf,,59G-4.140,Adopted Rules – Service Specific Policies,https://ahca.myflorida.com/medicaid/rules/adopted-rules-service-specific-policies.html,policy_service_specific,policy
59G-4.150 Inpatient Hospital Services Coverage Policy Final.pdf,Inpatient Hospital Services,https://ahca.myflorida.com/content/download/26471/file/59G-4.150%20Inpatient%20Hospital%20Services%20Coverage%20Policy%20Final.pdf,pdf,,59G-4.150,Adopted Rules – Service Specific Policies,https://ahca.myflorida.com/medicaid/rules/adopted-rules-service-specific-policies.html,policy_service_specific,policy
59G-4.160_Outpatient_Coverage_Policy_2019.pdf,Outpatient Hospital Services,https://ahca.myflorida.com/content/download/5950/file/59G-4.160_Outpatient_Coverage_Policy_2019.pdf,pdf,2019,59G-4.160,Adopted Rules – Service Specific Policies,https://ahca.myflorida.com/medicaid/rules/adopted-rules-service-specific-policies.html,policy_service_specific,policy
59G-4.170_ICF_Coverage_Policy_2022_Final.pdf,Intermediate Care Facility for Individuals with Intellectual Disabilities Services,https://ahca.myflorida.com/content/download/20781/file/59G-4.170_ICF_Coverage_Policy_2022_Final.pdf,pdf,2022,59G-4.170,Adopted Rules – Service Specific Policies,https://ahca.myflorida.com/medicaid/rules/adopted-rules-service-specific-policies.html,policy_service_specific,policy
59G-4.180_ICS.pdf,Intermediate Care Services,https://ahca.myflorida.com/content/download/5951/file/59G-4.180_ICS.pdf,pdf,,59G-4.180,Adopted Rules – Service Specific Policies,https://ahca.myflorida.com/medicaid/rules/adopted-rules-service-specific-policies.html,policy_service_specific,policy
59G-4.192_LTC_Program_Policy.pdf,Statewide Medicaid Managed Care Long-term Care Program,https://ahca.myflorida.com/content/download/5952/file/59G-4.192_LTC_Program_Policy.pdf,pdf,,59G-4.192,Adopted Rules – Service Specific Policies,https://ahca.myflorida.com/medicaid/rules/adopted-rules-service-specific-policies.html,policy_service_specific,policy
59G-4.193_SMMC-LTC-Waiver_Prioritization_Enrollment.pdf,Statewide Medicaid Managed Care Long-term Care Waiver Program Prioritization and Enrollment,https://ahca.myflorida.com/content/download/5953/file/59G-4.193_SMMC-LTC-Waiver_Prioritization_Enrollment.pdf,pdf,,59G-4.193,Adopted Rules – Service Specific Policies,https://ahca.myflorida.com/medicaid/rules/adopted-rules-service-specific-policies.html,policy_service_specific,policy
59G-4.197_MFC_Coverage_Policy.pdf,Medical Foster Care,https://ahca.myflorida.com/content/download/5954/file/59G-4.197_MFC_Coverage_Policy.pdf,pdf,,59G-4.197,Adopted Rules – Service Specific Policies,https://ahca.myflorida.com/medicaid/rules/adopted-rules-service-specific-policies.html,policy_service_specific,policy
59G-4.200.pdf,Nursing Facility Services,https://ahca.myflorida.com/content/download/27067/file/59G-4.200.pdf,pdf,,59G-4.200,Adopted Rules – Service Specific Policies,https://ahca.myflorida.com/medicaid/rules/adopted-rules-service-specific-policies.html,policy_service_specific,policy
59G-4.201_Neurology_Services.pdf,Neurology Services,https://ahca.myflorida.com/content/download/5955/file/59G-4.201_Neurology_Services.pdf,pdf,,59G-4.201,Adopted Rules – Service Specific Policies,https://ahca.myflorida.com/medicaid/rules/adopted-rules-service-specific-policies.html,policy_service_specific,policy
59G-4.207 OMF_Surgery_Services_Coverage_Policy -Adoption (1).pdf,Oral and Maxillofacial Services,https://ahca.myflorida.com/content/download/27069/file/59G-4.207%20OMF_Surgery_Services_Coverage_Policy%20-Adoption%20%281%29.pdf,pdf,,59G-4.207,Adopted Rules – Service Specific Policies,https://ahca.myflorida.com/medicaid/rules/adopted-rules-service-specific-policies.html,policy_service_specific,policy
59G-4.210 Visual Care Services Coverage Policy (1).pdf,Visual Care Services,https://ahca.myflorida.com/content/download/27077/file/59G-4.210%20Visual%20Care%20Services%20Coverage%20Policy%20%281%29.pdf,pdf,,59G-4.210,Adopted Rules – Service Specific Policies,https://ahca.myflorida.com/medicaid/rules/adopted-rules-service-specific-policies.html,policy_service_specific,policy
59G-4.211 Orthopedic Services Coverage Policy (1).pdf,Orthopedic Services,https://ahca.myflorida.com/content/download/27070/file/59G-4.211%20Orthopedic%20Services%20Coverage%20Policy%20%281%29.pdf,pdf,,59G-4.211,Adopted Rules – Service Specific Policies,https://ahca.myflorida.com/medicaid/rules/adopted-rules-service-specific-policies.html,policy_service_specific,policy
59G-4.215 Personal Care Services Coverage Policy_Final_10.8.24.pdf,Personal Care Services,https://ahca.myflorida.com/content/download/25561/file/59G-4.215%20Personal%20Care%20Services%20Coverage%20Policy_Final_10.8.24.pdf,pdf,,59G-4.215,Adopted Rules – Service Specific Policies,https://ahca.myflorida.com/medicaid/rules/adopted-rules-service-specific-policies.html,policy_service_specific,policy
59G-4.220 Podiatry Coverage Policy (1).pdf,Podiatry Services,https://ahca.myflorida.com/content/download/27072/file/59G-4.220%20Podiatry%20Coverage%20Policy%20%281%29.pdf,pdf,,59G-4.220,Adopted Rules – Service Specific Policies,https://ahca.myflorida.com/medicaid/rules/adopted-rules-service-specific-policies.html,policy_service_specific,policy
59G-4.222 Pain_Management_Services_Coverage_Policy (1).pdf,Pain Management Services,https://ahca.myflorida.com/content/download/27071/file/59G-4.222%20Pain_Management_Services_Coverage_Policy%20%281%29.pdf,pdf,,59G-4.222,Adopted Rules – Service Specific Policies,https://ahca.myflorida.com/medicaid/rules/adopted-rules-service-specific-policies.html,policy_service_specific,policy
59G-4.235 Respiratory Therapy Services.pdf,Respiratory System Services,https://ahca.myflorida.com/content/download/27088/file/59G-4.235%20Respiratory%20Therapy%20Services.pdf,pdf,,59G-4.235,Adopted Rules – Service Specific Policies,https://ahca.myflorida.com/medicaid/rules/adopted-rules-service-specific-policies.html,policy_service_specific,policy
59G-4.240_Radiology_and_Nuclear_Medicine_Coverage_Policy_2019.pdf,Radiology and Nuclear Medicine Services,https://ahca.myflorida.com/content/download/5956/file/59G-4.240_Radiology_and_Nuclear_Medicine_Coverage_Policy_2019.pdf,pdf,2019,59G-4.240,Adopted Rules – Service Specific Policies,https://ahca.myflorida.com/medicaid/rules/adopted-rules-service-specific-policies.html,policy_service_specific,policy
59G-4.250_Prescribed_Drug_Coverage_Policy.pdf,Prescribed Drug Services,https://ahca.myflorida.com/content/download/5957/file/59G-4.250_Prescribed_Drug_Coverage_Policy.pdf,pdf,,59G-4.250,Adopted Rules – Service Specific Policies,https://ahca.myflorida.com/medicaid/rules/adopted-rules-service-specific-policies.html,policy_service_specific,policy
59G-4.252 Diabetic Supply Services Coverage Policy_FINAL.pdf,Diabetic Supply Services,https://ahca.myflorida.com/content/download/25105/file/59G-4.252%20Diabetic%20Supply%20Services%20Coverage%20Policy_FINAL.pdf,pdf,,59G-4.252,Adopted Rules – Service Specific Policies,https://ahca.myflorida.com/medicaid/rules/adopted-rules-service-specific-policies.html,policy_service_specific,policy
59G-4.255_Prescrip_Drug_Denials.pdf,Prescription Drug Coverage Denials,https://ahca.myflorida.com/content/download/5958/file/59G-4.255_Prescrip_Drug_Denials.pdf,pdf,,59G-4.255,Adopted Rules – Service Specific Policies,https://ahca.myflorida.com/medicaid/rules/adopted-rules-service-specific-policies.html,policy_service_specific,policy
59G-4.260_PPEC.pdf,Prescribed Pediatric Extended Care Services,https://ahca.myflorida.com/content/download/5959/file/59G-4.260_PPEC.pdf,pdf,,59G-4.260,Adopted Rules – Service Specific Policies,https://ahca.myflorida.com/medicaid/rules/adopted-rules-service-specific-policies.html,policy_service_specific,policy
59G-4.264_RPICC_Services.pdf,Regional Perinatal Intensive Care Center Services,https://ahca.myflorida.com/content/download/5960/file/59G-4.264_RPICC_Services.pdf,pdf,,59G-4.264,Adopted Rules – Service Specific Policies,https://ahca.myflorida.com/medicaid/rules/adopted-rules-service-specific-policies.html,policy_service_specific,policy
59G-4.266_Qual_Eval_Network.pdf,Qualified Evaluator Network,https://ahca.myflorida.com/content/download/5961/file/59G-4.266_Qual_Eval_Network.pdf,pdf,,59G-4.266,Adopted Rules – Service Specific Policies,https://ahca.myflorida.com/medicaid/rules/adopted-rules-service-specific-policies.html,policy_service_specific,policy
59G-4.280_RHCs.pdf,Rural Health Clinic,https://ahca.myflorida.com/content/download/5962/file/59G-4.280_RHCs.pdf,pdf,,59G-4.280,Adopted Rules – Service Specific Policies,https://ahca.myflorida.com/medicaid/rules/adopted-rules-service-specific-policies.html,policy_service_specific,policy
59G-4.290_Skilled_Services.pdf,Skilled Services,https://ahca.myflorida.com/content/download/5963/file/59G-4.290_Skilled_Services.pdf,pdf,,59G-4.290,Adopted Rules – Service Specific Policies,https://ahca.myflorida.com/medicaid/rules/adopted-rules-service-specific-policies.html,policy_service_specific,policy
59G-4.295_Therapeutic_Group_Care_Services.pdf,Therapeutic Group Care Services,https://ahca.myflorida.com/content/download/5965/file/59G-4.295_Therapeutic_Group_Care_Services.pdf,pdf,,59G-4.295,Adopted Rules – Service Specific Policies,https://ahca.myflorida.com/medicaid/rules/adopted-rules-service-specific-policies.html,policy_service_specific,policy
59G-4.300_State_Health_Plan.pdf,State Mental Health,https://ahca.myflorida.com/content/download/5966/file/59G-4.300_State_Health_Plan.pdf,pdf,,59G-4.300,Adopted Rules – Service Specific Policies,https://ahca.myflorida.com/medicaid/rules/adopted-rules-service-specific-policies.html,policy_service_specific,policy
59G-4.310 TCM for Children at Risk of Abuse and Neglect_Adoption.pdf,Targeted Case Management for Children at Risk of Abuse and Neglect,https://ahca.myflorida.com/content/download/27075/file/59G-4.310%20TCM%20for%20Children%20at%20Risk%20of%20Abuse%20and%20Neglect_Adoption.pdf,pdf,,59G-4.310,Adopted Rules – Service Specific Policies,https://ahca.myflorida.com/medicaid/rules/adopted-rules-service-specific-policies.html,policy_service_specific,policy
59G-4.330.pdf,Non-Emergency Transportation Services,https://ahca.myflorida.com/content/download/5967/file/59G-4.330.pdf,pdf,,59G-4.330,Adopted Rules – Service Specific Policies,https://ahca.myflorida.com/medicaid/rules/adopted-rules-service-specific-policies.html,policy_service_specific,policy
59G-4.360_Transplant_Coverage_Policy.pdf,Transplant Services,https://ahca.myflorida.com/content/download/7039/file/59G-4.360_Transplant_Coverage_Policy.pdf,pdf,,59G-4.360,Adopted Rules – Service Specific Policies,https://ahca.myflorida.com/medicaid/rules/adopted-rules-service-specific-policies.html,policy_service_specific,policy
59G-4.370.pdf,Behavioral Health Intervention Services,https://ahca.myflorida.com/content/download/5968/file/59G-4.370.pdf,pdf,,59G-4.370,Adopted Rules – Service Specific Policies,https://ahca.myflorida.com/medicaid/rules/adopted-rules-service-specific-policies.html,policy_service_specific,policy
59G-8.700 CHS Targeted Case Management Coverage and Limitations Handbook_June 2012 (2).pdf,Child Health Services Targeted Case Management,https://ahca.myflorida.com/content/download/27080/file/59G-8.700%20CHS%20Targeted%20Case%20Management%20Coverage%20and%20Limitations%20Handbook_June%202012%20%282%29.pdf,pdf,2012,59G-8.700,Adopted Rules – Service Specific Policies,https://ahca.myflorida.com/medicaid/rules/adopted-rules-service-specific-policies.html,policy_service_specific,policy
59G_4-132_RT.pdf,Home Health Electronic Visit Verification Program,https://ahca.myflorida.com/content/download/7041/file/59G_4-132_RT.pdf,pdf,,,Adopted Rules – Service Specific Policies,https://ahca.myflorida.com/medicaid/rules/adopted-rules-service-specific-policies.html,policy_service_specific,policy
59G_4-318_Occupational_Therapy_Services.pdf,Occupational Therapy Services,https://ahca.myflorida.com/content/download/7042/file/59G_4-318_Occupational_Therapy_Services.pdf,pdf,,,Adopted Rules – Service Specific Policies,https://ahca.myflorida.com/medicaid/rules/adopted-rules-service-specific-policies.html,policy_service_specific,policy
59G_4-320_Physical_Therapy_Services.pdf,Physical Therapy Services,https://ahca.myflorida.com/content/download/7043/file/59G_4-320_Physical_Therapy_Services.pdf,pdf,,,Adopted Rules – Service Specific Policies,https://ahca.myflorida.com/medicaid/rules/adopted-rules-service-specific-policies.html,policy_service_specific,policy
59G_4-322_Respiratory_Therapy_Services.pdf,Respiratory Therapy Services,https://ahca.myflorida.com/content/download/5970/file/59G_4-322_Respiratory_Therapy_Services.pdf,pdf,,,Adopted Rules – Service Specific Policies,https://ahca.myflorida.com/medicaid/rules/adopted-rules-service-specific-policies.html,policy_service_specific,policy
59G_4-324_Speech_Language_Therapy_Services.pdf,Speech-Language Pathology Services,https://ahca.myflorida.com/content/download/7044/file/59G_4-324_Speech_Language_Therapy_Services.pdf,pdf,,,Adopted Rules – Service Specific Policies,https://ahca.myflorida.com/medicaid/rules/adopted-rules-service-specific-policies.html,policy_service_specific,policy
59G_8.600_Final_Rule_Text_2_15_21.pdf,Disenrollment from Managed Care Plans,https://ahca.myflorida.com/content/download/5932/file/59G_8.600_Final_Rule_Text_2_15_21.pdf,pdf,,,Adopted Rules – Service Specific Policies,https://ahca.myflorida.com/medicaid/rules/adopted-rules-service-specific-policies.html,policy_service_specific,policy
Certified_School_MatchHB.pdf,Medicaid Certified School Match Program,https://ahca.myflorida.com/content/download/7047/file/Certified_School_MatchHB.pdf,pdf,,,Adopted Rules – Service Specific Policies,https://ahca.myflorida.com/medicaid/rules/adopted-rules-service-specific-policies.html,policy_service_specific,policy
CL_07_070601_MH_Case_Mgmt_ver2_2.pdf,Mental Health Targeted Case Management,https://ahca.myflorida.com/content/download/7045/file/CL_07_070601_MH_Case_Mgmt_ver2_2.pdf,pdf,,,Adopted Rules – Service Specific Policies,https://ahca.myflorida.com/medicaid/rules/adopted-rules-service-specific-policies.html,policy_service_specific,policy
Developmental Disabilities Individual Budgeting Waiver Services Provider Rate Table October 1 2025.pdf,Developmental Disabilities Individual Budgeting Waiver Services Provider Rate Table,https://ahca.myflorida.com/content/download/28707/file/Developmental%20Disabilities%20Individual%20Budgeting%20Waiver%20Services%20Provider%20Rate%20Table%20October%201%202025.pdf,pdf,"October 1, 2025",,Adopted Rules – Service Specific Policies,https://ahca.myflorida.com/medicaid/rules/adopted-rules-service-specific-policies.html,policy_service_specific,policy
Florida Medicaid Behavior Analysis Services Coverage Policy.pdf,Behavior Analysis Services,https://ahca.myflorida.com/content/download/25728/file/Florida%20Medicaid%20Behavior%20Analysis%20Services%20Coverage%20Policy.pdf,pdf,,,Adopted Rules – Service Specific Policies,https://ahca.myflorida.com/medicaid/rules/adopted-rules-service-specific-policies.html,policy_service_specific,policy
Florida Medicaid Dialysis Services Coverage Policy.pdf,Dialysis Services,https://ahca.myflorida.com/content/download/26881/file/Florida%20Medicaid%20Dialysis%20Services%20Coverage%20Policy.pdf,pdf,,,Adopted Rules – Service Specific Policies,https://ahca.myflorida.com/medicaid/rules/adopted-rules-service-specific-policies.html,policy_service_specific,policy
Florida Medicaid Laboratory Services Coverage Policy.pdf,Laboratory Services,https://ahca.myflorida.com/content/download/24380/file/Florida%20Medicaid%20Laboratory%20Services%20Coverage%20Policy.pdf,pdf,,,Adopted Rules – Service Specific Policies,https://ahca.myflorida.com/medicaid/rules/adopted-rules-service-specific-policies.html,policy_service_specific,policy
Florida Medicaid Qualified Residential Treatment Progam Services Coverage Policy May 2025.pdf,Qualified Residential Treatment Program Services,https://ahca.myflorida.com/content/download/26699/file/Florida%20Medicaid%20Qualified%20Residential%20Treatment%20Progam%20Services%20Coverage%20Policy%20May%202025.pdf,pdf,2025,,Adopted Rules – Service Specific Policies,https://ahca.myflorida.com/medicaid/rules/adopted-rules-service-specific-policies.html,policy_service_specific,policy
Private_Duty_Nursing_Services_February2026.pdf,Private Duty Nursing and Family Home Health Aide Services,https://ahca.myflorida.com//file/medicaid/Private_Duty_Nursing_Services_February2026.pdf,pdf,,,Adopted Rules – Service Specific Policies,https://ahca.myflorida.com/medicaid/rules/adopted-rules-service-specific-policies.html,policy_service_specific,policy
Specialized Therapeutic Services Coverage and Limitations Handbook_ from tb on 5.21.25.pdf,Specialized Therapeutic Services Coverage and Limitations Handbook,https://ahca.myflorida.com/content/download/26529/file/Specialized%20Therapeutic%20Services%20Coverage%20and%20Limitations%20Handbook_%20from%20tb%20on%205.21.25.pdf,pdf,,,Adopted Rules – Service Specific Policies,https://ahca.myflorida.com/medicaid/rules/adopted-rules-service-specific-policies.html,policy_service_specific,policy
Dental Final Base Rates RY 23-24 - Publish to Website.pdf,2023/2024 Dental Capitation Rates (October 2023 - September 2024),https://ahca.myflorida.com/content/download/23774/file/Dental%20Final%20Base%20Rates%20RY%2023-24%20-%20Publish%20to%20Website.pdf,pdf,2023,,Medicaid Actuarial Services,https://ahca.myflorida.com/medicaid/medicaid-finance-and-analytics/medicaid-data-analytics/medicaid-actuarial-services.html,actuarial,rates
Dental Final Base Rates RY 24-25 Post Update.pdf,"2024/2025 Dental Post-Implementation Capitation Rates (February 1, 2025 – September 30, 2025)",https://ahca.myflorida.com/content/download/26109/file/Dental%20Final%20Base%20Rates%20RY%2024-25%20Post%20Update.pdf,pdf,"February 1, 2025",,Medicaid Actuarial Services,https://ahca.myflorida.com/medicaid/medicaid-finance-and-analytics/medicaid-data-analytics/medicaid-actuarial-services.html,actuarial,rates
Dental_Capitation_Rates_SMMC_Implementation_2019-09.pdf,2018/2019 Dental Capitation Rates (SMMC Implementation - September 2019),https://ahca.myflorida.com/content/download/10051/file/Dental_Capitation_Rates_SMMC_Implementation_2019-09.pdf,pdf,2019,,Medicaid Actuarial Services,https://ahca.myflorida.com/medicaid/medicaid-finance-and-analytics/medicaid-data-analytics/medicaid-actuarial-services.html,actuarial,rates
Dental_Final_Base_Rates_RY19-20.pdf,2019/2020 Dental Capitation Rates (October 2019 – September 2020),https://ahca.myflorida.com/content/download/10052/file/Dental_Final_Base_Rates_RY19-20.pdf,pdf,2019,,Medicaid Actuarial Services,https://ahca.myflorida.com/medicaid/medicaid-finance-and-analytics/medicaid-data-analytics/medicaid-actuarial-services.html,actuarial,rates
Dental_Final_Base_Rates_RY20-21.pdf,2020/2021 Dental Capitation Rates (October 2020 - September 2021),https://ahca.myflorida.com/content/download/10053/file/Dental_Final_Base_Rates_RY20-21.pdf,pdf,2020,,Medicaid Actuarial Services,https://ahca.myflorida.com/medicaid/medicaid-finance-and-analytics/medicaid-data-analytics/medicaid-actuarial-services.html,actuarial,rates
Dental_Final_Base_Rates_RY_21-22.pdf,2021/2022 Dental Capitation Rates (October 2021 - September 2022),https://ahca.myflorida.com/content/download/10054/file/Dental_Final_Base_Rates_RY_21-22.pdf,pdf,2021,,Medicaid Actuarial Services,https://ahca.myflorida.com/medicaid/medicaid-finance-and-analytics/medicaid-data-analytics/medicaid-actuarial-services.html,actuarial,rates
Dental_Final_Base_Rates_RY_22-23.pdf,2022/2023 Dental Capitation Rates (October 2022 - September 2023),https://ahca.myflorida.com/content/download/20284/file/Dental_Final_Base_Rates_RY_22-23.pdf,pdf,2022,,Medicaid Actuarial Services,https://ahca.myflorida.com/medicaid/medicaid-finance-and-analytics/medicaid-data-analytics/medicaid-actuarial-services.html,actuarial,rates
LTC Final Base Rates RY 23-24 - Publish to Website.pdf,2023/2024 LTC Capitation Rates (October 2023 - September 2024),https://ahca.myflorida.com/content/download/23775/file/LTC%20Final%20Base%20Rates%20RY%2023-24%20-%20Publish%20to%20Website.pdf,pdf,2023,,Medicaid Actuarial Services,https://ahca.myflorida.com/medicaid/medicaid-finance-and-analytics/medicaid-data-analytics/medicaid-actuarial-services.html,actuarial,rates
LTC Final Base Rates RY 24-25 - Publish to Website.pdf,"2024/2025 LTC Pre-Implementation Capitation Rates (October 1, 2024 – January 31, 2025)",https://ahca.myflorida.com/content/download/25482/file/LTC%20Final%20Base%20Rates%20RY%2024-25%20-%20Publish%20to%20Website.pdf,pdf,"October 1, 2024",,Medicaid Actuarial Services,https://ahca.myflorida.com/medicaid/medicaid-finance-and-analytics/medicaid-data-analytics/medicaid-actuarial-services.html,actuarial,rates
LTC Final Base Rates RY 24-25 Post Update.pdf,"2024/2025 LTC Post-Implementation Capitation Rates (February 1, 2025 – September 30, 2025)",https://ahca.myflorida.com/content/download/26108/file/LTC%20Final%20Base%20Rates%20RY%2024-25%20Post%20Update.pdf,pdf,"February 1, 2025",,Medicaid Actuarial Services,https://ahca.myflorida.com/medicaid/medicaid-finance-and-analytics/medicaid-data-analytics/medicaid-actuarial-services.html,actuarial,rates
LTC_Final_Base_Rates_RY19-20.pdf,2019/2020 LTC Capitation Rates (October 2019 - September 2020),https://ahca.myflorida.com/content/download/10062/file/LTC_Final_Base_Rates_RY19-20.pdf,pdf,2019,,Medicaid Actuarial Services,https://ahca.myflorida.com/medicaid/medicaid-finance-and-analytics/medicaid-data-analytics/medicaid-actuarial-services.html,actuarial,rates
LTC_Final_Base_Rates_RY20-21.pdf,2020/2021 LTC Capitation Rates (October 2020 - September 2021),https://ahca.myflorida.com/content/download/10063/file/LTC_Final_Base_Rates_RY20-21.pdf,pdf,2020,,Medicaid Actuarial Services,https://ahca.myflorida.com/medicaid/medicaid-finance-and-analytics/medicaid-data-analytics/medicaid-actuarial-services.html,actuarial,rates
LTC_Final_Base_Rates_RY_21-22.pdf,2021/2022 LTC Capitation Rates (October 2021 - September 2022),https://ahca.myflorida.com/content/download/10064/file/LTC_Final_Base_Rates_RY_21-22.pdf,pdf,2021,,Medicaid Actuarial Services,https://ahca.myflorida.com/medicaid/medicaid-finance-and-analytics/medicaid-data-analytics/medicaid-actuarial-services.html,actuarial,rates
LTC_Final_Base_Rates_RY_22-23.pdf,2022/2023 LTC Capitation Rates (October 2022 - September 2023),https://ahca.myflorida.com/content/download/20285/file/LTC_Final_Base_Rates_RY_22-23.pdf,pdf,2022,,Medicaid Actuarial Services,https://ahca.myflorida.com/medicaid/medicaid-finance-and-analytics/medicaid-data-analytics/medicaid-actuarial-services.html,actuarial,rates
LTC_Final_Base_Rates_SMMC-Imp_2019-09.pdf,2018/2019 LTC Capitation Rates (SMMC Implementation - September 2019),https://ahca.myflorida.com/content/download/10065/file/LTC_Final_Base_Rates_SMMC-Imp_2019-09.pdf,pdf,2019,,Medicaid Actuarial Services,https://ahca.myflorida.com/medicaid/medicaid-finance-and-analytics/medicaid-data-analytics/medicaid-actuarial-services.html,actuarial,rates
MMA Final Base Rates RY 23-24 - Publish to Website.pdf,2023/2024 MMA Capitation Rates (October 2023 - September 2024),https://ahca.myflorida.com/content/download/23776/file/MMA%20Final%20Base%20Rates%20RY%2023-24%20-%20Publish%20to%20Website.pdf,pdf,2023,,Medicaid Actuarial Services,https://ahca.myflorida.com/medicaid/medicaid-finance-and-analytics/medicaid-data-analytics/medicaid-actuarial-services.html,actuarial,rates
MMA Final Base Rates RY 24-25 - Publish to Website.pdf,"2024/2025 MMA Pre-Implementation Capitation Rates (October 1, 2024 – January 31, 2025)",https://ahca.myflorida.com/content/download/25481/file/MMA%20Final%20Base%20Rates%20RY%2024-25%20-%20Publish%20to%20Website.pdf,pdf,"October 1, 2024",,Medicaid Actuarial Services,https://ahca.myflorida.com/medicaid/medicaid-finance-and-analytics/medicaid-data-analytics/medicaid-actuarial-services.html,actuarial,rates
MMA Final Base Rates RY 24-25 Post Update.pdf,"2024/2025 MMA Post-Implementation Capitation Rates (February 1, 2025 – September 30, 2025)",https://ahca.myflorida.com/content/download/26107/file/MMA%20Final%20Base%20Rates%20RY%2024-25%20Post%20Update.pdf,pdf,"February 1, 2025",,Medicaid Actuarial Services,https://ahca.myflorida.com/medicaid/medicaid-finance-and-analytics/medicaid-data-analytics/medicaid-actuarial-services.html,actuarial,rates
MMA_Final_Base_Rates_RY19-20.pdf,2019/2020 MMA Capitation Rates (October 2019 - September 2020),https://ahca.myflorida.com/content/download/10072/file/MMA_Final_Base_Rates_RY19-20.pdf,pdf,2019,,Medicaid Actuarial Services,https://ahca.myflorida.com/medicaid/medicaid-finance-and-analytics/medicaid-data-analytics/medicaid-actuarial-services.html,actuarial,rates
MMA_Final_Base_Rates_RY20-21.pdf,2020/2021 MMA Capitation Rates (October 2020 - September 2021),https://ahca.myflorida.com/content/download/10073/file/MMA_Final_Base_Rates_RY20-21.pdf,pdf,2020,,Medicaid Actuarial Services,https://ahca.myflorida.com/medicaid/medicaid-finance-and-analytics/medicaid-data-analytics/medicaid-actuarial-services.html,actuarial,rates
MMA_Final_Base_Rates_RY_21-22.pdf,2021/2022 MMA Capitation Rates (October 2021 - September 2022),https://ahca.myflorida.com/content/download/10074/file/MMA_Final_Base_Rates_RY_21-22.pdf,pdf,2021,,Medicaid Actuarial Services,https://ahca.myflorida.com/medicaid/medicaid-finance-and-analytics/medicaid-data-analytics/medicaid-actuarial-services.html,actuarial,rates
MMA_Final_Base_Rates_RY_22-23.pdf,2022/2023 MMA Capitation Rates (October 2022 - September 2023),https://ahca.myflorida.com/content/download/20286/file/MMA_Final_Base_Rates_RY_22-23.pdf,pdf,2022,,Medicaid Actuarial Services,https://ahca.myflorida.com/medicaid/medicaid-finance-and-analytics/medicaid-data-analytics/medicaid-actuarial-services.html,actuarial,rates
MMA_Final_Base_Rates_SMMC-Imp_2019-09.pdf,2018/2019 MMA Capitation Rates (SMMC Implementation - September 2019),https://ahca.myflorida.com/content/download/10075/file/MMA_Final_Base_Rates_SMMC-Imp_2019-09.pdf,pdf,2019,,Medicaid Actuarial Services,https://ahca.myflorida.com/medicaid/medicaid-finance-and-analytics/medicaid-data-analytics/medicaid-actuarial-services.html,actuarial,rates
RY 25-26 Dental Final Base Rates.pdf,2025/2026 Dental Capitation Rates (October 2025 - September 2026),https://ahca.myflorida.com/content/download/27607/file/RY%2025-26%20Dental%20Final%20Base%20Rates.pdf,pdf,2025,,Medicaid Actuarial Services,https://ahca.myflorida.com/medicaid/medicaid-finance-and-analytics/medicaid-data-analytics/medicaid-actuarial-services.html,actuarial,rates
RY 25-26 LTC Final Base Rates.pdf,2025/2026 LTC Capitation Rates (October 2025 - September 2026),https://ahca.myflorida.com/content/download/27606/file/RY%2025-26%20LTC%20Final%20Base%20Rates.pdf,pdf,2025,,Medicaid Actuarial Services,https://ahca.myflorida.com/medicaid/medicaid-finance-and-analytics/medicaid-data-analytics/medicaid-actuarial-services.html,actuarial,rates
RY 25-26 MMA Final Base Rates.pdf,2025/2026 MMA Capitation Rates (October 2025 - September 2026),https://ahca.myflorida.com/content/download/27605/file/RY%2025-26%20MMA%20Final%20Base%20Rates.pdf,pdf,2025,,Medicaid Actuarial Services,https://ahca.myflorida.com/medicaid/medicaid-finance-and-analytics/medicaid-data-analytics/medicaid-actuarial-services.html,actuarial,rates
07_2026Rate-Letters.pdf,"Rate Letters (Updated July 29, 2026)",https://ahca.myflorida.com/file/medicaid/07_2026Rate-Letters.pdf,pdf,"July 29, 2026",,Nursing Home Rates,https://ahca.myflorida.com/medicaid/cost-reimbursement/nursing-home-rates-html.html,cost_reimbursement,rates
1-20-2026 Retroactive Per Diem Rates Memo.pdf,Retroactive Per Diem Rates Memo,https://ahca.myflorida.com/content/download/28163/file/1-20-2026%20Retroactive%20Per%20Diem%20Rates%20Memo.pdf,pdf,2026,,Nursing Home Retroactive Rate Adjustments,https://ahca.myflorida.com/medicaid/cost-reimbursement/nursing-home-retroactive-rate-adjustments-html.html,cost_reimbursement,rates
1-20-2026 Retroactive Per Diem Rates.xlsx,Retroactive Per Diem Rates,https://ahca.myflorida.com/content/download/28164/file/1-20-2026%20Retroactive%20Per%20Diem%20Rates.xlsx,xlsx,2026,,Nursing Home Retroactive Rate Adjustments,https://ahca.myflorida.com/medicaid/cost-reimbursement/nursing-home-retroactive-rate-adjustments-html.html,cost_reimbursement,rates
1-30-2026 Retroactive Per Diem Rates Memo.pdf,Retroactive Per Diem Rates Memo,https://ahca.myflorida.com/content/download/28232/file/1-30-2026%20Retroactive%20Per%20Diem%20Rates%20Memo.pdf,pdf,2026,,Nursing Home Retroactive Rate Adjustments,https://ahca.myflorida.com/medicaid/cost-reimbursement/nursing-home-retroactive-rate-adjustments-html.html,cost_reimbursement,rates
1-30-2026 Retroactive Per Diem Rates.xlsx,Retroactive Per Diem Rates,https://ahca.myflorida.com/content/download/28233/file/1-30-2026%20Retroactive%20Per%20Diem%20Rates.xlsx,xlsx,2026,,Nursing Home Retroactive Rate Adjustments,https://ahca.myflorida.com/medicaid/cost-reimbursement/nursing-home-retroactive-rate-adjustments-html.html,cost_reimbursement,rates
10.01.2025_Exempt_Calculation_Sheets.pdf,"Exempt Provider Rate Calculations&nbsp;(Updated September 2, 2025)",https://ahca.myflorida.com/content/download/27098/file/10.01.2025_Exempt_Calculation_Sheets.pdf,pdf,2025,,Nursing Home Rates,https://ahca.myflorida.com/medicaid/cost-reimbursement/nursing-home-rates-html.html,cost_reimbursement,rates
10.01.2025_Exempt_Rate_Letters.pdf,"Exempt Provider Rate Letters (Updated September 2, 2025)",https://ahca.myflorida.com/content/download/27100/file/10.01.2025_Exempt_Rate_Letters.pdf,pdf,2025,,Nursing Home Rates,https://ahca.myflorida.com/medicaid/cost-reimbursement/nursing-home-rates-html.html,cost_reimbursement,rates
10.01.2025_Final_Rates.xlsx,"NH Final Rates&nbsp;(Updated September 2, 2025)",https://ahca.myflorida.com/content/download/27102/file/10.01.2025_Final_Rates.xlsx,xlsx,2025,,Nursing Home Rates,https://ahca.myflorida.com/medicaid/cost-reimbursement/nursing-home-rates-html.html,cost_reimbursement,rates
10.01.2025_Final_Rates_Details.xlsx,"NH Final Rates - Detail&nbsp;(Updated September 2, 2025)",https://ahca.myflorida.com/content/download/27101/file/10.01.2025_Final_Rates_Details.xlsx,xlsx,2025,,Nursing Home Rates,https://ahca.myflorida.com/medicaid/cost-reimbursement/nursing-home-rates-html.html,cost_reimbursement,rates
10.01.2025_PPS_Calculation_Sheets.pdf,"Rate Calculations&nbsp;(Updated September 2, 2025)",https://ahca.myflorida.com/content/download/27099/file/10.01.2025_PPS_Calculation_Sheets.pdf,pdf,2025,,Nursing Home Rates,https://ahca.myflorida.com/medicaid/cost-reimbursement/nursing-home-rates-html.html,cost_reimbursement,rates
10.01.2025_PPS_Rate_Letters.pdf,"Rate Letters (Updated September 2, 2025)",https://ahca.myflorida.com/content/download/27096/file/10.01.2025_PPS_Rate_Letters.pdf,pdf,2025,,Nursing Home Rates,https://ahca.myflorida.com/medicaid/cost-reimbursement/nursing-home-rates-html.html,cost_reimbursement,rates
2-27-2026 Retroactive Per Diem Rates Memo.pdf,Retroactive Per Diem Rates Memo,https://ahca.myflorida.com/content/download/28521/file/2-27-2026%20Retroactive%20Per%20Diem%20Rates%20Memo.pdf,pdf,2026,,Nursing Home Retroactive Rate Adjustments,https://ahca.myflorida.com/medicaid/cost-reimbursement/nursing-home-retroactive-rate-adjustments-html.html,cost_reimbursement,rates
2-27-2026 Retroactive Per Diem Rates.xlsx,Retroactive Per Diem Rates,https://ahca.myflorida.com/content/download/28522/file/2-27-2026%20Retroactive%20Per%20Diem%20Rates.xlsx,xlsx,2026,,Nursing Home Retroactive Rate Adjustments,https://ahca.myflorida.com/medicaid/cost-reimbursement/nursing-home-retroactive-rate-adjustments-html.html,cost_reimbursement,rates
2-9-2026 Retroactive Per Diem Rates Memo.pdf,Retroactive Per Diem Rates Memo,https://ahca.myflorida.com/content/download/28474/file/2-9-2026%20Retroactive%20Per%20Diem%20Rates%20Memo.pdf,pdf,2026,,Nursing Home Retroactive Rate Adjustments,https://ahca.myflorida.com/medicaid/cost-reimbursement/nursing-home-retroactive-rate-adjustments-html.html,cost_reimbursement,rates
2-9-2026 Retroactive Per Diem Rates.xlsx,Retroactive Per Diem Rates,https://ahca.myflorida.com/content/download/28475/file/2-9-2026%20Retroactive%20Per%20Diem%20Rates.xlsx,xlsx,2026,,Nursing Home Retroactive Rate Adjustments,https://ahca.myflorida.com/medicaid/cost-reimbursement/nursing-home-retroactive-rate-adjustments-html.html,cost_reimbursement,rates
2015-01_Rate_Semester_Initial_Per_Diems.pdf,Rate Semester Initial Per Diem,https://ahca.myflorida.com/content/download/5408/file/2015-01_Rate_Semester_Initial_Per_Diems.pdf,pdf,2015,,Nursing Home Rates,https://ahca.myflorida.com/medicaid/cost-reimbursement/nursing-home-rates-html.html,cost_reimbursement,rates
2015_01_Rate_Letters.pdf,Rate Letters,https://ahca.myflorida.com/content/download/5409/file/2015_01_Rate_Letters.pdf,pdf,2015,,Nursing Home Rates,https://ahca.myflorida.com/medicaid/cost-reimbursement/nursing-home-rates-html.html,cost_reimbursement,rates
2015_01_Rate_Semester_Initial_Per_Diem.xlsx,Rate Semester Initial Per Diem,https://ahca.myflorida.com/content/download/5583/file/2015_01_Rate_Semester_Initial_Per_Diem.xlsx,xlsx,2015,,Nursing Home Rates,https://ahca.myflorida.com/medicaid/cost-reimbursement/nursing-home-rates-html.html,cost_reimbursement,rates
2015_Direct_Indirect_Care_Cost_Report.pdf,A Report to the Florida Legislature (2015),https://ahca.myflorida.com/content/download/6522/file/2015_Direct_Indirect_Care_Cost_Report.pdf,pdf,2015,,Nursing Home Annual Reports,https://ahca.myflorida.com/medicaid/cost-reimbursement/nursing-home-annual-reports-html.html,cost_reimbursement,rates
2016-09_Rate_Letters.pdf,Rate Letters,https://ahca.myflorida.com/content/download/6523/file/2016-09_Rate_Letters.pdf,pdf,2016,,Nursing Home Rates,https://ahca.myflorida.com/medicaid/cost-reimbursement/nursing-home-rates-html.html,cost_reimbursement,rates
2016-09_Rate_Semester_Initial_Per_Diem.xlsx,Rate Semester Initial Per Diem,https://ahca.myflorida.com/content/download/6699/file/2016-09_Rate_Semester_Initial_Per_Diem.xlsx,xlsx,2016,,Nursing Home Rates,https://ahca.myflorida.com/medicaid/cost-reimbursement/nursing-home-rates-html.html,cost_reimbursement,rates
2016-09_Rate_Semester_Initial_Per_Diems.pdf,Rate Semester Initial Per Diem,https://ahca.myflorida.com/content/download/6524/file/2016-09_Rate_Semester_Initial_Per_Diems.pdf,pdf,2016,,Nursing Home Rates,https://ahca.myflorida.com/medicaid/cost-reimbursement/nursing-home-rates-html.html,cost_reimbursement,rates
2016_Direct_Indirect_Care_Cost_Report.pdf,A Report to the Florida Legislature (2016),https://ahca.myflorida.com/content/download/6525/file/2016_Direct_Indirect_Care_Cost_Report.pdf,pdf,2016,,Nursing Home Annual Reports,https://ahca.myflorida.com/medicaid/cost-reimbursement/nursing-home-annual-reports-html.html,cost_reimbursement,rates
2016_Private_Pay_Combined.pdf,Florida Nursing Home Estimated Average Private Pay Rate for 2016,https://ahca.myflorida.com/content/download/6526/file/2016_Private_Pay_Combined.pdf,pdf,2016,,Nursing Home Annual Reports,https://ahca.myflorida.com/medicaid/cost-reimbursement/nursing-home-annual-reports-html.html,cost_reimbursement,rates
2017_Direct_Indirect_Care_Cost_Report.pdf,A Report to the Florida Legislature (2017),https://ahca.myflorida.com/content/download/5410/file/2017_Direct_Indirect_Care_Cost_Report.pdf,pdf,2017,,Nursing Home Annual Reports,https://ahca.myflorida.com/medicaid/cost-reimbursement/nursing-home-annual-reports-html.html,cost_reimbursement,rates
2017_Private_Pay.pdf,Florida Nursing Home Estimated Average Private Pay Rate 2017,https://ahca.myflorida.com/content/download/5411/file/2017_Private_Pay.pdf,pdf,2017,,Nursing Home Annual Reports,https://ahca.myflorida.com/medicaid/cost-reimbursement/nursing-home-annual-reports-html.html,cost_reimbursement,rates
2018-10-01_Rate_Letters.pdf,"Rate Letters (Updated August 30, 2018)",https://ahca.myflorida.com/content/download/6528/file/2018-10-01_Rate_Letters.pdf,pdf,2018,,Nursing Home Rates,https://ahca.myflorida.com/medicaid/cost-reimbursement/nursing-home-rates-html.html,cost_reimbursement,rates
2018_Direct_Indirect_Care_Cost_Report.pdf,A Report to the Florida Legislature (2018),https://ahca.myflorida.com/content/download/5412/file/2018_Direct_Indirect_Care_Cost_Report.pdf,pdf,2018,,Nursing Home Annual Reports,https://ahca.myflorida.com/medicaid/cost-reimbursement/nursing-home-annual-reports-html.html,cost_reimbursement,rates
2018_Private_Pay_Rate.pdf,Florida Nursing Home Estimated Average Private Pay Rate 2018,https://ahca.myflorida.com/content/download/5413/file/2018_Private_Pay_Rate.pdf,pdf,2018,,Nursing Home Annual Reports,https://ahca.myflorida.com/medicaid/cost-reimbursement/nursing-home-annual-reports-html.html,cost_reimbursement,rates
201910CalcSheets3.pdf,"Rate Calculations (Updated September 24, 2019)",https://ahca.myflorida.com/content/download/6529/file/201910CalcSheets3.pdf,pdf,"September 24, 2019",,Nursing Home Rates,https://ahca.myflorida.com/medicaid/cost-reimbursement/nursing-home-rates-html.html,cost_reimbursement,rates
2019_Direct_Indirect_Care_Cost_Report.pdf,A Report to the Florida Legislature (2019),https://ahca.myflorida.com/content/download/5414/file/2019_Direct_Indirect_Care_Cost_Report.pdf,pdf,2019,,Nursing Home Annual Reports,https://ahca.myflorida.com/medicaid/cost-reimbursement/nursing-home-annual-reports-html.html,cost_reimbursement,rates
2019_Private_Pay_Rate.pdf,Florida Nursing Home Estimated Average Private Pay Rate 2019,https://ahca.myflorida.com/content/download/5415/file/2019_Private_Pay_Rate.pdf,pdf,2019,,Nursing Home Annual Reports,https://ahca.myflorida.com/medicaid/cost-reimbursement/nursing-home-annual-reports-html.html,cost_reimbursement,rates
2020-2021_UPL_Report.pdf,Medicaid Nursing Home Upper Payment Limit Fiscal Year 2020-2021,https://ahca.myflorida.com/content/download/21798/file/2020-2021_UPL_Report.pdf,pdf,2020,,Nursing Home Annual Reports,https://ahca.myflorida.com/medicaid/cost-reimbursement/nursing-home-annual-reports-html.html,cost_reimbursement,rates
2020_Direct_Indirect_Care_Cost_Report.pdf,Report to the Florida Legislature (2020),https://ahca.myflorida.com/content/download/5416/file/2020_Direct_Indirect_Care_Cost_Report.pdf,pdf,2020,,Nursing Home Annual Reports,https://ahca.myflorida.com/medicaid/cost-reimbursement/nursing-home-annual-reports-html.html,cost_reimbursement,rates
2021-2022_UPL_Report.pdf,Medicaid Nursing Home Upper Payment Limit Fiscal Year 2021-2022,https://ahca.myflorida.com/content/download/21797/file/2021-2022_UPL_Report.pdf,pdf,2021,,Nursing Home Annual Reports,https://ahca.myflorida.com/medicaid/cost-reimbursement/nursing-home-annual-reports-html.html,cost_reimbursement,rates
2021_Direct_Indirect_Care_Cost_Report.pdf,Report to the Florida Legislature (2021),https://ahca.myflorida.com/content/download/5417/file/2021_Direct_Indirect_Care_Cost_Report.pdf,pdf,2021,,Nursing Home Annual Reports,https://ahca.myflorida.com/medicaid/cost-reimbursement/nursing-home-annual-reports-html.html,cost_reimbursement,rates
2021_Private_Pay.pdf,Florida Nursing Home Estimated Average Private Pay Rate 2021,https://ahca.myflorida.com/content/download/19886/file/2021_Private_Pay.pdf,pdf,2021,,Nursing Home Annual Reports,https://ahca.myflorida.com/medicaid/cost-reimbursement/nursing-home-annual-reports-html.html,cost_reimbursement,rates
2022 Florida Medicaid Nursing Home Direct and Indirect Care Costs.pdf,Report to the Florida Legislature (2022),https://ahca.myflorida.com/content/download/25636/file/2022%20Florida%20Medicaid%20Nursing%20Home%20Direct%20and%20Indirect%20Care%20Costs.pdf,pdf,2022,,Nursing Home Annual Reports,https://ahca.myflorida.com/medicaid/cost-reimbursement/nursing-home-annual-reports-html.html,cost_reimbursement,rates
2022-2023_UPL_Report.pdf,Medicaid Nursing Home Upper Payment Limit Fiscal Year 2022-2023,https://ahca.myflorida.com/content/download/21796/file/2022-2023_UPL_Report.pdf,pdf,2022,,Nursing Home Annual Reports,https://ahca.myflorida.com/medicaid/cost-reimbursement/nursing-home-annual-reports-html.html,cost_reimbursement,rates
202210_Exempt_RL_10.7.22.pdf,"Exempt Provider Rate Letters (Updated October 13, 2022)",https://ahca.myflorida.com/content/download/19887/file/202210_Exempt_RL_10.7.22.pdf,pdf,"October 13, 2022",,Nursing Home Rates,https://ahca.myflorida.com/medicaid/cost-reimbursement/nursing-home-rates-html.html,cost_reimbursement,rates
202210_PPS_RL_10.7.22.pdf,"Rate Letters (Updated October 13, 2022)",https://ahca.myflorida.com/content/download/19888/file/202210_PPS_RL_10.7.22.pdf,pdf,"October 13, 2022",,Nursing Home Rates,https://ahca.myflorida.com/medicaid/cost-reimbursement/nursing-home-rates-html.html,cost_reimbursement,rates
2022_Private_Pay.pdf,Florida Nursing Home Estimated Average Private Pay Rate 2022,https://ahca.myflorida.com/content/download/19889/file/2022_Private_Pay.pdf,pdf,2022,,Nursing Home Annual Reports,https://ahca.myflorida.com/medicaid/cost-reimbursement/nursing-home-annual-reports-html.html,cost_reimbursement,rates
2023 Florida Medicaid Nursing Home Direct and Indirect Care Costs.pdf,Report to the Florida Legislature (2023),https://ahca.myflorida.com/content/download/25637/file/2023%20Florida%20Medicaid%20Nursing%20Home%20Direct%20and%20Indirect%20Care%20Costs.pdf,pdf,2023,,Nursing Home Annual Reports,https://ahca.myflorida.com/medicaid/cost-reimbursement/nursing-home-annual-reports-html.html,cost_reimbursement,rates
2023 SNF Private Pay Report.pdf,Florida Nursing Home Estimated Average Private Pay Rate 2023,https://ahca.myflorida.com/content/download/23514/file/2023%20SNF%20Private%20Pay%20Report.pdf,pdf,2023,,Nursing Home Annual Reports,https://ahca.myflorida.com/medicaid/cost-reimbursement/nursing-home-annual-reports-html.html,cost_reimbursement,rates
202310 Exempt Calculation Sheets.pdf,"Exempt Provider Rate Calculations (Updated September 15, 2023)",https://ahca.myflorida.com/content/download/23197/file/202310%20Exempt%20Calculation%20Sheets.pdf,pdf,"September 15, 2023",,Nursing Home Rates,https://ahca.myflorida.com/medicaid/cost-reimbursement/nursing-home-rates-html.html,cost_reimbursement,rates
202310 Exempt Rate Letters.pdf,"Exempt Provider Rate Letters (Updated September 15, 2023)",https://ahca.myflorida.com/content/download/23198/file/202310%20Exempt%20Rate%20Letters.pdf,pdf,"September 15, 2023",,Nursing Home Rates,https://ahca.myflorida.com/medicaid/cost-reimbursement/nursing-home-rates-html.html,cost_reimbursement,rates
202310 PPS Calculation Sheets.pdf,"Rate Calculations (Updated September 15, 2023)",https://ahca.myflorida.com/content/download/23200/file/202310%20PPS%20Calculation%20Sheets.pdf,pdf,"September 15, 2023",,Nursing Home Rates,https://ahca.myflorida.com/medicaid/cost-reimbursement/nursing-home-rates-html.html,cost_reimbursement,rates
202310 PPS Rate Letters.pdf,"Rate Letters (Updated November 7, 2023)",https://ahca.myflorida.com/content/download/23497/file/202310%20PPS%20Rate%20Letters.pdf,pdf,"November 7, 2023",,Nursing Home Rates,https://ahca.myflorida.com/medicaid/cost-reimbursement/nursing-home-rates-html.html,cost_reimbursement,rates
2024 Florida Medicaid Nursing Home Direct and Indirect Care Costs.pdf,Report to the Florida Legislature (2024),https://ahca.myflorida.com/content/download/25638/file/2024%20Florida%20Medicaid%20Nursing%20Home%20Direct%20and%20Indirect%20Care%20Costs.pdf,pdf,2024,,Nursing Home Annual Reports,https://ahca.myflorida.com/medicaid/cost-reimbursement/nursing-home-annual-reports-html.html,cost_reimbursement,rates
2024 Private Pay Report Short.pdf,Florida Nursing Home Estimated Average Pay Rate 2024,https://ahca.myflorida.com/content/download/25620/file/2024%20Private%20Pay%20Report%20Short.pdf,pdf,2024,,Nursing Home Annual Reports,https://ahca.myflorida.com/medicaid/cost-reimbursement/nursing-home-annual-reports-html.html,cost_reimbursement,rates
2024 Supplemental Payment Submission Forms-Max Entries.xls,Supplemental Payment Submission Forms-Max Entries,https://ahca.myflorida.com/content/download/5728/file/2024%20Supplemental%20Payment%20Submission%20Forms-Max%20Entries.xls,xls,2024,,FQHC/RHC Rates,https://ahca.myflorida.com/medicaid/cost-reimbursement/fqhc-rhc-rates-html.html,cost_reimbursement,rates
2024 Supplemental Payment Submission Forms-Min Entries.xls,Supplemental Payment Submission Forms-Min Entries,https://ahca.myflorida.com/content/download/5729/file/2024%20Supplemental%20Payment%20Submission%20Forms-Min%20Entries.xls,xls,2024,,FQHC/RHC Rates,https://ahca.myflorida.com/medicaid/cost-reimbursement/fqhc-rhc-rates-html.html,cost_reimbursement,rates
2025 Private Pay Report Final Web.pdf,Florida Nursing Home Estimated Average Private Pay Rate 2025,https://ahca.myflorida.com/content/download/26654/file/2025%20Private%20Pay%20Report%20Final%20Web.pdf,pdf,2025,,Nursing Home Annual Reports,https://ahca.myflorida.com/medicaid/cost-reimbursement/nursing-home-annual-reports-html.html,cost_reimbursement,rates
3-24-2026 Retroactive Per Diem Rates Memo.pdf,Retroactive Per Diem Rates Memo,https://ahca.myflorida.com/content/download/28614/file/3-24-2026%20Retroactive%20Per%20Diem%20Rates%20Memo.pdf,pdf,2026,,Nursing Home Retroactive Rate Adjustments,https://ahca.myflorida.com/medicaid/cost-reimbursement/nursing-home-retroactive-rate-adjustments-html.html,cost_reimbursement,rates
3-24-2026 Retroactive Per Diem Rates.xlsx,Retroactive Per Diem Rates,https://ahca.myflorida.com/content/download/28615/file/3-24-2026%20Retroactive%20Per%20Diem%20Rates.xlsx,xlsx,2026,,Nursing Home Retroactive Rate Adjustments,https://ahca.myflorida.com/medicaid/cost-reimbursement/nursing-home-retroactive-rate-adjustments-html.html,cost_reimbursement,rates
4-10_Retroactive Per Diem Rates 20240621.xlsx,Retroactive Per Diem Rates,https://ahca.myflorida.com/content/download/24435/file/4-10_Retroactive%20Per%20Diem%20Rates%2020240621.xlsx,xlsx,,,Nursing Home Retroactive Rate Adjustments,https://ahca.myflorida.com/medicaid/cost-reimbursement/nursing-home-retroactive-rate-adjustments-html.html,cost_reimbursement,rates
4-10_Retroactive Per Diem Rates Memo 20240621.pdf,Retroactive Per Diem Rates Memo,https://ahca.myflorida.com/content/download/24434/file/4-10_Retroactive%20Per%20Diem%20Rates%20Memo%2020240621.pdf,pdf,,,Nursing Home Retroactive Rate Adjustments,https://ahca.myflorida.com/medicaid/cost-reimbursement/nursing-home-retroactive-rate-adjustments-html.html,cost_reimbursement,rates
4-28-2026 Retroactive Per Diem Rates Memo.pdf,Retroactive Per Diem Rates Memo,https://ahca.myflorida.com/content/download/28840/file/4-28-2026%20Retroactive%20Per%20Diem%20Rates%20Memo.pdf,pdf,2026,,Nursing Home Retroactive Rate Adjustments,https://ahca.myflorida.com/medicaid/cost-reimbursement/nursing-home-retroactive-rate-adjustments-html.html,cost_reimbursement,rates
4-28-2026 Retroactive Per Diem Rates.xlsx,Retroactive Per Diem Rates,https://ahca.myflorida.com/content/download/28841/file/4-28-2026%20Retroactive%20Per%20Diem%20Rates.xlsx,xlsx,2026,,Nursing Home Retroactive Rate Adjustments,https://ahca.myflorida.com/medicaid/cost-reimbursement/nursing-home-retroactive-rate-adjustments-html.html,cost_reimbursement,rates
7-13NH Final Rates Details.xlsx,"NH Final Rates - Detail (Updated July 13, 2026)",https://ahca.myflorida.com/file/medicaid/7-13NH%20Final%20Rates%20Details.xlsx,xlsx,"July 13, 2026",,Nursing Home Rates,https://ahca.myflorida.com/medicaid/cost-reimbursement/nursing-home-rates-html.html,cost_reimbursement,rates
7-13NH Final Rates.xlsx,"NH Final Rates (Updated July 13, 2026)",https://ahca.myflorida.com/file/medicaid/7-13NH%20Final%20Rates.xlsx,xlsx,"July 13, 2026",,Nursing Home Rates,https://ahca.myflorida.com/medicaid/cost-reimbursement/nursing-home-rates-html.html,cost_reimbursement,rates
7-2023 ICF NP Calculation Sheets.pdf,Rate Calculation Sheets,https://ahca.myflorida.com/content/download/22918/file/7-2023%20ICF%20NP%20Calculation%20Sheets.pdf,pdf,2023,,Intermediate Care Facility Rates,https://ahca.myflorida.com/medicaid/cost-reimbursement/intermediate-care-facility-rates-html.html,cost_reimbursement,rates
7-2023 ICF Profile Sheets.pdf,Rate Profile Sheets,https://ahca.myflorida.com/content/download/22919/file/7-2023%20ICF%20Profile%20Sheets.pdf,pdf,2023,,Intermediate Care Facility Rates,https://ahca.myflorida.com/medicaid/cost-reimbursement/intermediate-care-facility-rates-html.html,cost_reimbursement,rates
7-2023 ICF Rate Letters.pdf,Rate Letters,https://ahca.myflorida.com/content/download/22920/file/7-2023%20ICF%20Rate%20Letters.pdf,pdf,2023,,Intermediate Care Facility Rates,https://ahca.myflorida.com/medicaid/cost-reimbursement/intermediate-care-facility-rates-html.html,cost_reimbursement,rates
7-2024 ICF Calculation Sheets.pdf,Rate Calculation Sheets,https://ahca.myflorida.com/content/download/24915/file/7-2024%20ICF%20Calculation%20Sheets.pdf,pdf,2024,,Intermediate Care Facility Rates,https://ahca.myflorida.com/medicaid/cost-reimbursement/intermediate-care-facility-rates-html.html,cost_reimbursement,rates
7-2024 ICF Profile Sheets .pdf,Rate Profile Sheets,https://ahca.myflorida.com/content/download/24916/file/7-2024%20ICF%20Profile%20Sheets%20.pdf,pdf,2024,,Intermediate Care Facility Rates,https://ahca.myflorida.com/medicaid/cost-reimbursement/intermediate-care-facility-rates-html.html,cost_reimbursement,rates
7-2024 ICF Rate Letters .pdf,Rate Letters,https://ahca.myflorida.com/content/download/24917/file/7-2024%20ICF%20Rate%20Letters%20.pdf,pdf,2024,,Intermediate Care Facility Rates,https://ahca.myflorida.com/medicaid/cost-reimbursement/intermediate-care-facility-rates-html.html,cost_reimbursement,rates
7-2024 State ICF Calculation Sheets.pdf,Rate Calculation Sheets,https://ahca.myflorida.com/content/download/24919/file/7-2024%20State%20ICF%20Calculation%20Sheets.pdf,pdf,2024,,Intermediate Care Facility Rates,https://ahca.myflorida.com/medicaid/cost-reimbursement/intermediate-care-facility-rates-html.html,cost_reimbursement,rates
7-2024 State ICF Profile Sheets.pdf,Rate Profile Sheets,https://ahca.myflorida.com/content/download/24920/file/7-2024%20State%20ICF%20Profile%20Sheets.pdf,pdf,2024,,Intermediate Care Facility Rates,https://ahca.myflorida.com/medicaid/cost-reimbursement/intermediate-care-facility-rates-html.html,cost_reimbursement,rates
7-2024 State ICF Rate Letters.pdf,Rate Letters,https://ahca.myflorida.com/content/download/24921/file/7-2024%20State%20ICF%20Rate%20Letters.pdf,pdf,2024,,Intermediate Care Facility Rates,https://ahca.myflorida.com/medicaid/cost-reimbursement/intermediate-care-facility-rates-html.html,cost_reimbursement,rates
7-2025 ICF Calculation Batch.pdf,Rate Calculation Sheets,https://ahca.myflorida.com/content/download/26977/file/7-2025%20ICF%20Calculation%20Batch.pdf,pdf,2025,,Intermediate Care Facility Rates,https://ahca.myflorida.com/medicaid/cost-reimbursement/intermediate-care-facility-rates-html.html,cost_reimbursement,rates
7-2025 ICF Profile Sheets.pdf,Rate Profile Sheets,https://ahca.myflorida.com/content/download/26978/file/7-2025%20ICF%20Profile%20Sheets.pdf,pdf,2025,,Intermediate Care Facility Rates,https://ahca.myflorida.com/medicaid/cost-reimbursement/intermediate-care-facility-rates-html.html,cost_reimbursement,rates
7-2025 ICF Rate Letters.pdf,Rate Letters,https://ahca.myflorida.com/content/download/26979/file/7-2025%20ICF%20Rate%20Letters.pdf,pdf,2025,,Intermediate Care Facility Rates,https://ahca.myflorida.com/medicaid/cost-reimbursement/intermediate-care-facility-rates-html.html,cost_reimbursement,rates
7-2025_State_ICF_Calculation_Batch.pdf,Rate Calculation Sheets,https://ahca.myflorida.com/content/download/26946/file/7-2025_State_ICF_Calculation_Batch.pdf,pdf,2025,,Intermediate Care Facility Rates,https://ahca.myflorida.com/medicaid/cost-reimbursement/intermediate-care-facility-rates-html.html,cost_reimbursement,rates
7-2025_State_ICF_Profile_Sheets.pdf,Rate Profile Sheets,https://ahca.myflorida.com/content/download/26947/file/7-2025_State_ICF_Profile_Sheets.pdf,pdf,2025,,Intermediate Care Facility Rates,https://ahca.myflorida.com/medicaid/cost-reimbursement/intermediate-care-facility-rates-html.html,cost_reimbursement,rates
7-2025_State_ICF_Rate_Letters.pdf,Rate Letters,https://ahca.myflorida.com/content/download/26945/file/7-2025_State_ICF_Rate_Letters.pdf,pdf,2025,,Intermediate Care Facility Rates,https://ahca.myflorida.com/medicaid/cost-reimbursement/intermediate-care-facility-rates-html.html,cost_reimbursement,rates
7-2026_ICF_Calculation_Batch.pdf,Rate Calculation Sheets,https://ahca.myflorida.com/file/medicaid/7-2026_ICF_Calculation_Batch.pdf,pdf,2026,,Intermediate Care Facility Rates,https://ahca.myflorida.com/medicaid/cost-reimbursement/intermediate-care-facility-rates-html.html,cost_reimbursement,rates
7-2026_ICF_Profile_Sheets.pdf,Rate Profile Sheets,https://ahca.myflorida.com/file/medicaid/7-2026_ICF_Profile_Sheets.pdf,pdf,2026,,Intermediate Care Facility Rates,https://ahca.myflorida.com/medicaid/cost-reimbursement/intermediate-care-facility-rates-html.html,cost_reimbursement,rates
7-2026_ICF_Rate_Letters (002).pdf,Rate Letters,https://ahca.myflorida.com/file/medicaid/7-2026_ICF_Rate_Letters%20%28002%29.pdf,pdf,2026,,Intermediate Care Facility Rates,https://ahca.myflorida.com/medicaid/cost-reimbursement/intermediate-care-facility-rates-html.html,cost_reimbursement,rates
7-2026_State_ICF_Calculation_Batch.pdf,Rate Calculation Sheets,https://ahca.myflorida.com/file/medicaid/7-2026_State_ICF_Calculation_Batch.pdf,pdf,2026,,Intermediate Care Facility Rates,https://ahca.myflorida.com/medicaid/cost-reimbursement/intermediate-care-facility-rates-html.html,cost_reimbursement,rates
7-2026_State_ICF_Profile_Sheets.pdf,Rate Profile Sheets,https://ahca.myflorida.com/file/medicaid/7-2026_State_ICF_Profile_Sheets.pdf,pdf,2026,,Intermediate Care Facility Rates,https://ahca.myflorida.com/medicaid/cost-reimbursement/intermediate-care-facility-rates-html.html,cost_reimbursement,rates
7-2026_State_ICF_Rate_Letters.pdf,Rate Letters,https://ahca.myflorida.com/file/medicaid/7-2026_State_ICF_Rate_Letters.pdf,pdf,2026,,Intermediate Care Facility Rates,https://ahca.myflorida.com/medicaid/cost-reimbursement/intermediate-care-facility-rates-html.html,cost_reimbursement,rates
Active_Nursing_Home_provider_numbers_during_1012019-9302020.xlsx,Active Nursing Home provider numbers during 10/1/2019 - 09/30/2020,https://ahca.myflorida.com/content/download/6700/file/Active_Nursing_Home_provider_numbers_during_1012019-9302020.xlsx,xlsx,2019,,Hospice Recipient Log Reporting,https://ahca.myflorida.com/medicaid/cost-reimbursement/hospice-recipient-log-reporting-html.html,cost_reimbursement,rates
Active_Nursing_Home_provider_numbers_during_1012020-9302021.xlsx,Active Nursing Home provider numbers during 10/1/2020 - 09/30/2021,https://ahca.myflorida.com/content/download/6701/file/Active_Nursing_Home_provider_numbers_during_1012020-9302021.xlsx,xlsx,2020,,Hospice Recipient Log Reporting,https://ahca.myflorida.com/medicaid/cost-reimbursement/hospice-recipient-log-reporting-html.html,cost_reimbursement,rates
Active_Nursing_Home_provider_numbers_during_1012021-9302022.xlsx,Active Nursing Home provider numbers during 10/1/2021 - 09/30/2022,https://ahca.myflorida.com/content/download/20750/file/Active_Nursing_Home_provider_numbers_during_1012021-9302022.xlsx,xlsx,2021,,Hospice Recipient Log Reporting,https://ahca.myflorida.com/medicaid/cost-reimbursement/hospice-recipient-log-reporting-html.html,cost_reimbursement,rates
Active_Nursing_Home_provider_numbers_during_1012022-9302023.xlsx,Active Nursing Home provider numbers during 10/1/2022 - 09/30/2023,https://ahca.myflorida.com/content/download/24378/file/Active_Nursing_Home_provider_numbers_during_1012022-9302023.xlsx,xlsx,2022,,Hospice Recipient Log Reporting,https://ahca.myflorida.com/medicaid/cost-reimbursement/hospice-recipient-log-reporting-html.html,cost_reimbursement,rates
Active_Nursing_Home_provider_numbers_during_1012023-9302024.xlsx,Active Nursing Home provider numbers during 10/1/2023 - 09/30/2024,https://ahca.myflorida.com/content/download/26781/file/Active_Nursing_Home_provider_numbers_during_1012023-9302024.xlsx,xlsx,2023,,Hospice Recipient Log Reporting,https://ahca.myflorida.com/medicaid/cost-reimbursement/hospice-recipient-log-reporting-html.html,cost_reimbursement,rates
AIDS_SUPPLEMENTAL_PAYMENT_AUTHORIZATION_FORM.doc,AIDS Supplemental Payment Authorization Form,https://ahca.myflorida.com/content/download/5387/file/AIDS_SUPPLEMENTAL_PAYMENT_AUTHORIZATION_FORM.doc,doc,,,Nursing Home Supplemental Payments,https://ahca.myflorida.com/medicaid/cost-reimbursement/nursing-home-supplemental-payments-html.html,cost_reimbursement,rates
APPENDIX B.pdf,Appendix B – Medicaid Trend Adjustment (MTA) Percentages,https://ahca.myflorida.com/file/medicaid/APPENDIX%20B.pdf,pdf,,,County Health Department Rates,https://ahca.myflorida.com/medicaid/cost-reimbursement/county-health-department-rates-html.html,cost_reimbursement,rates
APR DRG Hospital Stakeholder Meeting Materials - 2026-01-13.pdf,Florida APR DRG Educational Training Session,https://ahca.myflorida.com/content/download/28190/file/APR%20DRG%20Hospital%20Stakeholder%20Meeting%20Materials%20-%202026-01-13.pdf,pdf,2026,,DRG Inpatient Payment Review,https://ahca.myflorida.com/medicaid/cost-reimbursement/diagnosis-related-group-drg-inpatient-payment-review-html.html,cost_reimbursement,rates
Att_4-19-D_Part_3.pdf,Florida Title XIX Reimbursement Plan for Services in Facilities Not Publicly Owned and Not Publicly Operated Version XX,https://ahca.myflorida.com/content/download/25003/file/Att_4-19-D_Part_3.pdf,pdf,,,Intermediate Care Facility Rates,https://ahca.myflorida.com/medicaid/cost-reimbursement/intermediate-care-facility-rates-html.html,cost_reimbursement,rates
Certification_Form.pdf,Certification Form,https://ahca.myflorida.com/content/download/6536/file/Certification_Form.pdf,pdf,,,Hospice Recipient Log Reporting,https://ahca.myflorida.com/medicaid/cost-reimbursement/hospice-recipient-log-reporting-html.html,cost_reimbursement,rates
chart_of_accounts_090409.pdf,PDF,https://ahca.myflorida.com/content/download/5395/file/chart_of_accounts_090409.pdf,pdf,,,SEXTANT Cost Reporting,https://ahca.myflorida.com/medicaid/cost-reimbursement/sextant-electronic-cost-reporting-for-nursing-homes-html.html,cost_reimbursement,rates
CHD_CalcSheets.pdf,CHD Calculation Sheets,https://ahca.myflorida.com/file/medicaid/CHD_CalcSheets.pdf,pdf,,,County Health Department Rates,https://ahca.myflorida.com/medicaid/cost-reimbursement/county-health-department-rates-html.html,cost_reimbursement,rates
CHD_RateLetters.pdf,CHD Rate Letters,https://ahca.myflorida.com/file/medicaid/CHD_RateLetters.pdf,pdf,,,County Health Department Rates,https://ahca.myflorida.com/medicaid/cost-reimbursement/county-health-department-rates-html.html,cost_reimbursement,rates
CHDEncounter Rates.pdf,CHD Encounter Rates,https://ahca.myflorida.com/file/medicaid/CHDEncounter%20Rates.pdf,pdf,,,County Health Department Rates,https://ahca.myflorida.com/medicaid/cost-reimbursement/county-health-department-rates-html.html,cost_reimbursement,rates
CMS_STATE_HEALTH_OFFICIAL_LTR_2010-02-04.pdf,Prospective Payment System for FQHCs and RHCs,https://ahca.myflorida.com/content/download/5430/file/CMS_STATE_HEALTH_OFFICIAL_LTR_2010-02-04.pdf,pdf,2010,,FQHC/RHC Rates,https://ahca.myflorida.com/medicaid/cost-reimbursement/fqhc-rhc-rates-html.html,cost_reimbursement,rates
Cost_Report_Instructions_Aug_2014.pdf,Instructions for Cost Reporting,https://ahca.myflorida.com/content/download/5388/file/Cost_Report_Instructions_Aug_2014.pdf,pdf,2014,,SEXTANT Cost Reporting,https://ahca.myflorida.com/medicaid/cost-reimbursement/sextant-electronic-cost-reporting-for-nursing-homes-html.html,cost_reimbursement,rates
DRG_Payment-Conversion_Implementation_Plan-FL_AHCA-Final.pdf,DRG Conversion Implementation Plan,https://ahca.myflorida.com/content/download/6537/file/DRG_Payment-Conversion_Implementation_Plan-FL_AHCA-Final.pdf,pdf,,,DRG Inpatient Payment Review,https://ahca.myflorida.com/medicaid/cost-reimbursement/diagnosis-related-group-drg-inpatient-payment-review-html.html,cost_reimbursement,rates
DRG_Payment_Method_Options_FL_AHCA_2012-08-24.pdf,DRG Payment Method Options (with Navigant's preliminary recommendations),https://ahca.myflorida.com/content/download/5443/file/DRG_Payment_Method_Options_FL_AHCA_2012-08-24.pdf,pdf,2012,,DRG Inpatient Payment Review,https://ahca.myflorida.com/medicaid/cost-reimbursement/diagnosis-related-group-drg-inpatient-payment-review-html.html,cost_reimbursement,rates
DRG_PLAN_ROUGH_DRAFT_08-27-2013.pdf,DRG Reimbursement Plan Rough Draft,https://ahca.myflorida.com/content/download/5439/file/DRG_PLAN_ROUGH_DRAFT_08-27-2013.pdf,pdf,2013,,DRG Inpatient Payment Review,https://ahca.myflorida.com/medicaid/cost-reimbursement/diagnosis-related-group-drg-inpatient-payment-review-html.html,cost_reimbursement,rates
DRG_Rate_Worksheet.xlsx,DRG Rate Worksheet FY 2022-23,https://ahca.myflorida.com/content/download/22414/file/DRG_Rate_Worksheet.xlsx,xlsx,2022,,DRG Inpatient Payment Review,https://ahca.myflorida.com/medicaid/cost-reimbursement/diagnosis-related-group-drg-inpatient-payment-review-html.html,cost_reimbursement,rates
DRG_Rate_Worksheet_2020-2021_Effective_July-1-2020_Build_2020-04-12.xlsx,DRG Rate Worksheet FY 2020-21,https://ahca.myflorida.com/content/download/6704/file/DRG_Rate_Worksheet_2020-2021_Effective_July-1-2020_Build_2020-04-12.xlsx,xlsx,"July 1, 2020",,DRG Inpatient Payment Review,https://ahca.myflorida.com/medicaid/cost-reimbursement/diagnosis-related-group-drg-inpatient-payment-review-html.html,cost_reimbursement,rates
DRG_Rate_Worksheet_FY2019-20_Effective_July-1-2019.xlsx,DRG Rate Worksheet FY 2019-20,https://ahca.myflorida.com/content/download/6705/file/DRG_Rate_Worksheet_FY2019-20_Effective_July-1-2019.xlsx,xlsx,"July 1, 2019",,DRG Inpatient Payment Review,https://ahca.myflorida.com/medicaid/cost-reimbursement/diagnosis-related-group-drg-inpatient-payment-review-html.html,cost_reimbursement,rates
DRG_Rembursement_Plan.pdf,DRG Reimbursement Plan,https://ahca.myflorida.com/content/download/5445/file/DRG_Rembursement_Plan.pdf,pdf,,,DRG Inpatient Payment Review,https://ahca.myflorida.com/medicaid/cost-reimbursement/diagnosis-related-group-drg-inpatient-payment-review-html.html,cost_reimbursement,rates
DRG_Transitional_Payments_Report_2014-03-01.pdf,"DRG Transitional Payments Report, March 1, 2014",https://ahca.myflorida.com/content/download/22442/file/DRG_Transitional_Payments_Report_2014-03-01.pdf,pdf,2014,,DRG Inpatient Payment Review,https://ahca.myflorida.com/medicaid/cost-reimbursement/diagnosis-related-group-drg-inpatient-payment-review-html.html,cost_reimbursement,rates
DRG_Transitional_Payments_Report_Final_2014-06-30.pdf,"DRG Transitional Payments Report, June 30, 2014",https://ahca.myflorida.com/content/download/6538/file/DRG_Transitional_Payments_Report_Final_2014-06-30.pdf,pdf,2014,,DRG Inpatient Payment Review,https://ahca.myflorida.com/medicaid/cost-reimbursement/diagnosis-related-group-drg-inpatient-payment-review-html.html,cost_reimbursement,rates
Exempt Provider Rate Calculations 202410.pdf,"Exempt Provider Rate Calculations (Updated October 1, 2024)",https://ahca.myflorida.com/content/download/25165/file/Exempt%20Provider%20Rate%20Calculations%20202410.pdf,pdf,"October 1, 2024",,Nursing Home Rates,https://ahca.myflorida.com/medicaid/cost-reimbursement/nursing-home-rates-html.html,cost_reimbursement,rates
Exempt Provider Rate Letters 202410.pdf,"Exempt Provider Rate Letters (Updated October 1, 2024)",https://ahca.myflorida.com/content/download/25163/file/Exempt%20Provider%20Rate%20Letters%20202410.pdf,pdf,"October 1, 2024",,Nursing Home Rates,https://ahca.myflorida.com/medicaid/cost-reimbursement/nursing-home-rates-html.html,cost_reimbursement,rates
Exempt_Provider_Rate_Calculations_2018-10-01.pdf,Exempt Provider Rate Calculations,https://ahca.myflorida.com/content/download/6540/file/Exempt_Provider_Rate_Calculations_2018-10-01.pdf,pdf,2018,,Nursing Home Rates,https://ahca.myflorida.com/medicaid/cost-reimbursement/nursing-home-rates-html.html,cost_reimbursement,rates
Exempt_Provider_Rate_Calculations_2019-07.pdf,"Exempt Provider Rate Calculations (Updated August 2, 2019)",https://ahca.myflorida.com/content/download/6541/file/Exempt_Provider_Rate_Calculations_2019-07.pdf,pdf,2019,,Nursing Home Rates,https://ahca.myflorida.com/medicaid/cost-reimbursement/nursing-home-rates-html.html,cost_reimbursement,rates
Exempt_Provider_Rate_Calculations_2020-07-01.pdf,"Exempt Provider Rate Calculations (Updated September 30, 2020)",https://ahca.myflorida.com/content/download/6542/file/Exempt_Provider_Rate_Calculations_2020-07-01.pdf,pdf,2020,,Nursing Home Rates,https://ahca.myflorida.com/medicaid/cost-reimbursement/nursing-home-rates-html.html,cost_reimbursement,rates
Exempt_Provider_Rate_Calculations_2020-10-01.pdf,"Exempt Provider Rate Calculations (Updated October 12, 2020)",https://ahca.myflorida.com/content/download/6543/file/Exempt_Provider_Rate_Calculations_2020-10-01.pdf,pdf,2020,,Nursing Home Rates,https://ahca.myflorida.com/medicaid/cost-reimbursement/nursing-home-rates-html.html,cost_reimbursement,rates
Exempt_Provider_Rate_Letters_2019-07-01.pdf,"Exempt Provider Rate Letters (Update July 26, 2019)",https://ahca.myflorida.com/content/download/6544/file/Exempt_Provider_Rate_Letters_2019-07-01.pdf,pdf,2019,,Nursing Home Rates,https://ahca.myflorida.com/medicaid/cost-reimbursement/nursing-home-rates-html.html,cost_reimbursement,rates
ExemptProviders9_23_19.pdf,"Exempt Provider Rate Calculations (Updated September 24, 2019)",https://ahca.myflorida.com/content/download/6539/file/ExemptProviders9_23_19.pdf,pdf,"September 24, 2019",,Nursing Home Rates,https://ahca.myflorida.com/medicaid/cost-reimbursement/nursing-home-rates-html.html,cost_reimbursement,rates
FAQs_COVID_Costs_FINAL_4.13.2021.pdf,Treatment of COVID Costs FAQs,https://ahca.myflorida.com/content/download/5389/file/FAQs_COVID_Costs_FINAL_4.13.2021.pdf,pdf,2021,,SEXTANT Cost Reporting,https://ahca.myflorida.com/medicaid/cost-reimbursement/sextant-electronic-cost-reporting-for-nursing-homes-html.html,cost_reimbursement,rates
file_record_formats.pdf,Chart of Accounts Data Transmission File Record Formats,https://ahca.myflorida.com/content/download/5397/file/file_record_formats.pdf,pdf,,,SEXTANT Cost Reporting,https://ahca.myflorida.com/medicaid/cost-reimbursement/sextant-electronic-cost-reporting-for-nursing-homes-html.html,cost_reimbursement,rates
FL 24-0013 FQHC RHC Reimbursement Plan.pdf,Florida Title XIX Federally Qualified Health Center and Rural Health Clinic Reimbursement Plan Version VI,https://ahca.myflorida.com/content/download/26300/file/FL%2024-0013%20FQHC%20RHC%20Reimbursement%20Plan.pdf,pdf,,,FQHC/RHC Rates,https://ahca.myflorida.com/medicaid/cost-reimbursement/fqhc-rhc-rates-html.html,cost_reimbursement,rates
FL_DRG_Calculator.xlsx,Florida DRG Calculator,https://ahca.myflorida.com/content/download/5586/file/FL_DRG_Calculator.xlsx,xlsx,,,DRG Inpatient Payment Review,https://ahca.myflorida.com/medicaid/cost-reimbursement/diagnosis-related-group-drg-inpatient-payment-review-html.html,cost_reimbursement,rates
FL_DRG_Calculator_SFY_2014-2015.xlsx,Florida DRG Calculator SFY 2014-2015,https://ahca.myflorida.com/content/download/6708/file/FL_DRG_Calculator_SFY_2014-2015.xlsx,xlsx,2014,,DRG Inpatient Payment Review,https://ahca.myflorida.com/medicaid/cost-reimbursement/diagnosis-related-group-drg-inpatient-payment-review-html.html,cost_reimbursement,rates
FL_DRG_Calculator_SFY_2014-2015_Effective_2015-03-01.xlsx,"Florida DRG Calculator SFY 2014-15 Effective March 1, 2015",https://ahca.myflorida.com/content/download/6709/file/FL_DRG_Calculator_SFY_2014-2015_Effective_2015-03-01.xlsx,xlsx,2014,,DRG Inpatient Payment Review,https://ahca.myflorida.com/medicaid/cost-reimbursement/diagnosis-related-group-drg-inpatient-payment-review-html.html,cost_reimbursement,rates
FL_DRG_Calculator_SFY_2015-2016.xlsx,Florida DRG Calculator SFY 2015-2016,https://ahca.myflorida.com/content/download/6710/file/FL_DRG_Calculator_SFY_2015-2016.xlsx,xlsx,2015,,DRG Inpatient Payment Review,https://ahca.myflorida.com/medicaid/cost-reimbursement/diagnosis-related-group-drg-inpatient-payment-review-html.html,cost_reimbursement,rates
FL_DRG_Calculator_SFY_2015-2016_Effective_2016-03-01.xlsx,Florida DRG Calculator SFY 2015-2016,https://ahca.myflorida.com/content/download/6711/file/FL_DRG_Calculator_SFY_2015-2016_Effective_2016-03-01.xlsx,xlsx,2015,,DRG Inpatient Payment Review,https://ahca.myflorida.com/medicaid/cost-reimbursement/diagnosis-related-group-drg-inpatient-payment-review-html.html,cost_reimbursement,rates
FL_DRG_Calculator_SFY_2016-2017_2018-01-23.xlsx,Florida DRG Calculator SFY 2016-2017,https://ahca.myflorida.com/content/download/5587/file/FL_DRG_Calculator_SFY_2016-2017_2018-01-23.xlsx,xlsx,2016,,DRG Inpatient Payment Review,https://ahca.myflorida.com/medicaid/cost-reimbursement/diagnosis-related-group-drg-inpatient-payment-review-html.html,cost_reimbursement,rates
FL_DRG_Calculator_SFY_2017-2018_2018-01-23_Final.xlsx,Florida DRG Calculator,https://ahca.myflorida.com/content/download/22433/file/FL_DRG_Calculator_SFY_2017-2018_2018-01-23_Final.xlsx,xlsx,2017,,DRG Inpatient Payment Review,https://ahca.myflorida.com/medicaid/cost-reimbursement/diagnosis-related-group-drg-inpatient-payment-review-html.html,cost_reimbursement,rates
FL_DRG_Calculator_SFY_20182019_Bild_20191114_Final.xlsx,Florida DRG Calculator,https://ahca.myflorida.com/content/download/5589/file/FL_DRG_Calculator_SFY_20182019_Bild_20191114_Final.xlsx,xlsx,20/18/2019,,DRG Inpatient Payment Review,https://ahca.myflorida.com/medicaid/cost-reimbursement/diagnosis-related-group-drg-inpatient-payment-review-html.html,cost_reimbursement,rates
FL_DRG_Calculator_SFY_2019_2020_Build_2020_05_14_Final.xlsx,Florida DRG Calculator,https://ahca.myflorida.com/content/download/5590/file/FL_DRG_Calculator_SFY_2019_2020_Build_2020_05_14_Final.xlsx,xlsx,2019,,DRG Inpatient Payment Review,https://ahca.myflorida.com/medicaid/cost-reimbursement/diagnosis-related-group-drg-inpatient-payment-review-html.html,cost_reimbursement,rates
FL_DRG_Calculator_SFY_2020-2021-Eff_2020-10-01.xlsx,Florida DRG Calculator,https://ahca.myflorida.com/content/download/5591/file/FL_DRG_Calculator_SFY_2020-2021-Eff_2020-10-01.xlsx,xlsx,2020,,DRG Inpatient Payment Review,https://ahca.myflorida.com/medicaid/cost-reimbursement/diagnosis-related-group-drg-inpatient-payment-review-html.html,cost_reimbursement,rates
FL_DRG_Calculator_SFY_2020_2021_Build_2020_05_14_Final.xlsx,Florida DRG Calculator,https://ahca.myflorida.com/content/download/5592/file/FL_DRG_Calculator_SFY_2020_2021_Build_2020_05_14_Final.xlsx,xlsx,2020,,DRG Inpatient Payment Review,https://ahca.myflorida.com/medicaid/cost-reimbursement/diagnosis-related-group-drg-inpatient-payment-review-html.html,cost_reimbursement,rates
FL_DRG_Calculator_SFY_2023-2024-Eff_2023-07-01_Additional Providers.xlsx,Florida DRG Calculator – Additional Providers,https://ahca.myflorida.com/content/download/25587/file/FL_DRG_Calculator_SFY_2023-2024-Eff_2023-07-01_Additional%20Providers.xlsx,xlsx,2023,,DRG Inpatient Payment Review,https://ahca.myflorida.com/medicaid/cost-reimbursement/diagnosis-related-group-drg-inpatient-payment-review-html.html,cost_reimbursement,rates
FL_DRG_Calculator_SFY_2024-2025-Eff_2024-07-01_Additional Providers-1.xlsx,Florida DRG Calculator – Additional Providers,https://ahca.myflorida.com/content/download/28916/file/FL_DRG_Calculator_SFY_2024-2025-Eff_2024-07-01_Additional%20Providers-1.xlsx,xlsx,2024,,DRG Inpatient Payment Review,https://ahca.myflorida.com/medicaid/cost-reimbursement/diagnosis-related-group-drg-inpatient-payment-review-html.html,cost_reimbursement,rates
FL_DRG_Calculator_SFY_2025-2026-Eff_2025-07-01_Additional Providers.xlsx,Florida DRG Calculator - Additional Providers,https://ahca.myflorida.com/file/medicaid/FL_DRG_Calculator_SFY_2025-2026-Eff_2025-07-01_Additional%20Providers.xlsx,xlsx,2025,,DRG Inpatient Payment Review,https://ahca.myflorida.com/medicaid/cost-reimbursement/diagnosis-related-group-drg-inpatient-payment-review-html.html,cost_reimbursement,rates
FL_EAPG_Calculator_SFY_20172018_Eff_20180401_Bild_20191206.xlsx,EAPG Rate Calculator,https://ahca.myflorida.com/content/download/10244/file/FL_EAPG_Calculator_SFY_20172018_Eff_20180401_Bild_20191206.xlsx,xlsx,20/17/2018,,Hurricane Irma Grace Period Payments,https://ahca.myflorida.com/medicaid/cost-reimbursement/payment-to-out-of-state-and-non-medicaid-providers-during-2017-hurricane-irma-disaster-grace-period-html.html,cost_reimbursement,rates
Florida Title XIX County Health Department Reimbursement Plan Version XXII.pdf,Florida Title XIX County Health Department Reimbursement Plan Version XXII,https://ahca.myflorida.com/file/medicaid/Florida%20Title%20XIX%20County%20Health%20Department%20Reimbursement%20Plan%20Version%20XXII.pdf,pdf,,,County Health Department Rates,https://ahca.myflorida.com/medicaid/cost-reimbursement/county-health-department-rates-html.html,cost_reimbursement,rates
Florida Title XIX Long-Term Care Riembursement Plan Version LI FL-24-0010.pdf,Florida Title XIX Long-Term Care Reimbursement Plan Version&nbsp;LII,https://ahca.myflorida.com/content/download/27969/file/Florida%20Title%20XIX%20Long-Term%20Care%20Riembursement%20Plan%20Version%20LI%20FL-24-0010.pdf,pdf,,,Nursing Home Rates,https://ahca.myflorida.com/medicaid/cost-reimbursement/nursing-home-rates-html.html,cost_reimbursement,rates
Florida_DRG_Calculator.xlsx,Florida DRG Calculator,https://ahca.myflorida.com/content/download/6712/file/Florida_DRG_Calculator.xlsx,xlsx,,,DRG Inpatient Payment Review,https://ahca.myflorida.com/medicaid/cost-reimbursement/diagnosis-related-group-drg-inpatient-payment-review-html.html,cost_reimbursement,rates
FQHC RateLetters.pdf,FQHC Rate Letters,https://ahca.myflorida.com/content/download/27203/file/FQHC%20RateLetters.pdf,pdf,,,FQHC/RHC Rates,https://ahca.myflorida.com/medicaid/cost-reimbursement/fqhc-rhc-rates-html.html,cost_reimbursement,rates
FQHC RateLetters.pdf,FQHC Rate Letters,https://ahca.myflorida.com/content/download/25276/file/FQHC%20RateLetters.pdf,pdf,,,FQHC/RHC Rates,https://ahca.myflorida.com/medicaid/cost-reimbursement/fqhc-rhc-rates-html.html,cost_reimbursement,rates
FQHC RateLetters.pdf,FQHC Rate Letters,https://ahca.myflorida.com/content/download/23277/file/FQHC%20RateLetters.pdf,pdf,,,FQHC/RHC Rates,https://ahca.myflorida.com/medicaid/cost-reimbursement/fqhc-rhc-rates-html.html,cost_reimbursement,rates
FQHC_Rate_Letters.pdf,FQHC Rate Letters,https://ahca.myflorida.com/content/download/19893/file/FQHC_Rate_Letters.pdf,pdf,,,FQHC/RHC Rates,https://ahca.myflorida.com/medicaid/cost-reimbursement/fqhc-rhc-rates-html.html,cost_reimbursement,rates
FQHC_Rate_Letters_10-1-19.pdf,FQHC Rate Letters,https://ahca.myflorida.com/content/download/5451/file/FQHC_Rate_Letters_10-1-19.pdf,pdf,,,FQHC/RHC Rates,https://ahca.myflorida.com/medicaid/cost-reimbursement/fqhc-rhc-rates-html.html,cost_reimbursement,rates
FQHC_Rate_Letters_10-1-20.pdf,FQHC Rate Letters,https://ahca.myflorida.com/content/download/5452/file/FQHC_Rate_Letters_10-1-20.pdf,pdf,,,FQHC/RHC Rates,https://ahca.myflorida.com/medicaid/cost-reimbursement/fqhc-rhc-rates-html.html,cost_reimbursement,rates
FQHC_Rate_Letters_10-1-21.pdf,FQHC Rate Letters,https://ahca.myflorida.com/content/download/5453/file/FQHC_Rate_Letters_10-1-21.pdf,pdf,,,FQHC/RHC Rates,https://ahca.myflorida.com/medicaid/cost-reimbursement/fqhc-rhc-rates-html.html,cost_reimbursement,rates
FQHC_Rates_October_2019.xlsx,FQHC Rates,https://ahca.myflorida.com/content/download/5593/file/FQHC_Rates_October_2019.xlsx,xlsx,2019,,FQHC/RHC Rates,https://ahca.myflorida.com/medicaid/cost-reimbursement/fqhc-rhc-rates-html.html,cost_reimbursement,rates
FQHC_Rates_October_2020.xlsx,FQHC Rates,https://ahca.myflorida.com/content/download/5594/file/FQHC_Rates_October_2020.xlsx,xlsx,2020,,FQHC/RHC Rates,https://ahca.myflorida.com/medicaid/cost-reimbursement/fqhc-rhc-rates-html.html,cost_reimbursement,rates
FQHC_Rates_October_2021.xlsx,FQHC Rates,https://ahca.myflorida.com/content/download/5595/file/FQHC_Rates_October_2021.xlsx,xlsx,2021,,FQHC/RHC Rates,https://ahca.myflorida.com/medicaid/cost-reimbursement/fqhc-rhc-rates-html.html,cost_reimbursement,rates
FQHC_Rates_October_2022.xlsx,FQHC Rates,https://ahca.myflorida.com/content/download/19912/file/FQHC_Rates_October_2022.xlsx,xlsx,2022,,FQHC/RHC Rates,https://ahca.myflorida.com/medicaid/cost-reimbursement/fqhc-rhc-rates-html.html,cost_reimbursement,rates
FQHC_Rates_October_2023.xlsx,FQHC Rates,https://ahca.myflorida.com/content/download/23276/file/FQHC_Rates_October_2023.xlsx,xlsx,2023,,FQHC/RHC Rates,https://ahca.myflorida.com/medicaid/cost-reimbursement/fqhc-rhc-rates-html.html,cost_reimbursement,rates
FQHC_Rates_October_2024.xlsx,FQHC Rates,https://ahca.myflorida.com/content/download/25275/file/FQHC_Rates_October_2024.xlsx,xlsx,2024,,FQHC/RHC Rates,https://ahca.myflorida.com/medicaid/cost-reimbursement/fqhc-rhc-rates-html.html,cost_reimbursement,rates
FQHC_Rates_October_2025.xlsx,FQHC Rates,https://ahca.myflorida.com/content/download/27202/file/FQHC_Rates_October_2025.xlsx,xlsx,2025,,FQHC/RHC Rates,https://ahca.myflorida.com/medicaid/cost-reimbursement/fqhc-rhc-rates-html.html,cost_reimbursement,rates
FY2019-2020_UPL(AV)Final.pdf,Medicaid Nursing Home Upper Payment Limit Fiscal Year 2019-2020,https://ahca.myflorida.com/content/download/5454/file/FY2019-2020_UPL%28AV%29Final.pdf,pdf,2020,,Nursing Home Annual Reports,https://ahca.myflorida.com/medicaid/cost-reimbursement/nursing-home-annual-reports-html.html,cost_reimbursement,rates
GAA 2026.pdf,"Florida GAA (Proviso) - Section 3, Line 220",https://ahca.myflorida.com/file/medicaid/GAA%202026.pdf,pdf,2026,,County Health Department Rates,https://ahca.myflorida.com/medicaid/cost-reimbursement/county-health-department-rates-html.html,cost_reimbursement,rates
GAA_Simulation-Provider_Specific_Results_DRG_20190701_final.xlsx,Provider Specific Results,https://ahca.myflorida.com/content/download/22431/file/GAA_Simulation-Provider_Specific_Results_DRG_20190701_final.xlsx,xlsx,,,DRG Inpatient Payment Review,https://ahca.myflorida.com/medicaid/cost-reimbursement/diagnosis-related-group-drg-inpatient-payment-review-html.html,cost_reimbursement,rates
GAA_Simulation-Provider_Specific_Results_DRG_20200701.xlsx,Provider Specific Results,https://ahca.myflorida.com/content/download/22430/file/GAA_Simulation-Provider_Specific_Results_DRG_20200701.xlsx,xlsx,,,DRG Inpatient Payment Review,https://ahca.myflorida.com/medicaid/cost-reimbursement/diagnosis-related-group-drg-inpatient-payment-review-html.html,cost_reimbursement,rates
GAA_Simulation-Provider_Specific_Results_DRG_20210701.xlsx,Provider Specific DRG Results,https://ahca.myflorida.com/content/download/22427/file/GAA_Simulation-Provider_Specific_Results_DRG_20210701.xlsx,xlsx,,,DRG Inpatient Payment Review,https://ahca.myflorida.com/medicaid/cost-reimbursement/diagnosis-related-group-drg-inpatient-payment-review-html.html,cost_reimbursement,rates
GAA_Simulation-Provider_Specific_Results_DRG_20220701.xlsx,Provider Specific DRG Results,https://ahca.myflorida.com/content/download/22413/file/GAA_Simulation-Provider_Specific_Results_DRG_20220701.xlsx,xlsx,,,DRG Inpatient Payment Review,https://ahca.myflorida.com/medicaid/cost-reimbursement/diagnosis-related-group-drg-inpatient-payment-review-html.html,cost_reimbursement,rates
GAA_Simulation-Provider_Specific_Results_DRG_20230701.xlsx,Provider Specific DRG Results,https://ahca.myflorida.com/content/download/22486/file/GAA_Simulation-Provider_Specific_Results_DRG_20230701.xlsx,xlsx,,,DRG Inpatient Payment Review,https://ahca.myflorida.com/medicaid/cost-reimbursement/diagnosis-related-group-drg-inpatient-payment-review-html.html,cost_reimbursement,rates
GAA_Simulation-Provider_Specific_Results_DRG_20240701.xlsx,Provider Specific DRG Results,https://ahca.myflorida.com/content/download/24540/file/GAA_Simulation-Provider_Specific_Results_DRG_20240701.xlsx,xlsx,,,DRG Inpatient Payment Review,https://ahca.myflorida.com/medicaid/cost-reimbursement/diagnosis-related-group-drg-inpatient-payment-review-html.html,cost_reimbursement,rates
GAA_Simulation-Provider_Specific_Results_DRG_20250701.xlsx,Provider Specific DRG Results,https://ahca.myflorida.com/content/download/26767/file/GAA_Simulation-Provider_Specific_Results_DRG_20250701.xlsx,xlsx,,,DRG Inpatient Payment Review,https://ahca.myflorida.com/medicaid/cost-reimbursement/diagnosis-related-group-drg-inpatient-payment-review-html.html,cost_reimbursement,rates
GAA_Simulation-Provider_Specific_Results_DRG_20260701.xlsx,Provider Specific DRG Results,https://ahca.myflorida.com/file/medicaid/GAA_Simulation-Provider_Specific_Results_DRG_20260701.xlsx,xlsx,,,DRG Inpatient Payment Review,https://ahca.myflorida.com/medicaid/cost-reimbursement/diagnosis-related-group-drg-inpatient-payment-review-html.html,cost_reimbursement,rates
GAA_Simulation_Provider_Specific_Results.xlsx,Provider Specific Results,https://ahca.myflorida.com/content/download/5599/file/GAA_Simulation_Provider_Specific_Results.xlsx,xlsx,,,DRG Inpatient Payment Review,https://ahca.myflorida.com/medicaid/cost-reimbursement/diagnosis-related-group-drg-inpatient-payment-review-html.html,cost_reimbursement,rates
Gross Adjustment 20250131.xlsx,Retroactive Per Diem Rates,https://ahca.myflorida.com/content/download/26575/file/Gross%20Adjustment%2020250131.xlsx,xlsx,,,Nursing Home Retroactive Rate Adjustments,https://ahca.myflorida.com/medicaid/cost-reimbursement/nursing-home-retroactive-rate-adjustments-html.html,cost_reimbursement,rates
home_office_lookup_instructions.pdf,Instructions for Home Office Lookup,https://ahca.myflorida.com/content/download/5398/file/home_office_lookup_instructions.pdf,pdf,,,SEXTANT Cost Reporting,https://ahca.myflorida.com/medicaid/cost-reimbursement/sextant-electronic-cost-reporting-for-nursing-homes-html.html,cost_reimbursement,rates
Hosp_Calculation_Sheets_2025-2026.pdf,Calculation Worksheets,https://ahca.myflorida.com/content/download/26752/file/Hosp_Calculation_Sheets_2025-2026.pdf,pdf,2025,,Hospital Rates / Ambulatory Surgical Centers,https://ahca.myflorida.com/medicaid/cost-reimbursement/hospital-rates-ambulatory-surgical-centers-html.html,cost_reimbursement,rates
Hosp_Calculation_Sheets_2026-2027.pdf,Calculation Worksheets,https://ahca.myflorida.com/file/medicaid/Hosp_Calculation_Sheets_2026-2027.pdf,pdf,2026,,Hospital Rates / Ambulatory Surgical Centers,https://ahca.myflorida.com/medicaid/cost-reimbursement/hospital-rates-ambulatory-surgical-centers-html.html,cost_reimbursement,rates
Hosp_Rate_Letters_2025-2026.pdf,Rate Letters,https://ahca.myflorida.com/content/download/26753/file/Hosp_Rate_Letters_2025-2026.pdf,pdf,2025,,Hospital Rates / Ambulatory Surgical Centers,https://ahca.myflorida.com/medicaid/cost-reimbursement/hospital-rates-ambulatory-surgical-centers-html.html,cost_reimbursement,rates
Hosp_Rate_Letters_2026-2027.pdf,Rate Letters,https://ahca.myflorida.com/file/medicaid/Hosp_Rate_Letters_2026-2027.pdf,pdf,2026,,Hospital Rates / Ambulatory Surgical Centers,https://ahca.myflorida.com/medicaid/cost-reimbursement/hospital-rates-ambulatory-surgical-centers-html.html,cost_reimbursement,rates
Hospice LOC_RateLetters_202410.pdf,Hospice Rate Letters,https://ahca.myflorida.com/content/download/25314/file/Hospice%20LOC_RateLetters_202410.pdf,pdf,,,Hospice Care Services Per Diem Rates,https://ahca.myflorida.com/medicaid/cost-reimbursement/hospice-care-services-per-diem-rates-html.html,cost_reimbursement,rates
Hospice LOC_RateLetters_202510.pdf,Hospice Rate Letters,https://ahca.myflorida.com/file/medicaid/Hospice%20LOC_RateLetters_202510.pdf,pdf,,,Hospice Care Services Per Diem Rates,https://ahca.myflorida.com/medicaid/cost-reimbursement/hospice-care-services-per-diem-rates-html.html,cost_reimbursement,rates
Hospice_LOC_CalcSheets_202010.pdf,Hospice Calc Sheet,https://ahca.myflorida.com/content/download/6551/file/Hospice_LOC_CalcSheets_202010.pdf,pdf,,,Hospice Care Services Per Diem Rates,https://ahca.myflorida.com/medicaid/cost-reimbursement/hospice-care-services-per-diem-rates-html.html,cost_reimbursement,rates
Hospice_LOC_CalcSheets_202110.pdf,Hospice Calc Sheet,https://ahca.myflorida.com/content/download/6552/file/Hospice_LOC_CalcSheets_202110.pdf,pdf,,,Hospice Care Services Per Diem Rates,https://ahca.myflorida.com/medicaid/cost-reimbursement/hospice-care-services-per-diem-rates-html.html,cost_reimbursement,rates
Hospice_LOC_CalcSheets_202210.pdf,Hospice Calc Sheet,https://ahca.myflorida.com/content/download/20746/file/Hospice_LOC_CalcSheets_202210.pdf,pdf,,,Hospice Care Services Per Diem Rates,https://ahca.myflorida.com/medicaid/cost-reimbursement/hospice-care-services-per-diem-rates-html.html,cost_reimbursement,rates
Hospice_LOC_CalcSheets_202310.pdf,Hospice Calc Sheet,https://ahca.myflorida.com/content/download/23523/file/Hospice_LOC_CalcSheets_202310.pdf,pdf,,,Hospice Care Services Per Diem Rates,https://ahca.myflorida.com/medicaid/cost-reimbursement/hospice-care-services-per-diem-rates-html.html,cost_reimbursement,rates
Hospice_LOC_CalcSheets_202410.pdf,Hospice Calc Sheet,https://ahca.myflorida.com/content/download/25315/file/Hospice_LOC_CalcSheets_202410.pdf,pdf,,,Hospice Care Services Per Diem Rates,https://ahca.myflorida.com/medicaid/cost-reimbursement/hospice-care-services-per-diem-rates-html.html,cost_reimbursement,rates
Hospice_LOC_CalcSheets_202510.pdf,Hospice Calc Sheet,https://ahca.myflorida.com/file/medicaid/Hospice_LOC_CalcSheets_202510.pdf,pdf,,,Hospice Care Services Per Diem Rates,https://ahca.myflorida.com/medicaid/cost-reimbursement/hospice-care-services-per-diem-rates-html.html,cost_reimbursement,rates
Hospice_LOC_RateLetters_202010.pdf,Hospice Rate Letters,https://ahca.myflorida.com/content/download/6553/file/Hospice_LOC_RateLetters_202010.pdf,pdf,,,Hospice Care Services Per Diem Rates,https://ahca.myflorida.com/medicaid/cost-reimbursement/hospice-care-services-per-diem-rates-html.html,cost_reimbursement,rates
Hospice_LOC_RateLetters_202110.pdf,Hospice Rate Letters,https://ahca.myflorida.com/content/download/6554/file/Hospice_LOC_RateLetters_202110.pdf,pdf,,,Hospice Care Services Per Diem Rates,https://ahca.myflorida.com/medicaid/cost-reimbursement/hospice-care-services-per-diem-rates-html.html,cost_reimbursement,rates
Hospice_LOC_RateLetters_202210.pdf,Hospice Rate Letters,https://ahca.myflorida.com/content/download/19896/file/Hospice_LOC_RateLetters_202210.pdf,pdf,,,Hospice Care Services Per Diem Rates,https://ahca.myflorida.com/medicaid/cost-reimbursement/hospice-care-services-per-diem-rates-html.html,cost_reimbursement,rates
Hospice_LOC_RateLetters_202310.pdf,Hospice Rate Letters,https://ahca.myflorida.com/content/download/23522/file/Hospice_LOC_RateLetters_202310.pdf,pdf,,,Hospice Care Services Per Diem Rates,https://ahca.myflorida.com/medicaid/cost-reimbursement/hospice-care-services-per-diem-rates-html.html,cost_reimbursement,rates
Hospice_LOC_Rates_202010.xlsx,Hospice Level of Care Rates,https://ahca.myflorida.com/content/download/6713/file/Hospice_LOC_Rates_202010.xlsx,xlsx,,,Hospice Care Services Per Diem Rates,https://ahca.myflorida.com/medicaid/cost-reimbursement/hospice-care-services-per-diem-rates-html.html,cost_reimbursement,rates
Hospice_LOC_Rates_202110.xlsx,Hospice Level of Care Rates,https://ahca.myflorida.com/content/download/6714/file/Hospice_LOC_Rates_202110.xlsx,xlsx,,,Hospice Care Services Per Diem Rates,https://ahca.myflorida.com/medicaid/cost-reimbursement/hospice-care-services-per-diem-rates-html.html,cost_reimbursement,rates
Hospice_LOC_Rates_202210.xlsx,Hospice Level of Care Rates,https://ahca.myflorida.com/content/download/19914/file/Hospice_LOC_Rates_202210.xlsx,xlsx,,,Hospice Care Services Per Diem Rates,https://ahca.myflorida.com/medicaid/cost-reimbursement/hospice-care-services-per-diem-rates-html.html,cost_reimbursement,rates
Hospice_LOC_Rates_202310.xlsx,Hospice Level of Care Rates,https://ahca.myflorida.com/content/download/23403/file/Hospice_LOC_Rates_202310.xlsx,xlsx,,,Hospice Care Services Per Diem Rates,https://ahca.myflorida.com/medicaid/cost-reimbursement/hospice-care-services-per-diem-rates-html.html,cost_reimbursement,rates
Hospice_LOC_Rates_202410.xlsx,Hospice Level of Care Rates,https://ahca.myflorida.com/content/download/25313/file/Hospice_LOC_Rates_202410.xlsx,xlsx,,,Hospice Care Services Per Diem Rates,https://ahca.myflorida.com/medicaid/cost-reimbursement/hospice-care-services-per-diem-rates-html.html,cost_reimbursement,rates
Hospice_LOC_Rates_202510.xlsx,Hospice Level of Care Rates,https://ahca.myflorida.com/file/medicaid/Hospice_LOC_Rates_202510.xlsx,xlsx,,,Hospice Care Services Per Diem Rates,https://ahca.myflorida.com/medicaid/cost-reimbursement/hospice-care-services-per-diem-rates-html.html,cost_reimbursement,rates
hospice_nursing_home_log_template_6000.xlsx,Hospice Recipient Log Template,https://ahca.myflorida.com/content/download/6822/file/hospice_nursing_home_log_template_6000.xlsx,xlsx,,,Hospice Recipient Log Reporting,https://ahca.myflorida.com/medicaid/cost-reimbursement/hospice-recipient-log-reporting-html.html,cost_reimbursement,rates
Hospice_R-B_RateLetters_202010.pdf,Hospice Room and Board Rates,https://ahca.myflorida.com/content/download/6555/file/Hospice_R-B_RateLetters_202010.pdf,pdf,,,Hospice Room & Board Rates,https://ahca.myflorida.com/medicaid/cost-reimbursement/hospice-room-board-rates-html.html,cost_reimbursement,rates
Hospice_R-B_RateLetters_202110.pdf,Hospice Room and Board Rates,https://ahca.myflorida.com/content/download/6556/file/Hospice_R-B_RateLetters_202110.pdf,pdf,,,Hospice Room & Board Rates,https://ahca.myflorida.com/medicaid/cost-reimbursement/hospice-room-board-rates-html.html,cost_reimbursement,rates
Hospice_R-B_RateLetters_2021_07.pdf,Hospice Room and Board Rates,https://ahca.myflorida.com/content/download/6557/file/Hospice_R-B_RateLetters_2021_07.pdf,pdf,2021,,Hospice Room & Board Rates,https://ahca.myflorida.com/medicaid/cost-reimbursement/hospice-room-board-rates-html.html,cost_reimbursement,rates
Hospice_R-B_RateLetters_202210.pdf,Hospice Room and Board Rates,https://ahca.myflorida.com/content/download/19897/file/Hospice_R-B_RateLetters_202210.pdf,pdf,,,Hospice Room & Board Rates,https://ahca.myflorida.com/medicaid/cost-reimbursement/hospice-room-board-rates-html.html,cost_reimbursement,rates
Hospice_R-B_RateLetters_202310.pdf,Hospice Room and Board Rates,https://ahca.myflorida.com/content/download/23393/file/Hospice_R-B_RateLetters_202310.pdf,pdf,,,Hospice Room & Board Rates,https://ahca.myflorida.com/medicaid/cost-reimbursement/hospice-room-board-rates-html.html,cost_reimbursement,rates
Hospice_R-B_RateLetters_202410.pdf,Hospice Room and Board Rates,https://ahca.myflorida.com/file/medicaid/Hospice_R-B_RateLetters_202410.pdf,pdf,,,Hospice Room & Board Rates,https://ahca.myflorida.com/medicaid/cost-reimbursement/hospice-room-board-rates-html.html,cost_reimbursement,rates
Hospice_R-B_RateLetters_202510.pdf,Hospice Room and Board Rates,https://ahca.myflorida.com/file/medicaid/Hospice_R-B_RateLetters_202510.pdf,pdf,,,Hospice Room & Board Rates,https://ahca.myflorida.com/medicaid/cost-reimbursement/hospice-room-board-rates-html.html,cost_reimbursement,rates
Hospice_R-B_Rates_2015_09.pdf,Hospice Room and Board Rates,https://ahca.myflorida.com/content/download/6558/file/Hospice_R-B_Rates_2015_09.pdf,pdf,2015,,Hospice Room & Board Rates,https://ahca.myflorida.com/medicaid/cost-reimbursement/hospice-room-board-rates-html.html,cost_reimbursement,rates
Hospice_R-B_Rates_2015_09.xlsx,Hospice Room and Board Rates,https://ahca.myflorida.com/content/download/6715/file/Hospice_R-B_Rates_2015_09.xlsx,xlsx,2015,,Hospice Room & Board Rates,https://ahca.myflorida.com/medicaid/cost-reimbursement/hospice-room-board-rates-html.html,cost_reimbursement,rates
Hospice_R-B_Rates_2016_09.pdf,Hospice Room and Board Rates,https://ahca.myflorida.com/content/download/6559/file/Hospice_R-B_Rates_2016_09.pdf,pdf,2016,,Hospice Room & Board Rates,https://ahca.myflorida.com/medicaid/cost-reimbursement/hospice-room-board-rates-html.html,cost_reimbursement,rates
Hospice_R-B_Rates_2016_09.xlsx,Hospice Room and Board Rates,https://ahca.myflorida.com/content/download/6716/file/Hospice_R-B_Rates_2016_09.xlsx,xlsx,2016,,Hospice Room & Board Rates,https://ahca.myflorida.com/medicaid/cost-reimbursement/hospice-room-board-rates-html.html,cost_reimbursement,rates
Hospice_R-B_Rates_2017_09.pdf,Hospice Room and Board Rates,https://ahca.myflorida.com/content/download/6560/file/Hospice_R-B_Rates_2017_09.pdf,pdf,2017,,Hospice Room & Board Rates,https://ahca.myflorida.com/medicaid/cost-reimbursement/hospice-room-board-rates-html.html,cost_reimbursement,rates
Hospice_R-B_Rates_2017_09.xlsx,Hospice Room and Board Rates,https://ahca.myflorida.com/content/download/6717/file/Hospice_R-B_Rates_2017_09.xlsx,xlsx,2017,,Hospice Room & Board Rates,https://ahca.myflorida.com/medicaid/cost-reimbursement/hospice-room-board-rates-html.html,cost_reimbursement,rates
Hospice_R-B_Rates_2018_09.xlsx,Hospice Room and Board Rates,https://ahca.myflorida.com/content/download/6718/file/Hospice_R-B_Rates_2018_09.xlsx,xlsx,2018,,Hospice Room & Board Rates,https://ahca.myflorida.com/medicaid/cost-reimbursement/hospice-room-board-rates-html.html,cost_reimbursement,rates
Hospice_R-B_Rates_2018_10.pdf,Hospice Room and Board Rates,https://ahca.myflorida.com/content/download/6561/file/Hospice_R-B_Rates_2018_10.pdf,pdf,2018,,Hospice Room & Board Rates,https://ahca.myflorida.com/medicaid/cost-reimbursement/hospice-room-board-rates-html.html,cost_reimbursement,rates
Hospice_R-B_Rates_2019_07.pdf,Hospice Room and Board Rates,https://ahca.myflorida.com/content/download/6562/file/Hospice_R-B_Rates_2019_07.pdf,pdf,2019,,Hospice Room & Board Rates,https://ahca.myflorida.com/medicaid/cost-reimbursement/hospice-room-board-rates-html.html,cost_reimbursement,rates
Hospice_R-B_Rates_2019_07.xlsx,Hospice Room and Board Rates,https://ahca.myflorida.com/content/download/6719/file/Hospice_R-B_Rates_2019_07.xlsx,xlsx,2019,,Hospice Room & Board Rates,https://ahca.myflorida.com/medicaid/cost-reimbursement/hospice-room-board-rates-html.html,cost_reimbursement,rates
Hospice_R-B_Rates_2019_10.pdf,Hospice Room and Board Rates,https://ahca.myflorida.com/content/download/6563/file/Hospice_R-B_Rates_2019_10.pdf,pdf,2019,,Hospice Room & Board Rates,https://ahca.myflorida.com/medicaid/cost-reimbursement/hospice-room-board-rates-html.html,cost_reimbursement,rates
Hospice_R-B_Rates_2019_10.xlsx,Hospice Room and Board Rates,https://ahca.myflorida.com/content/download/6720/file/Hospice_R-B_Rates_2019_10.xlsx,xlsx,2019,,Hospice Room & Board Rates,https://ahca.myflorida.com/medicaid/cost-reimbursement/hospice-room-board-rates-html.html,cost_reimbursement,rates
Hospice_R-B_Rates_202010.xlsx,Hospice Room and Board Rates,https://ahca.myflorida.com/content/download/6721/file/Hospice_R-B_Rates_202010.xlsx,xlsx,,,Hospice Room & Board Rates,https://ahca.myflorida.com/medicaid/cost-reimbursement/hospice-room-board-rates-html.html,cost_reimbursement,rates
Hospice_R-B_Rates_2020_07.pdf,Hospice Room and Board Rates,https://ahca.myflorida.com/content/download/6564/file/Hospice_R-B_Rates_2020_07.pdf,pdf,2020,,Hospice Room & Board Rates,https://ahca.myflorida.com/medicaid/cost-reimbursement/hospice-room-board-rates-html.html,cost_reimbursement,rates
Hospice_R-B_Rates_2020_07.xlsx,Hospice Room and Board Rates,https://ahca.myflorida.com/content/download/6722/file/Hospice_R-B_Rates_2020_07.xlsx,xlsx,2020,,Hospice Room & Board Rates,https://ahca.myflorida.com/medicaid/cost-reimbursement/hospice-room-board-rates-html.html,cost_reimbursement,rates
Hospice_R-B_Rates_202110.xlsx,Hospice Room and Board Rates,https://ahca.myflorida.com/content/download/6723/file/Hospice_R-B_Rates_202110.xlsx,xlsx,,,Hospice Room & Board Rates,https://ahca.myflorida.com/medicaid/cost-reimbursement/hospice-room-board-rates-html.html,cost_reimbursement,rates
Hospice_R-B_Rates_2021_07.xlsx,Hospice Room and Board Rates,https://ahca.myflorida.com/content/download/6724/file/Hospice_R-B_Rates_2021_07.xlsx,xlsx,2021,,Hospice Room & Board Rates,https://ahca.myflorida.com/medicaid/cost-reimbursement/hospice-room-board-rates-html.html,cost_reimbursement,rates
Hospice_R-B_Rates_202210.xlsx,Hospice Room and Board Rates,https://ahca.myflorida.com/content/download/19915/file/Hospice_R-B_Rates_202210.xlsx,xlsx,,,Hospice Room & Board Rates,https://ahca.myflorida.com/medicaid/cost-reimbursement/hospice-room-board-rates-html.html,cost_reimbursement,rates
Hospice_R-B_Rates_202310.xlsx,Hospice Room and Board Rates,https://ahca.myflorida.com/content/download/23392/file/Hospice_R-B_Rates_202310.xlsx,xlsx,,,Hospice Room & Board Rates,https://ahca.myflorida.com/medicaid/cost-reimbursement/hospice-room-board-rates-html.html,cost_reimbursement,rates
Hospice_R-B_Rates_202410.xlsx,Hospice Room and Board Rates,https://ahca.myflorida.com/file/medicaid/Hospice_R-B_Rates_202410.xlsx,xlsx,,,Hospice Room & Board Rates,https://ahca.myflorida.com/medicaid/cost-reimbursement/hospice-room-board-rates-html.html,cost_reimbursement,rates
Hospice_R-B_Rates_202510.xlsx,Hospice Room and Board Rates,https://ahca.myflorida.com/file/medicaid/Hospice_R-B_Rates_202510.xlsx,xlsx,,,Hospice Room & Board Rates,https://ahca.myflorida.com/medicaid/cost-reimbursement/hospice-room-board-rates-html.html,cost_reimbursement,rates
Hospice_R-B_Rates_202607.pdf,Hospice Room and Board Rates,https://ahca.myflorida.com/file/medicaid/Hospice_R-B_Rates_202607.pdf,pdf,,,Hospice Room & Board Rates,https://ahca.myflorida.com/medicaid/cost-reimbursement/hospice-room-board-rates-html.html,cost_reimbursement,rates
Hospice_R-B_Rates_202607.xlsx,Hospice Room and Board Rates,https://ahca.myflorida.com/file/medicaid/Hospice_R-B_Rates_202607.xlsx,xlsx,,,Hospice Room & Board Rates,https://ahca.myflorida.com/medicaid/cost-reimbursement/hospice-room-board-rates-html.html,cost_reimbursement,rates
Hospice_R_B_Rates_2015_01.pdf,Hospice Room and Board Rates,https://ahca.myflorida.com/content/download/6565/file/Hospice_R_B_Rates_2015_01.pdf,pdf,2015,,Hospice Room & Board Rates,https://ahca.myflorida.com/medicaid/cost-reimbursement/hospice-room-board-rates-html.html,cost_reimbursement,rates
Hospice_R_B_Rates_2015_01.xlsx,Hospice Room and Board Rates,https://ahca.myflorida.com/content/download/6725/file/Hospice_R_B_Rates_2015_01.xlsx,xlsx,2015,,Hospice Room & Board Rates,https://ahca.myflorida.com/medicaid/cost-reimbursement/hospice-room-board-rates-html.html,cost_reimbursement,rates
Hospice_Summary_of_Log_Data_2015-01-01.pdf,Summary of Log Data,https://ahca.myflorida.com/content/download/6566/file/Hospice_Summary_of_Log_Data_2015-01-01.pdf,pdf,2015,,Hospice Room & Board Rates,https://ahca.myflorida.com/medicaid/cost-reimbursement/hospice-room-board-rates-html.html,cost_reimbursement,rates
Hospice_Summary_of_Log_Data_2015-09-01.pdf,Summary of Log Data,https://ahca.myflorida.com/content/download/6567/file/Hospice_Summary_of_Log_Data_2015-09-01.pdf,pdf,2015,,Hospice Room & Board Rates,https://ahca.myflorida.com/medicaid/cost-reimbursement/hospice-room-board-rates-html.html,cost_reimbursement,rates
Hospice_Summary_of_Log_Data_2016-09-01.pdf,Summary of Log Data,https://ahca.myflorida.com/content/download/6568/file/Hospice_Summary_of_Log_Data_2016-09-01.pdf,pdf,2016,,Hospice Room & Board Rates,https://ahca.myflorida.com/medicaid/cost-reimbursement/hospice-room-board-rates-html.html,cost_reimbursement,rates
Hospice_Summary_of_Log_Data_2017-09-01.pdf,Summary of Log Data,https://ahca.myflorida.com/content/download/6569/file/Hospice_Summary_of_Log_Data_2017-09-01.pdf,pdf,2017,,Hospice Room & Board Rates,https://ahca.myflorida.com/medicaid/cost-reimbursement/hospice-room-board-rates-html.html,cost_reimbursement,rates
Hospital_Rates_2025-07-01.xlsx,Hospital Rates,https://ahca.myflorida.com/content/download/26751/file/Hospital_Rates_2025-07-01.xlsx,xlsx,2025,,Hospital Rates / Ambulatory Surgical Centers,https://ahca.myflorida.com/medicaid/cost-reimbursement/hospital-rates-ambulatory-surgical-centers-html.html,cost_reimbursement,rates
icf_dd_public_v8.pdf,Florida Title XIX Intermediate Care Facility for the Mentally Retarded and Developmentally Disabled for Publicly Owned and Operated Facilities Version VIII,https://ahca.myflorida.com/content/download/5577/file/icf_dd_public_v8.pdf,pdf,,,Intermediate Care Facility Rates,https://ahca.myflorida.com/medicaid/cost-reimbursement/intermediate-care-facility-rates-html.html,cost_reimbursement,rates
ICF_Not_Public_April_2014.pdf,Rate Change Forms,https://ahca.myflorida.com/content/download/6572/file/ICF_Not_Public_April_2014.pdf,pdf,2014,,Intermediate Care Facility Rates,https://ahca.myflorida.com/medicaid/cost-reimbursement/intermediate-care-facility-rates-html.html,cost_reimbursement,rates
ICF_Not_Public_April_2014.xlsx,Rates,https://ahca.myflorida.com/content/download/6732/file/ICF_Not_Public_April_2014.xlsx,xlsx,2014,,Intermediate Care Facility Rates,https://ahca.myflorida.com/medicaid/cost-reimbursement/intermediate-care-facility-rates-html.html,cost_reimbursement,rates
ICF_Not_Public_Calc_July_2018.pdf,Rate Calculation Sheets,https://ahca.myflorida.com/content/download/6573/file/ICF_Not_Public_Calc_July_2018.pdf,pdf,2018,,Intermediate Care Facility Rates,https://ahca.myflorida.com/medicaid/cost-reimbursement/intermediate-care-facility-rates-html.html,cost_reimbursement,rates
ICF_Not_Public_Calc_July_2019.pdf,Rate Calculation Sheets,https://ahca.myflorida.com/content/download/6574/file/ICF_Not_Public_Calc_July_2019.pdf,pdf,2019,,Intermediate Care Facility Rates,https://ahca.myflorida.com/medicaid/cost-reimbursement/intermediate-care-facility-rates-html.html,cost_reimbursement,rates
ICF_Not_Public_Calc_July_2020.pdf,Rate Calculation Sheets,https://ahca.myflorida.com/content/download/6575/file/ICF_Not_Public_Calc_July_2020.pdf,pdf,2020,,Intermediate Care Facility Rates,https://ahca.myflorida.com/medicaid/cost-reimbursement/intermediate-care-facility-rates-html.html,cost_reimbursement,rates
ICF_Not_Public_Calc_July_2021.pdf,Rate Calculation Sheets,https://ahca.myflorida.com/content/download/6576/file/ICF_Not_Public_Calc_July_2021.pdf,pdf,2021,,Intermediate Care Facility Rates,https://ahca.myflorida.com/medicaid/cost-reimbursement/intermediate-care-facility-rates-html.html,cost_reimbursement,rates
ICF_Not_Public_Calc_July_2022.pdf,Rate Calculation Sheets,https://ahca.myflorida.com/content/download/19898/file/ICF_Not_Public_Calc_July_2022.pdf,pdf,2022,,Intermediate Care Facility Rates,https://ahca.myflorida.com/medicaid/cost-reimbursement/intermediate-care-facility-rates-html.html,cost_reimbursement,rates
ICF_Not_Public_July_2014.pdf,Rate Change Forms,https://ahca.myflorida.com/content/download/6577/file/ICF_Not_Public_July_2014.pdf,pdf,2014,,Intermediate Care Facility Rates,https://ahca.myflorida.com/medicaid/cost-reimbursement/intermediate-care-facility-rates-html.html,cost_reimbursement,rates
ICF_Not_Public_July_2014.xlsx,Rates,https://ahca.myflorida.com/content/download/6733/file/ICF_Not_Public_July_2014.xlsx,xlsx,2014,,Intermediate Care Facility Rates,https://ahca.myflorida.com/medicaid/cost-reimbursement/intermediate-care-facility-rates-html.html,cost_reimbursement,rates
ICF_Not_Public_July_2015.pdf,Rate Change Forms,https://ahca.myflorida.com/content/download/6578/file/ICF_Not_Public_July_2015.pdf,pdf,2015,,Intermediate Care Facility Rates,https://ahca.myflorida.com/medicaid/cost-reimbursement/intermediate-care-facility-rates-html.html,cost_reimbursement,rates
ICF_Not_Public_July_2015.xlsx,Rates,https://ahca.myflorida.com/content/download/6734/file/ICF_Not_Public_July_2015.xlsx,xlsx,2015,,Intermediate Care Facility Rates,https://ahca.myflorida.com/medicaid/cost-reimbursement/intermediate-care-facility-rates-html.html,cost_reimbursement,rates
ICF_Not_Public_July_2016.pdf,Rate Change Forms,https://ahca.myflorida.com/content/download/6579/file/ICF_Not_Public_July_2016.pdf,pdf,2016,,Intermediate Care Facility Rates,https://ahca.myflorida.com/medicaid/cost-reimbursement/intermediate-care-facility-rates-html.html,cost_reimbursement,rates
ICF_Not_Public_July_2016.xlsx,Rates,https://ahca.myflorida.com/content/download/6735/file/ICF_Not_Public_July_2016.xlsx,xlsx,2016,,Intermediate Care Facility Rates,https://ahca.myflorida.com/medicaid/cost-reimbursement/intermediate-care-facility-rates-html.html,cost_reimbursement,rates
ICF_Not_Public_July_2017.xlsx,Rates,https://ahca.myflorida.com/content/download/6736/file/ICF_Not_Public_July_2017.xlsx,xlsx,2017,,Intermediate Care Facility Rates,https://ahca.myflorida.com/medicaid/cost-reimbursement/intermediate-care-facility-rates-html.html,cost_reimbursement,rates
ICF_Not_Public_July_2018.xlsx,Rates,https://ahca.myflorida.com/content/download/6737/file/ICF_Not_Public_July_2018.xlsx,xlsx,2018,,Intermediate Care Facility Rates,https://ahca.myflorida.com/medicaid/cost-reimbursement/intermediate-care-facility-rates-html.html,cost_reimbursement,rates
ICF_Not_Public_July_2019.xlsx,Rates,https://ahca.myflorida.com/content/download/6738/file/ICF_Not_Public_July_2019.xlsx,xlsx,2019,,Intermediate Care Facility Rates,https://ahca.myflorida.com/medicaid/cost-reimbursement/intermediate-care-facility-rates-html.html,cost_reimbursement,rates
ICF_Not_Public_July_2020.xlsx,Rates,https://ahca.myflorida.com/content/download/6739/file/ICF_Not_Public_July_2020.xlsx,xlsx,2020,,Intermediate Care Facility Rates,https://ahca.myflorida.com/medicaid/cost-reimbursement/intermediate-care-facility-rates-html.html,cost_reimbursement,rates
ICF_Not_Public_July_2021.xlsx,Rates,https://ahca.myflorida.com/content/download/6740/file/ICF_Not_Public_July_2021.xlsx,xlsx,2021,,Intermediate Care Facility Rates,https://ahca.myflorida.com/medicaid/cost-reimbursement/intermediate-care-facility-rates-html.html,cost_reimbursement,rates
ICF_Not_Public_July_2022.xlsx,Rates,https://ahca.myflorida.com/content/download/19917/file/ICF_Not_Public_July_2022.xlsx,xlsx,2022,,Intermediate Care Facility Rates,https://ahca.myflorida.com/medicaid/cost-reimbursement/intermediate-care-facility-rates-html.html,cost_reimbursement,rates
ICF_Not_Public_July_Calc_2017.pdf,Rate Change Forms,https://ahca.myflorida.com/content/download/6580/file/ICF_Not_Public_July_Calc_2017.pdf,pdf,2017,,Intermediate Care Facility Rates,https://ahca.myflorida.com/medicaid/cost-reimbursement/intermediate-care-facility-rates-html.html,cost_reimbursement,rates
ICF_Not_Public_Letters_July_2018.pdf,Rate Letters,https://ahca.myflorida.com/content/download/6581/file/ICF_Not_Public_Letters_July_2018.pdf,pdf,2018,,Intermediate Care Facility Rates,https://ahca.myflorida.com/medicaid/cost-reimbursement/intermediate-care-facility-rates-html.html,cost_reimbursement,rates
ICF_Not_Public_Letters_July_2019.pdf,Rate Letters,https://ahca.myflorida.com/content/download/6582/file/ICF_Not_Public_Letters_July_2019.pdf,pdf,2019,,Intermediate Care Facility Rates,https://ahca.myflorida.com/medicaid/cost-reimbursement/intermediate-care-facility-rates-html.html,cost_reimbursement,rates
ICF_Not_Public_Letters_July_2020.pdf,Rate Letters,https://ahca.myflorida.com/content/download/6583/file/ICF_Not_Public_Letters_July_2020.pdf,pdf,2020,,Intermediate Care Facility Rates,https://ahca.myflorida.com/medicaid/cost-reimbursement/intermediate-care-facility-rates-html.html,cost_reimbursement,rates
ICF_Not_Public_Letters_July_2021.pdf,Rate Letters,https://ahca.myflorida.com/content/download/6584/file/ICF_Not_Public_Letters_July_2021.pdf,pdf,2021,,Intermediate Care Facility Rates,https://ahca.myflorida.com/medicaid/cost-reimbursement/intermediate-care-facility-rates-html.html,cost_reimbursement,rates
ICF_Not_Public_Letters_July_2022.pdf,Rate Letters,https://ahca.myflorida.com/content/download/19899/file/ICF_Not_Public_Letters_July_2022.pdf,pdf,2022,,Intermediate Care Facility Rates,https://ahca.myflorida.com/medicaid/cost-reimbursement/intermediate-care-facility-rates-html.html,cost_reimbursement,rates
ICF_Not_Public_Profiles_July_2018.pdf,Rate Profile Sheets,https://ahca.myflorida.com/content/download/6585/file/ICF_Not_Public_Profiles_July_2018.pdf,pdf,2018,,Intermediate Care Facility Rates,https://ahca.myflorida.com/medicaid/cost-reimbursement/intermediate-care-facility-rates-html.html,cost_reimbursement,rates
ICF_Not_Public_Profiles_July_2019.pdf,Rate Profile Sheets,https://ahca.myflorida.com/content/download/6586/file/ICF_Not_Public_Profiles_July_2019.pdf,pdf,2019,,Intermediate Care Facility Rates,https://ahca.myflorida.com/medicaid/cost-reimbursement/intermediate-care-facility-rates-html.html,cost_reimbursement,rates
ICF_Not_Public_Profiles_July_2020.pdf,Rate Profile Sheets,https://ahca.myflorida.com/content/download/6587/file/ICF_Not_Public_Profiles_July_2020.pdf,pdf,2020,,Intermediate Care Facility Rates,https://ahca.myflorida.com/medicaid/cost-reimbursement/intermediate-care-facility-rates-html.html,cost_reimbursement,rates
ICF_Not_Public_Profiles_July_2021.pdf,Rate Profile Sheets,https://ahca.myflorida.com/content/download/6588/file/ICF_Not_Public_Profiles_July_2021.pdf,pdf,2021,,Intermediate Care Facility Rates,https://ahca.myflorida.com/medicaid/cost-reimbursement/intermediate-care-facility-rates-html.html,cost_reimbursement,rates
ICF_Not_Public_Profiles_July_2022.pdf,Rate Profile Sheets,https://ahca.myflorida.com/content/download/19900/file/ICF_Not_Public_Profiles_July_2022.pdf,pdf,2022,,Intermediate Care Facility Rates,https://ahca.myflorida.com/medicaid/cost-reimbursement/intermediate-care-facility-rates-html.html,cost_reimbursement,rates
ICF_Public_April_2014.pdf,Rate Change Forms,https://ahca.myflorida.com/content/download/6589/file/ICF_Public_April_2014.pdf,pdf,2014,,Intermediate Care Facility Rates,https://ahca.myflorida.com/medicaid/cost-reimbursement/intermediate-care-facility-rates-html.html,cost_reimbursement,rates
ICF_Public_Calc_July_2019.pdf,Rate Calculation Sheets,https://ahca.myflorida.com/content/download/6590/file/ICF_Public_Calc_July_2019.pdf,pdf,2019,,Intermediate Care Facility Rates,https://ahca.myflorida.com/medicaid/cost-reimbursement/intermediate-care-facility-rates-html.html,cost_reimbursement,rates
ICF_Public_Calc_July_2020.pdf,Rate Calculation Sheets,https://ahca.myflorida.com/content/download/6591/file/ICF_Public_Calc_July_2020.pdf,pdf,2020,,Intermediate Care Facility Rates,https://ahca.myflorida.com/medicaid/cost-reimbursement/intermediate-care-facility-rates-html.html,cost_reimbursement,rates
ICF_Public_Calc_July_2021.pdf,Rate Calculation Sheets,https://ahca.myflorida.com/content/download/6592/file/ICF_Public_Calc_July_2021.pdf,pdf,2021,,Intermediate Care Facility Rates,https://ahca.myflorida.com/medicaid/cost-reimbursement/intermediate-care-facility-rates-html.html,cost_reimbursement,rates
ICF_Public_Calc_July_2022.pdf,Rate Calculation Sheets,https://ahca.myflorida.com/content/download/19901/file/ICF_Public_Calc_July_2022.pdf,pdf,2022,,Intermediate Care Facility Rates,https://ahca.myflorida.com/medicaid/cost-reimbursement/intermediate-care-facility-rates-html.html,cost_reimbursement,rates
ICF_Public_July_2014.pdf,Rate Change Forms,https://ahca.myflorida.com/content/download/6593/file/ICF_Public_July_2014.pdf,pdf,2014,,Intermediate Care Facility Rates,https://ahca.myflorida.com/medicaid/cost-reimbursement/intermediate-care-facility-rates-html.html,cost_reimbursement,rates
ICF_Public_July_2014.xlsx,Rates,https://ahca.myflorida.com/content/download/6741/file/ICF_Public_July_2014.xlsx,xlsx,2014,,Intermediate Care Facility Rates,https://ahca.myflorida.com/medicaid/cost-reimbursement/intermediate-care-facility-rates-html.html,cost_reimbursement,rates
ICF_Public_July_2015.pdf,Rate Change Forms,https://ahca.myflorida.com/content/download/6594/file/ICF_Public_July_2015.pdf,pdf,2015,,Intermediate Care Facility Rates,https://ahca.myflorida.com/medicaid/cost-reimbursement/intermediate-care-facility-rates-html.html,cost_reimbursement,rates
ICF_Public_July_2015.xlsx,Rates,https://ahca.myflorida.com/content/download/6742/file/ICF_Public_July_2015.xlsx,xlsx,2015,,Intermediate Care Facility Rates,https://ahca.myflorida.com/medicaid/cost-reimbursement/intermediate-care-facility-rates-html.html,cost_reimbursement,rates
ICF_Public_July_2016.pdf,Rate Change Forms,https://ahca.myflorida.com/content/download/6595/file/ICF_Public_July_2016.pdf,pdf,2016,,Intermediate Care Facility Rates,https://ahca.myflorida.com/medicaid/cost-reimbursement/intermediate-care-facility-rates-html.html,cost_reimbursement,rates
ICF_Public_July_2016.xlsx,Rates,https://ahca.myflorida.com/content/download/6743/file/ICF_Public_July_2016.xlsx,xlsx,2016,,Intermediate Care Facility Rates,https://ahca.myflorida.com/medicaid/cost-reimbursement/intermediate-care-facility-rates-html.html,cost_reimbursement,rates
ICF_Public_July_2017.pdf,Rate Change Forms,https://ahca.myflorida.com/content/download/6596/file/ICF_Public_July_2017.pdf,pdf,2017,,Intermediate Care Facility Rates,https://ahca.myflorida.com/medicaid/cost-reimbursement/intermediate-care-facility-rates-html.html,cost_reimbursement,rates
ICF_Public_July_2017.xlsx,Rates,https://ahca.myflorida.com/content/download/6744/file/ICF_Public_July_2017.xlsx,xlsx,2017,,Intermediate Care Facility Rates,https://ahca.myflorida.com/medicaid/cost-reimbursement/intermediate-care-facility-rates-html.html,cost_reimbursement,rates
ICF_Public_July_2018.pdf,Rate Change Forms,https://ahca.myflorida.com/content/download/6597/file/ICF_Public_July_2018.pdf,pdf,2018,,Intermediate Care Facility Rates,https://ahca.myflorida.com/medicaid/cost-reimbursement/intermediate-care-facility-rates-html.html,cost_reimbursement,rates
ICF_Public_July_2018.xlsx,Rates,https://ahca.myflorida.com/content/download/6745/file/ICF_Public_July_2018.xlsx,xlsx,2018,,Intermediate Care Facility Rates,https://ahca.myflorida.com/medicaid/cost-reimbursement/intermediate-care-facility-rates-html.html,cost_reimbursement,rates
ICF_Public_July_2019.xlsx,Rates,https://ahca.myflorida.com/content/download/6746/file/ICF_Public_July_2019.xlsx,xlsx,2019,,Intermediate Care Facility Rates,https://ahca.myflorida.com/medicaid/cost-reimbursement/intermediate-care-facility-rates-html.html,cost_reimbursement,rates
ICF_Public_July_2020.xlsx,Rates,https://ahca.myflorida.com/content/download/6747/file/ICF_Public_July_2020.xlsx,xlsx,2020,,Intermediate Care Facility Rates,https://ahca.myflorida.com/medicaid/cost-reimbursement/intermediate-care-facility-rates-html.html,cost_reimbursement,rates
ICF_Public_July_2021.xlsx,Rates,https://ahca.myflorida.com/content/download/6748/file/ICF_Public_July_2021.xlsx,xlsx,2021,,Intermediate Care Facility Rates,https://ahca.myflorida.com/medicaid/cost-reimbursement/intermediate-care-facility-rates-html.html,cost_reimbursement,rates
ICF_Public_July_2022.xlsx,Rates,https://ahca.myflorida.com/content/download/19918/file/ICF_Public_July_2022.xlsx,xlsx,2022,,Intermediate Care Facility Rates,https://ahca.myflorida.com/medicaid/cost-reimbursement/intermediate-care-facility-rates-html.html,cost_reimbursement,rates
ICF_Public_July_2023.xlsx,Rates,https://ahca.myflorida.com/content/download/22808/file/ICF_Public_July_2023.xlsx,xlsx,2023,,Intermediate Care Facility Rates,https://ahca.myflorida.com/medicaid/cost-reimbursement/intermediate-care-facility-rates-html.html,cost_reimbursement,rates
ICF_Public_July_2024.xlsx,Rates,https://ahca.myflorida.com/content/download/24918/file/ICF_Public_July_2024.xlsx,xlsx,2024,,Intermediate Care Facility Rates,https://ahca.myflorida.com/medicaid/cost-reimbursement/intermediate-care-facility-rates-html.html,cost_reimbursement,rates
ICF_Public_Letters_July_2019.pdf,Rate Letters,https://ahca.myflorida.com/content/download/6598/file/ICF_Public_Letters_July_2019.pdf,pdf,2019,,Intermediate Care Facility Rates,https://ahca.myflorida.com/medicaid/cost-reimbursement/intermediate-care-facility-rates-html.html,cost_reimbursement,rates
ICF_Public_Letters_July_2020.pdf,Rate Letters,https://ahca.myflorida.com/content/download/6599/file/ICF_Public_Letters_July_2020.pdf,pdf,2020,,Intermediate Care Facility Rates,https://ahca.myflorida.com/medicaid/cost-reimbursement/intermediate-care-facility-rates-html.html,cost_reimbursement,rates
ICF_Public_Letters_July_2021.pdf,Rate Letters,https://ahca.myflorida.com/content/download/6600/file/ICF_Public_Letters_July_2021.pdf,pdf,2021,,Intermediate Care Facility Rates,https://ahca.myflorida.com/medicaid/cost-reimbursement/intermediate-care-facility-rates-html.html,cost_reimbursement,rates
ICF_Public_Letters_July_2022.pdf,Rate Letters,https://ahca.myflorida.com/content/download/19902/file/ICF_Public_Letters_July_2022.pdf,pdf,2022,,Intermediate Care Facility Rates,https://ahca.myflorida.com/medicaid/cost-reimbursement/intermediate-care-facility-rates-html.html,cost_reimbursement,rates
ICF_Public_October_2013.xlsx,Rates,https://ahca.myflorida.com/content/download/8817/file/ICF_Public_October_2013.xlsx,xlsx,2013,,Intermediate Care Facility Rates,https://ahca.myflorida.com/medicaid/cost-reimbursement/intermediate-care-facility-rates-html.html,cost_reimbursement,rates
ICF_Public_Profiles_July_2019.pdf,Rate Profile Sheets,https://ahca.myflorida.com/content/download/6601/file/ICF_Public_Profiles_July_2019.pdf,pdf,2019,,Intermediate Care Facility Rates,https://ahca.myflorida.com/medicaid/cost-reimbursement/intermediate-care-facility-rates-html.html,cost_reimbursement,rates
ICF_Public_Profiles_July_2020.pdf,Rate Profile Sheets,https://ahca.myflorida.com/content/download/6602/file/ICF_Public_Profiles_July_2020.pdf,pdf,2020,,Intermediate Care Facility Rates,https://ahca.myflorida.com/medicaid/cost-reimbursement/intermediate-care-facility-rates-html.html,cost_reimbursement,rates
ICF_Public_Profiles_July_2021.pdf,Rate Profile Sheets,https://ahca.myflorida.com/content/download/6603/file/ICF_Public_Profiles_July_2021.pdf,pdf,2021,,Intermediate Care Facility Rates,https://ahca.myflorida.com/medicaid/cost-reimbursement/intermediate-care-facility-rates-html.html,cost_reimbursement,rates
ICF_Public_Profiles_July_2022.pdf,Rate Profile Sheets,https://ahca.myflorida.com/content/download/19903/file/ICF_Public_Profiles_July_2022.pdf,pdf,2022,,Intermediate Care Facility Rates,https://ahca.myflorida.com/medicaid/cost-reimbursement/intermediate-care-facility-rates-html.html,cost_reimbursement,rates
ICFs Hospice RB October 2023 Website.xlsx,Hospice ICF-DD Room and Board Rates,https://ahca.myflorida.com/content/download/24230/file/ICFs%20Hospice%20RB%20October%202023%20Website.xlsx,xlsx,2023,,Hospice Room & Board Rates,https://ahca.myflorida.com/medicaid/cost-reimbursement/hospice-room-board-rates-html.html,cost_reimbursement,rates
ICFs Hospice RB October 2024 Website.xlsx,Hospice ICF-DD Room and Board Rates,https://ahca.myflorida.com/content/download/25167/file/ICFs%20Hospice%20RB%20October%202024%20Website.xlsx,xlsx,2024,,Hospice Room & Board Rates,https://ahca.myflorida.com/medicaid/cost-reimbursement/hospice-room-board-rates-html.html,cost_reimbursement,rates
ICFs Hospice RB October 2025 Website.xlsx,Hospice ICF-DD Room and Board Rates,https://ahca.myflorida.com/content/download/27210/file/ICFs%20Hospice%20RB%20October%202025%20Website.xlsx,xlsx,2025,,Hospice Room & Board Rates,https://ahca.myflorida.com/medicaid/cost-reimbursement/hospice-room-board-rates-html.html,cost_reimbursement,rates
ICFs_Hospice_RB_July_2015-Website.xlsx,Hospice ICF-DD Room and Board Rates,https://ahca.myflorida.com/content/download/6749/file/ICFs_Hospice_RB_July_2015-Website.xlsx,xlsx,2015,,Hospice Room & Board Rates,https://ahca.myflorida.com/medicaid/cost-reimbursement/hospice-room-board-rates-html.html,cost_reimbursement,rates
ICFs_Hospice_RB_October_2016-Website.xlsx,Hospice ICF-DD Room and Board Rates,https://ahca.myflorida.com/content/download/6750/file/ICFs_Hospice_RB_October_2016-Website.xlsx,xlsx,2016,,Hospice Room & Board Rates,https://ahca.myflorida.com/medicaid/cost-reimbursement/hospice-room-board-rates-html.html,cost_reimbursement,rates
ICFs_Hospice_RB_October_2017-Website.xlsx,Hospice ICF-DD Room and Board Rates,https://ahca.myflorida.com/content/download/6751/file/ICFs_Hospice_RB_October_2017-Website.xlsx,xlsx,2017,,Hospice Room & Board Rates,https://ahca.myflorida.com/medicaid/cost-reimbursement/hospice-room-board-rates-html.html,cost_reimbursement,rates
ICFs_Hospice_RB_October_2018.xlsx,Hospice ICF-DD Room and Board Rates,https://ahca.myflorida.com/content/download/6752/file/ICFs_Hospice_RB_October_2018.xlsx,xlsx,2018,,Hospice Room & Board Rates,https://ahca.myflorida.com/medicaid/cost-reimbursement/hospice-room-board-rates-html.html,cost_reimbursement,rates
ICFs_Hospice_RB_October_2019.xlsx,Hospice ICF-DD Room and Board Rates,https://ahca.myflorida.com/content/download/6753/file/ICFs_Hospice_RB_October_2019.xlsx,xlsx,2019,,Hospice Room & Board Rates,https://ahca.myflorida.com/medicaid/cost-reimbursement/hospice-room-board-rates-html.html,cost_reimbursement,rates
ICFs_Hospice_RB_October_2020.xlsx,Hospice ICF-DD Room and Board Rates,https://ahca.myflorida.com/content/download/6754/file/ICFs_Hospice_RB_October_2020.xlsx,xlsx,2020,,Hospice Room & Board Rates,https://ahca.myflorida.com/medicaid/cost-reimbursement/hospice-room-board-rates-html.html,cost_reimbursement,rates
ICFs_Hospice_RB_October_2021.xlsx,Hospice ICF-DD Room and Board Rates,https://ahca.myflorida.com/content/download/6755/file/ICFs_Hospice_RB_October_2021.xlsx,xlsx,2021,,Hospice Room & Board Rates,https://ahca.myflorida.com/medicaid/cost-reimbursement/hospice-room-board-rates-html.html,cost_reimbursement,rates
ICFs_Hospice_RB_October_2022.xlsx,Hospice ICF-DD Room and Board Rates,https://ahca.myflorida.com/content/download/19919/file/ICFs_Hospice_RB_October_2022.xlsx,xlsx,2022,,Hospice Room & Board Rates,https://ahca.myflorida.com/medicaid/cost-reimbursement/hospice-room-board-rates-html.html,cost_reimbursement,rates
Inpatient Hospital Reimbursement Plan 20240701.pdf,Florida Title XIX Inpatient Hospital Reimbursement Plan Version XXLIII,https://ahca.myflorida.com/content/download/28029/file/Inpatient%20Hospital%20Reimbursement%20Plan%2020240701.pdf,pdf,,,Hospital Rates / Ambulatory Surgical Centers,https://ahca.myflorida.com/medicaid/cost-reimbursement/hospital-rates-ambulatory-surgical-centers-html.html,cost_reimbursement,rates
Instructions_Hospice_Log_Reporting.pdf,Instructions for Hospice Log Reporting,https://ahca.myflorida.com/content/download/6604/file/Instructions_Hospice_Log_Reporting.pdf,pdf,,,Hospice Recipient Log Reporting,https://ahca.myflorida.com/medicaid/cost-reimbursement/hospice-recipient-log-reporting-html.html,cost_reimbursement,rates
Jan_2016_HOSPICE_LEVEL_OF_CARE-WEB.xlsx,Hospice Level of Care Rates,https://ahca.myflorida.com/content/download/6756/file/Jan_2016_HOSPICE_LEVEL_OF_CARE-WEB.xlsx,xlsx,2016,,Hospice Care Services Per Diem Rates,https://ahca.myflorida.com/medicaid/cost-reimbursement/hospice-care-services-per-diem-rates-html.html,cost_reimbursement,rates
Jan_2016_Hospice_LOC_Calc_Sheets.pdf,Hospice Calc Sheet,https://ahca.myflorida.com/content/download/6605/file/Jan_2016_Hospice_LOC_Calc_Sheets.pdf,pdf,2016,,Hospice Care Services Per Diem Rates,https://ahca.myflorida.com/medicaid/cost-reimbursement/hospice-care-services-per-diem-rates-html.html,cost_reimbursement,rates
Jan_2016_Hospice_LOC_rate_letters.pdf,Hospice Rate Letters,https://ahca.myflorida.com/content/download/6606/file/Jan_2016_Hospice_LOC_rate_letters.pdf,pdf,2016,,Hospice Care Services Per Diem Rates,https://ahca.myflorida.com/medicaid/cost-reimbursement/hospice-care-services-per-diem-rates-html.html,cost_reimbursement,rates
Medicaid_Nursing_Upper_Payment_Limit_Fiscal_Year_2016-2017.pdf,Medicaid Nursing Home Upper Payment Limit Fiscal Year 2016-2017,https://ahca.myflorida.com/content/download/6607/file/Medicaid_Nursing_Upper_Payment_Limit_Fiscal_Year_2016-2017.pdf,pdf,2016,,Nursing Home Annual Reports,https://ahca.myflorida.com/medicaid/cost-reimbursement/nursing-home-annual-reports-html.html,cost_reimbursement,rates
NH_Exempt_Rate_Calculations_2021-07-01.pdf,"Exempt Provider Rate Calculations (Updated August 2, 2021)",https://ahca.myflorida.com/content/download/6608/file/NH_Exempt_Rate_Calculations_2021-07-01.pdf,pdf,2021,,Nursing Home Rates,https://ahca.myflorida.com/medicaid/cost-reimbursement/nursing-home-rates-html.html,cost_reimbursement,rates
NH_Exempt_Rate_Calculations_2021-10-01.pdf,"Exempt Provider Rate Calculations (Updated November 16, 2021)",https://ahca.myflorida.com/content/download/6609/file/NH_Exempt_Rate_Calculations_2021-10-01.pdf,pdf,2021,,Nursing Home Rates,https://ahca.myflorida.com/medicaid/cost-reimbursement/nursing-home-rates-html.html,cost_reimbursement,rates
NH_Exempt_Rate_Calculations_2022-01-01.pdf,"Exempt Provider Rate Calculations (Updated December 29, 2021)",https://ahca.myflorida.com/content/download/6610/file/NH_Exempt_Rate_Calculations_2022-01-01.pdf,pdf,2022,,Nursing Home Rates,https://ahca.myflorida.com/medicaid/cost-reimbursement/nursing-home-rates-html.html,cost_reimbursement,rates
NH_Exempt_Rate_Letters_20191001.pdf,"Exempt Provider Rate Letters (Update August 20, 2019)",https://ahca.myflorida.com/content/download/6611/file/NH_Exempt_Rate_Letters_20191001.pdf,pdf,"August 20, 2019",,Nursing Home Rates,https://ahca.myflorida.com/medicaid/cost-reimbursement/nursing-home-rates-html.html,cost_reimbursement,rates
NH_Exempt_Rate_Letters_2020-07-01.pdf,"Exempt Provider Rate Letters (Updated July 31, 2020)",https://ahca.myflorida.com/content/download/6612/file/NH_Exempt_Rate_Letters_2020-07-01.pdf,pdf,2020,,Nursing Home Rates,https://ahca.myflorida.com/medicaid/cost-reimbursement/nursing-home-rates-html.html,cost_reimbursement,rates
NH_Exempt_Rate_Letters_2020_10-01.pdf,"Exempt Provider Rate Letters (Updated October 12, 2020)",https://ahca.myflorida.com/content/download/6613/file/NH_Exempt_Rate_Letters_2020_10-01.pdf,pdf,2020,,Nursing Home Rates,https://ahca.myflorida.com/medicaid/cost-reimbursement/nursing-home-rates-html.html,cost_reimbursement,rates
NH_Exempt_Rate_Letters_2021-07-01.pdf,"Exempt Provider Rate Letters (Updated August 2, 2021)",https://ahca.myflorida.com/content/download/6614/file/NH_Exempt_Rate_Letters_2021-07-01.pdf,pdf,2021,,Nursing Home Rates,https://ahca.myflorida.com/medicaid/cost-reimbursement/nursing-home-rates-html.html,cost_reimbursement,rates
NH_Exempt_Rate_Letters_2021-10-01.pdf,"Exempt Provider Rate Letters (Updated December 1, 2021)",https://ahca.myflorida.com/content/download/6615/file/NH_Exempt_Rate_Letters_2021-10-01.pdf,pdf,2021,,Nursing Home Rates,https://ahca.myflorida.com/medicaid/cost-reimbursement/nursing-home-rates-html.html,cost_reimbursement,rates
NH_Exempt_Rate_Letters_2021-10-01_Hospice.pdf,"Exempt Provider Rate Letters (Updated December 29, 2021)",https://ahca.myflorida.com/content/download/6616/file/NH_Exempt_Rate_Letters_2021-10-01_Hospice.pdf,pdf,2021,,Nursing Home Rates,https://ahca.myflorida.com/medicaid/cost-reimbursement/nursing-home-rates-html.html,cost_reimbursement,rates
NH_Exempt_Rate_Letters_2022_01-01.pdf,"Exempt Provider Rate Letters (Updated December 29, 2021)",https://ahca.myflorida.com/content/download/6617/file/NH_Exempt_Rate_Letters_2022_01-01.pdf,pdf,2022,,Nursing Home Rates,https://ahca.myflorida.com/medicaid/cost-reimbursement/nursing-home-rates-html.html,cost_reimbursement,rates
NH_Final_Rate_Letters_2021-10-01_Hospice.pdf,"Rate Letters (Updated December 29, 2021)",https://ahca.myflorida.com/content/download/6618/file/NH_Final_Rate_Letters_2021-10-01_Hospice.pdf,pdf,2021,,Nursing Home Rates,https://ahca.myflorida.com/medicaid/cost-reimbursement/nursing-home-rates-html.html,cost_reimbursement,rates
NH_Final_Rates_2018-10-01.xlsx,"Final Rates (Updated April 28, 2022)",https://ahca.myflorida.com/content/download/6757/file/NH_Final_Rates_2018-10-01.xlsx,xlsx,2018,,Nursing Home Rates,https://ahca.myflorida.com/medicaid/cost-reimbursement/nursing-home-rates-html.html,cost_reimbursement,rates
NH_Final_Rates_2019-07-01.xlsx,"Final Rates (Updated March 10, 2021)",https://ahca.myflorida.com/content/download/6758/file/NH_Final_Rates_2019-07-01.xlsx,xlsx,2019,,Nursing Home Rates,https://ahca.myflorida.com/medicaid/cost-reimbursement/nursing-home-rates-html.html,cost_reimbursement,rates
NH_Final_Rates_2019-10-01.xlsx,"Final Rates (Updated April 28, 2022)",https://ahca.myflorida.com/content/download/6759/file/NH_Final_Rates_2019-10-01.xlsx,xlsx,2019,,Nursing Home Rates,https://ahca.myflorida.com/medicaid/cost-reimbursement/nursing-home-rates-html.html,cost_reimbursement,rates
NH_Final_Rates_2020-07-01_Final.xlsx,"Final Rates (Updated April 28, 2022)",https://ahca.myflorida.com/content/download/6760/file/NH_Final_Rates_2020-07-01_Final.xlsx,xlsx,2020,,Nursing Home Rates,https://ahca.myflorida.com/medicaid/cost-reimbursement/nursing-home-rates-html.html,cost_reimbursement,rates
NH_Final_Rates_2020-10-01.xlsx,"Final Rates (Updated June 9, 2022)",https://ahca.myflorida.com/content/download/6761/file/NH_Final_Rates_2020-10-01.xlsx,xlsx,2020,,Nursing Home Rates,https://ahca.myflorida.com/medicaid/cost-reimbursement/nursing-home-rates-html.html,cost_reimbursement,rates
NH_Final_Rates_2021-07-01.xlsx,"Final Rates (Updated June 9, 2022)",https://ahca.myflorida.com/content/download/6762/file/NH_Final_Rates_2021-07-01.xlsx,xlsx,2021,,Nursing Home Rates,https://ahca.myflorida.com/medicaid/cost-reimbursement/nursing-home-rates-html.html,cost_reimbursement,rates
NH_Final_Rates_2021-10-01.xlsx,"Final Rates (Updated June 9, 2022)",https://ahca.myflorida.com/content/download/6763/file/NH_Final_Rates_2021-10-01.xlsx,xlsx,2021,,Nursing Home Rates,https://ahca.myflorida.com/medicaid/cost-reimbursement/nursing-home-rates-html.html,cost_reimbursement,rates
NH_Final_Rates_2021-10-01_Hospice.xlsx,"Final Rates (Updated December 29, 2021)",https://ahca.myflorida.com/content/download/6764/file/NH_Final_Rates_2021-10-01_Hospice.xlsx,xlsx,2021,,Nursing Home Rates,https://ahca.myflorida.com/medicaid/cost-reimbursement/nursing-home-rates-html.html,cost_reimbursement,rates
NH_Final_Rates_2022-01-01.xlsx,"Final Rates (Updated June 9, 2022)",https://ahca.myflorida.com/content/download/6765/file/NH_Final_Rates_2022-01-01.xlsx,xlsx,2022,,Nursing Home Rates,https://ahca.myflorida.com/medicaid/cost-reimbursement/nursing-home-rates-html.html,cost_reimbursement,rates
NH_Final_Rates_2022-10-01_221006.xlsx,"Final Rates (Updated October 1, 2022)",https://ahca.myflorida.com/content/download/19920/file/NH_Final_Rates_2022-10-01_221006.xlsx,xlsx,2022,,Nursing Home Rates,https://ahca.myflorida.com/medicaid/cost-reimbursement/nursing-home-rates-html.html,cost_reimbursement,rates
NH_Final_Rates_2023-10-01.xlsx,"NH Final Rates (Updated September 5, 2023)",https://ahca.myflorida.com/content/download/23156/file/NH_Final_Rates_2023-10-01.xlsx,xlsx,2023,,Nursing Home Rates,https://ahca.myflorida.com/medicaid/cost-reimbursement/nursing-home-rates-html.html,cost_reimbursement,rates
NH_Final_Rates_2024-10-01.xlsx,"NH Final Rates (Updated September 23, 2024)",https://ahca.myflorida.com/content/download/25127/file/NH_Final_Rates_2024-10-01.xlsx,xlsx,2024,,Nursing Home Rates,https://ahca.myflorida.com/medicaid/cost-reimbursement/nursing-home-rates-html.html,cost_reimbursement,rates
NH_Final_Rates_Details_2018-10-01.xlsx,"Final Rates - Detail (Updated August 13, 2018)",https://ahca.myflorida.com/content/download/6766/file/NH_Final_Rates_Details_2018-10-01.xlsx,xlsx,2018,,Nursing Home Rates,https://ahca.myflorida.com/medicaid/cost-reimbursement/nursing-home-rates-html.html,cost_reimbursement,rates
NH_Final_Rates_Details_2019-07-01.xlsx,"Final Rates - Detail (Updated July 1, 2019)",https://ahca.myflorida.com/content/download/6767/file/NH_Final_Rates_Details_2019-07-01.xlsx,xlsx,2019,,Nursing Home Rates,https://ahca.myflorida.com/medicaid/cost-reimbursement/nursing-home-rates-html.html,cost_reimbursement,rates
NH_Final_Rates_Details_2019-10-01.xlsx,"Final Rates - Detail (Updated August 20, 2019)",https://ahca.myflorida.com/content/download/6768/file/NH_Final_Rates_Details_2019-10-01.xlsx,xlsx,2019,,Nursing Home Rates,https://ahca.myflorida.com/medicaid/cost-reimbursement/nursing-home-rates-html.html,cost_reimbursement,rates
NH_Final_Rates_Details_2020-07-01_Final.xlsx,"Final Rates – Detail (Updated July 15, 2020)",https://ahca.myflorida.com/content/download/6769/file/NH_Final_Rates_Details_2020-07-01_Final.xlsx,xlsx,2020,,Nursing Home Rates,https://ahca.myflorida.com/medicaid/cost-reimbursement/nursing-home-rates-html.html,cost_reimbursement,rates
NH_Final_Rates_Details_2020-10-01.xlsx,"Final Rates – Detail (Updated September 21, 2020)",https://ahca.myflorida.com/content/download/6770/file/NH_Final_Rates_Details_2020-10-01.xlsx,xlsx,2020,,Nursing Home Rates,https://ahca.myflorida.com/medicaid/cost-reimbursement/nursing-home-rates-html.html,cost_reimbursement,rates
NH_Final_Rates_Details_2021-07-01.xlsx,"Final Rates – Detail (Updated July 1, 2021)",https://ahca.myflorida.com/content/download/6771/file/NH_Final_Rates_Details_2021-07-01.xlsx,xlsx,2021,,Nursing Home Rates,https://ahca.myflorida.com/medicaid/cost-reimbursement/nursing-home-rates-html.html,cost_reimbursement,rates
NH_Final_Rates_Details_2021-10-01.xlsx,"Final Rates – Detail (Updated November 16, 2021)",https://ahca.myflorida.com/content/download/6772/file/NH_Final_Rates_Details_2021-10-01.xlsx,xlsx,2021,,Nursing Home Rates,https://ahca.myflorida.com/medicaid/cost-reimbursement/nursing-home-rates-html.html,cost_reimbursement,rates
NH_Final_Rates_Details_2021-10-01_Hospice.xlsx,"Final Rates – Detail (Updated December 29, 2021)",https://ahca.myflorida.com/content/download/6773/file/NH_Final_Rates_Details_2021-10-01_Hospice.xlsx,xlsx,2021,,Nursing Home Rates,https://ahca.myflorida.com/medicaid/cost-reimbursement/nursing-home-rates-html.html,cost_reimbursement,rates
NH_Final_Rates_Details_2022-01-01.xlsx,"Final Rates – Detail (Updated December 29, 2021)",https://ahca.myflorida.com/content/download/6774/file/NH_Final_Rates_Details_2022-01-01.xlsx,xlsx,2022,,Nursing Home Rates,https://ahca.myflorida.com/medicaid/cost-reimbursement/nursing-home-rates-html.html,cost_reimbursement,rates
NH_Final_Rates_Details_2022-10-01_221006.xlsx,"Final Rates – Detail (Updated October 1, 2022)",https://ahca.myflorida.com/content/download/19921/file/NH_Final_Rates_Details_2022-10-01_221006.xlsx,xlsx,2022,,Nursing Home Rates,https://ahca.myflorida.com/medicaid/cost-reimbursement/nursing-home-rates-html.html,cost_reimbursement,rates
NH_Final_Rates_Details_2023-10-01.xlsx,"NH Final Rates – Detail (Updated September 5, 2023)",https://ahca.myflorida.com/content/download/23163/file/NH_Final_Rates_Details_2023-10-01.xlsx,xlsx,2023,,Nursing Home Rates,https://ahca.myflorida.com/medicaid/cost-reimbursement/nursing-home-rates-html.html,cost_reimbursement,rates
NH_Final_Rates_Details_2024-10-01.xlsx,"NH Final Rates – Detail (Updated February 14, 2025)",https://ahca.myflorida.com/content/download/26079/file/NH_Final_Rates_Details_2024-10-01.xlsx,xlsx,2024,,Nursing Home Rates,https://ahca.myflorida.com/medicaid/cost-reimbursement/nursing-home-rates-html.html,cost_reimbursement,rates
NH_PPS_Rate_Calculations_2021-07-01.pdf,"Rate Calculations (Updated August 2, 2021)",https://ahca.myflorida.com/content/download/6619/file/NH_PPS_Rate_Calculations_2021-07-01.pdf,pdf,2021,,Nursing Home Rates,https://ahca.myflorida.com/medicaid/cost-reimbursement/nursing-home-rates-html.html,cost_reimbursement,rates
NH_PPS_Rate_Calculations_2021-10-01.pdf,"Rate Calculations (Updated November 16, 2021)",https://ahca.myflorida.com/content/download/6620/file/NH_PPS_Rate_Calculations_2021-10-01.pdf,pdf,2021,,Nursing Home Rates,https://ahca.myflorida.com/medicaid/cost-reimbursement/nursing-home-rates-html.html,cost_reimbursement,rates
NH_PPS_Rate_Calculations_2022-01-01.pdf,"Rate Calculations (Updated December 29, 2021)",https://ahca.myflorida.com/content/download/6621/file/NH_PPS_Rate_Calculations_2022-01-01.pdf,pdf,2022,,Nursing Home Rates,https://ahca.myflorida.com/medicaid/cost-reimbursement/nursing-home-rates-html.html,cost_reimbursement,rates
NH_PPS_Rate_Letters_20191001.pdf,"Rate Letters (Updated August 20, 2019)",https://ahca.myflorida.com/content/download/6622/file/NH_PPS_Rate_Letters_20191001.pdf,pdf,"August 20, 2019",,Nursing Home Rates,https://ahca.myflorida.com/medicaid/cost-reimbursement/nursing-home-rates-html.html,cost_reimbursement,rates
NH_PPS_Rate_Letters_2020-07-01.pdf,"Rate Letters (Updated July 31, 2020)",https://ahca.myflorida.com/content/download/6623/file/NH_PPS_Rate_Letters_2020-07-01.pdf,pdf,2020,,Nursing Home Rates,https://ahca.myflorida.com/medicaid/cost-reimbursement/nursing-home-rates-html.html,cost_reimbursement,rates
NH_PPS_Rate_Letters_2020_10-01.pdf,"Rate Letters (Updated October 12, 2020)",https://ahca.myflorida.com/content/download/6624/file/NH_PPS_Rate_Letters_2020_10-01.pdf,pdf,2020,,Nursing Home Rates,https://ahca.myflorida.com/medicaid/cost-reimbursement/nursing-home-rates-html.html,cost_reimbursement,rates
NH_PPS_Rate_Letters_2021-07-01.pdf,"Rate Letters (Updated August 2, 2021)",https://ahca.myflorida.com/content/download/6625/file/NH_PPS_Rate_Letters_2021-07-01.pdf,pdf,2021,,Nursing Home Rates,https://ahca.myflorida.com/medicaid/cost-reimbursement/nursing-home-rates-html.html,cost_reimbursement,rates
NH_PPS_Rate_Letters_2021-10-01.pdf,"Rate Letters (Updated November 16, 2021)",https://ahca.myflorida.com/content/download/6626/file/NH_PPS_Rate_Letters_2021-10-01.pdf,pdf,2021,,Nursing Home Rates,https://ahca.myflorida.com/medicaid/cost-reimbursement/nursing-home-rates-html.html,cost_reimbursement,rates
NH_PPS_Rate_Letters_2022-01-01.pdf,"Rate Letters (Updated January 12, 2022)",https://ahca.myflorida.com/content/download/6627/file/NH_PPS_Rate_Letters_2022-01-01.pdf,pdf,2022,,Nursing Home Rates,https://ahca.myflorida.com/medicaid/cost-reimbursement/nursing-home-rates-html.html,cost_reimbursement,rates
NH_Rate_Calculations_10-1-2020.pdf,"Rate Calculations (Updated December 17, 2020)",https://ahca.myflorida.com/content/download/6628/file/NH_Rate_Calculations_10-1-2020.pdf,pdf,2020,,Nursing Home Rates,https://ahca.myflorida.com/medicaid/cost-reimbursement/nursing-home-rates-html.html,cost_reimbursement,rates
NH_Rate_Calculations_2018-10-01.pdf,Rate Calculations,https://ahca.myflorida.com/content/download/6629/file/NH_Rate_Calculations_2018-10-01.pdf,pdf,2018,,Nursing Home Rates,https://ahca.myflorida.com/medicaid/cost-reimbursement/nursing-home-rates-html.html,cost_reimbursement,rates
NH_Rate_Calculations_and_FRVS_Providers_001135-103425.pdf,Rate Calculations and FRVS providers 001135 – 103425,https://ahca.myflorida.com/content/download/6630/file/NH_Rate_Calculations_and_FRVS_Providers_001135-103425.pdf,pdf,,,Nursing Home Rates,https://ahca.myflorida.com/medicaid/cost-reimbursement/nursing-home-rates-html.html,cost_reimbursement,rates
NH_Rate_Calculations_and_FRVS_Providers_001135-122344_2017-09-01.pdf,Rate Calculations and FRVS providers 001135 – 122344,https://ahca.myflorida.com/content/download/6631/file/NH_Rate_Calculations_and_FRVS_Providers_001135-122344_2017-09-01.pdf,pdf,2017,,Nursing Home Rates,https://ahca.myflorida.com/medicaid/cost-reimbursement/nursing-home-rates-html.html,cost_reimbursement,rates
NH_Rate_Calculations_and_FRVS_Providers_103475-253014.pdf,Rate Calculations and FRVS providers 103475 – 253014,https://ahca.myflorida.com/content/download/6632/file/NH_Rate_Calculations_and_FRVS_Providers_103475-253014.pdf,pdf,,,Nursing Home Rates,https://ahca.myflorida.com/medicaid/cost-reimbursement/nursing-home-rates-html.html,cost_reimbursement,rates
NH_Rate_Calculations_and_FRVS_Providers_122346-228001_2017-09-01.pdf,Rate Calculations and FRVS providers 122346 – 228001,https://ahca.myflorida.com/content/download/6633/file/NH_Rate_Calculations_and_FRVS_Providers_122346-228001_2017-09-01.pdf,pdf,2017,,Nursing Home Rates,https://ahca.myflorida.com/medicaid/cost-reimbursement/nursing-home-rates-html.html,cost_reimbursement,rates
NH_Rate_Calculations_and_FRVS_Providers_228320-326011_2017-09-01.pdf,Rate Calculations and FRVS providers 228320 – 326011,https://ahca.myflorida.com/content/download/6634/file/NH_Rate_Calculations_and_FRVS_Providers_228320-326011_2017-09-01.pdf,pdf,2017,,Nursing Home Rates,https://ahca.myflorida.com/medicaid/cost-reimbursement/nursing-home-rates-html.html,cost_reimbursement,rates
NH_Rate_Calculations_and_FRVS_Providers_253430-326011.pdf,Rate Calculations and FRVS providers 253430 – 326011,https://ahca.myflorida.com/content/download/6635/file/NH_Rate_Calculations_and_FRVS_Providers_253430-326011.pdf,pdf,,,Nursing Home Rates,https://ahca.myflorida.com/medicaid/cost-reimbursement/nursing-home-rates-html.html,cost_reimbursement,rates
NH_Rate_Letters_2015-09-01.pdf,Rate Letters,https://ahca.myflorida.com/content/download/6636/file/NH_Rate_Letters_2015-09-01.pdf,pdf,2015,,Nursing Home Rates,https://ahca.myflorida.com/medicaid/cost-reimbursement/nursing-home-rates-html.html,cost_reimbursement,rates
NH_Rate_Letters_2017-09-01.pdf,Rate Letters,https://ahca.myflorida.com/content/download/6637/file/NH_Rate_Letters_2017-09-01.pdf,pdf,2017,,Nursing Home Rates,https://ahca.myflorida.com/medicaid/cost-reimbursement/nursing-home-rates-html.html,cost_reimbursement,rates
NH_Rate_Semester_Initial_Per_Diem_2015-09-01.pdf,Rate Semester Initial Per Diem,https://ahca.myflorida.com/content/download/6638/file/NH_Rate_Semester_Initial_Per_Diem_2015-09-01.pdf,pdf,2015,,Nursing Home Rates,https://ahca.myflorida.com/medicaid/cost-reimbursement/nursing-home-rates-html.html,cost_reimbursement,rates
NH_Rate_Semester_Initial_Per_Diem_2015-09-01.xlsx,Rate Semester Initial Per Diem,https://ahca.myflorida.com/content/download/6775/file/NH_Rate_Semester_Initial_Per_Diem_2015-09-01.xlsx,xlsx,2015,,Nursing Home Rates,https://ahca.myflorida.com/medicaid/cost-reimbursement/nursing-home-rates-html.html,cost_reimbursement,rates
NH_Rate_Semester_Initial_Per_Diem_2017-09-01.pdf,Rate Semester Initial Per Diem,https://ahca.myflorida.com/content/download/6639/file/NH_Rate_Semester_Initial_Per_Diem_2017-09-01.pdf,pdf,2017,,Nursing Home Rates,https://ahca.myflorida.com/medicaid/cost-reimbursement/nursing-home-rates-html.html,cost_reimbursement,rates
NH_Rate_Semester_Initial_Per_Diem_2017-09-01.xlsx,Rate Semester Initial Per Diem,https://ahca.myflorida.com/content/download/6776/file/NH_Rate_Semester_Initial_Per_Diem_2017-09-01.xlsx,xlsx,2017,,Nursing Home Rates,https://ahca.myflorida.com/medicaid/cost-reimbursement/nursing-home-rates-html.html,cost_reimbursement,rates
Notice_of_Lease_Bond_Requirement_FY_2026-27.pdf,Notice of Lease Bond Requirement FY 2026-27,https://ahca.myflorida.com/file/medicaid/Notice_of_Lease_Bond_Requirement_FY_2026-27.pdf,pdf,2026,,Nursing Home Requirements,https://ahca.myflorida.com/medicaid/cost-reimbursement/nursing-home-requirements-html.html,cost_reimbursement,rates
Nursing Home Rate Adjustments 10-3-2025.xlsx,Nursing Home Rate Adjustments,https://ahca.myflorida.com/content/download/27259/file/Nursing%20Home%20Rate%20Adjustments%2010-3-2025.xlsx,xlsx,2025,,Nursing Home Retroactive Rate Adjustments,https://ahca.myflorida.com/medicaid/cost-reimbursement/nursing-home-retroactive-rate-adjustments-html.html,cost_reimbursement,rates
Nursing Home Rate Adjustments Memo.pdf,Nursing Homes Rate Adjustments Memo&nbsp;,https://ahca.myflorida.com/content/download/27256/file/Nursing%20Home%20Rate%20Adjustments%20Memo.pdf,pdf,,,Nursing Home Retroactive Rate Adjustments,https://ahca.myflorida.com/medicaid/cost-reimbursement/nursing-home-retroactive-rate-adjustments-html.html,cost_reimbursement,rates
OCT_2014-RHC_PB_RATES.xlsx,RHC PB Rates,https://ahca.myflorida.com/content/download/5600/file/OCT_2014-RHC_PB_RATES.xlsx,xlsx,2014,,FQHC/RHC Rates,https://ahca.myflorida.com/medicaid/cost-reimbursement/fqhc-rhc-rates-html.html,cost_reimbursement,rates
Oct_2014_FQHC_Rate_Letters.pdf,FQHC Rate Letters,https://ahca.myflorida.com/content/download/5463/file/Oct_2014_FQHC_Rate_Letters.pdf,pdf,2014,,FQHC/RHC Rates,https://ahca.myflorida.com/medicaid/cost-reimbursement/fqhc-rhc-rates-html.html,cost_reimbursement,rates
Oct_2014_FQHC_Rates.xlsx,FQHC Rates,https://ahca.myflorida.com/content/download/5610/file/Oct_2014_FQHC_Rates.xlsx,xlsx,2014,,FQHC/RHC Rates,https://ahca.myflorida.com/medicaid/cost-reimbursement/fqhc-rhc-rates-html.html,cost_reimbursement,rates
OCT_2014_HOSPICE_LOC_CALC_SHEET.pdf,Hospice Calc Sheet,https://ahca.myflorida.com/content/download/5459/file/OCT_2014_HOSPICE_LOC_CALC_SHEET.pdf,pdf,2014,,Hospice Care Services Per Diem Rates,https://ahca.myflorida.com/medicaid/cost-reimbursement/hospice-care-services-per-diem-rates-html.html,cost_reimbursement,rates
OCT_2014_HOSPICE_LOC_RATE_LETTERS.pdf,Hospice Rate Letters,https://ahca.myflorida.com/content/download/5460/file/OCT_2014_HOSPICE_LOC_RATE_LETTERS.pdf,pdf,2014,,Hospice Care Services Per Diem Rates,https://ahca.myflorida.com/medicaid/cost-reimbursement/hospice-care-services-per-diem-rates-html.html,cost_reimbursement,rates
OCT_2014_HOSPICE_LOC_RATES_WEB.xlsx,Hospice Level of Care Rates,https://ahca.myflorida.com/content/download/5601/file/OCT_2014_HOSPICE_LOC_RATES_WEB.xlsx,xlsx,2014,,Hospice Care Services Per Diem Rates,https://ahca.myflorida.com/medicaid/cost-reimbursement/hospice-care-services-per-diem-rates-html.html,cost_reimbursement,rates
OCT_2014_RHC_PB_RATE_LETTERS.pdf,RHC PB Rate Letters,https://ahca.myflorida.com/content/download/5461/file/OCT_2014_RHC_PB_RATE_LETTERS.pdf,pdf,2014,,FQHC/RHC Rates,https://ahca.myflorida.com/medicaid/cost-reimbursement/fqhc-rhc-rates-html.html,cost_reimbursement,rates
Oct_2014_RHC_rate_letters.pdf,RHC Rate Letters,https://ahca.myflorida.com/content/download/5464/file/Oct_2014_RHC_rate_letters.pdf,pdf,2014,,FQHC/RHC Rates,https://ahca.myflorida.com/medicaid/cost-reimbursement/fqhc-rhc-rates-html.html,cost_reimbursement,rates
OCT_2014_RHC_Rates.xlsx,RHC Rates,https://ahca.myflorida.com/content/download/5602/file/OCT_2014_RHC_Rates.xlsx,xlsx,2014,,FQHC/RHC Rates,https://ahca.myflorida.com/medicaid/cost-reimbursement/fqhc-rhc-rates-html.html,cost_reimbursement,rates
OCT_2015-RHC_PB_RATES.xlsx,RHC PB Rates,https://ahca.myflorida.com/content/download/6777/file/OCT_2015-RHC_PB_RATES.xlsx,xlsx,2015,,FQHC/RHC Rates,https://ahca.myflorida.com/medicaid/cost-reimbursement/fqhc-rhc-rates-html.html,cost_reimbursement,rates
Oct_2015_FQHC_Rate_Letters.pdf,FQHC Rate Letters,https://ahca.myflorida.com/content/download/6644/file/Oct_2015_FQHC_Rate_Letters.pdf,pdf,2015,,FQHC/RHC Rates,https://ahca.myflorida.com/medicaid/cost-reimbursement/fqhc-rhc-rates-html.html,cost_reimbursement,rates
Oct_2015_FQHC_Rates.xlsx,FQHC Rates,https://ahca.myflorida.com/content/download/6780/file/Oct_2015_FQHC_Rates.xlsx,xlsx,2015,,FQHC/RHC Rates,https://ahca.myflorida.com/medicaid/cost-reimbursement/fqhc-rhc-rates-html.html,cost_reimbursement,rates
OCT_2015_HOSPICE_LOC_CALC_SHEET.pdf,Hospice Calc Sheet,https://ahca.myflorida.com/content/download/5462/file/OCT_2015_HOSPICE_LOC_CALC_SHEET.pdf,pdf,2015,,Hospice Care Services Per Diem Rates,https://ahca.myflorida.com/medicaid/cost-reimbursement/hospice-care-services-per-diem-rates-html.html,cost_reimbursement,rates
OCT_2015_HOSPICE_LOC_RATE_LETTERS.pdf,Hospice Rate Letters,https://ahca.myflorida.com/content/download/6642/file/OCT_2015_HOSPICE_LOC_RATE_LETTERS.pdf,pdf,2015,,Hospice Care Services Per Diem Rates,https://ahca.myflorida.com/medicaid/cost-reimbursement/hospice-care-services-per-diem-rates-html.html,cost_reimbursement,rates
OCT_2015_HOSPICE_LOC_RATES_WEB.xlsx,Hospice Level of Care Rates,https://ahca.myflorida.com/content/download/6778/file/OCT_2015_HOSPICE_LOC_RATES_WEB.xlsx,xlsx,2015,,Hospice Care Services Per Diem Rates,https://ahca.myflorida.com/medicaid/cost-reimbursement/hospice-care-services-per-diem-rates-html.html,cost_reimbursement,rates
OCT_2015_RHC_PB_RATE_LETTERS.pdf,RHC PB Rate Letters,https://ahca.myflorida.com/content/download/6643/file/OCT_2015_RHC_PB_RATE_LETTERS.pdf,pdf,2015,,FQHC/RHC Rates,https://ahca.myflorida.com/medicaid/cost-reimbursement/fqhc-rhc-rates-html.html,cost_reimbursement,rates
Oct_2015_RHC_rate_letters.pdf,RHC Rate Letters,https://ahca.myflorida.com/content/download/6645/file/Oct_2015_RHC_rate_letters.pdf,pdf,2015,,FQHC/RHC Rates,https://ahca.myflorida.com/medicaid/cost-reimbursement/fqhc-rhc-rates-html.html,cost_reimbursement,rates
OCT_2015_RHC_Rates.xlsx,RHC Rates,https://ahca.myflorida.com/content/download/6779/file/OCT_2015_RHC_Rates.xlsx,xlsx,2015,,FQHC/RHC Rates,https://ahca.myflorida.com/medicaid/cost-reimbursement/fqhc-rhc-rates-html.html,cost_reimbursement,rates
Oct_2016_FQHC_rates.pdf,FQHC Rate Letters,https://ahca.myflorida.com/content/download/5465/file/Oct_2016_FQHC_rates.pdf,pdf,2016,,FQHC/RHC Rates,https://ahca.myflorida.com/medicaid/cost-reimbursement/fqhc-rhc-rates-html.html,cost_reimbursement,rates
OCT_2016_FQHC_Web.xlsx,FQHC Rates,https://ahca.myflorida.com/content/download/5603/file/OCT_2016_FQHC_Web.xlsx,xlsx,2016,,FQHC/RHC Rates,https://ahca.myflorida.com/medicaid/cost-reimbursement/fqhc-rhc-rates-html.html,cost_reimbursement,rates
Oct_2016_HOSPICE_LEVEL_OF_CARE-WEB.xlsx,Hospice Level of Care Rates,https://ahca.myflorida.com/content/download/6781/file/Oct_2016_HOSPICE_LEVEL_OF_CARE-WEB.xlsx,xlsx,2016,,Hospice Care Services Per Diem Rates,https://ahca.myflorida.com/medicaid/cost-reimbursement/hospice-care-services-per-diem-rates-html.html,cost_reimbursement,rates
Oct_2016_Hospice_LOC_Calc_Sheets.pdf,Hospice Calc Sheet,https://ahca.myflorida.com/content/download/6646/file/Oct_2016_Hospice_LOC_Calc_Sheets.pdf,pdf,2016,,Hospice Care Services Per Diem Rates,https://ahca.myflorida.com/medicaid/cost-reimbursement/hospice-care-services-per-diem-rates-html.html,cost_reimbursement,rates
Oct_2016_Hospice_LOC_rate_letters.pdf,Hospice Rate Letters,https://ahca.myflorida.com/content/download/6647/file/Oct_2016_Hospice_LOC_rate_letters.pdf,pdf,2016,,Hospice Care Services Per Diem Rates,https://ahca.myflorida.com/medicaid/cost-reimbursement/hospice-care-services-per-diem-rates-html.html,cost_reimbursement,rates
Oct_2016_RHC-PB_rates.pdf,RHC PB Rate Letters,https://ahca.myflorida.com/content/download/5466/file/Oct_2016_RHC-PB_rates.pdf,pdf,2016,,FQHC/RHC Rates,https://ahca.myflorida.com/medicaid/cost-reimbursement/fqhc-rhc-rates-html.html,cost_reimbursement,rates
OCT_2016_RHC_PB_RATES-WEB.xlsx,RHC PB Rates,https://ahca.myflorida.com/content/download/5604/file/OCT_2016_RHC_PB_RATES-WEB.xlsx,xlsx,2016,,FQHC/RHC Rates,https://ahca.myflorida.com/medicaid/cost-reimbursement/fqhc-rhc-rates-html.html,cost_reimbursement,rates
Oct_2016_RHC_rates.pdf,RHC Rate Letters,https://ahca.myflorida.com/content/download/5467/file/Oct_2016_RHC_rates.pdf,pdf,2016,,FQHC/RHC Rates,https://ahca.myflorida.com/medicaid/cost-reimbursement/fqhc-rhc-rates-html.html,cost_reimbursement,rates
OCT_2016_RHC_Rates_WEB.xlsx,RHC Rates,https://ahca.myflorida.com/content/download/5605/file/OCT_2016_RHC_Rates_WEB.xlsx,xlsx,2016,,FQHC/RHC Rates,https://ahca.myflorida.com/medicaid/cost-reimbursement/fqhc-rhc-rates-html.html,cost_reimbursement,rates
Oct_2017_FQHC_rate_letters.pdf,FQHC Rate Letters,https://ahca.myflorida.com/content/download/5468/file/Oct_2017_FQHC_rate_letters.pdf,pdf,2017,,FQHC/RHC Rates,https://ahca.myflorida.com/medicaid/cost-reimbursement/fqhc-rhc-rates-html.html,cost_reimbursement,rates
Oct_2017_FQHC_Rates.xlsx,FQHC Rates,https://ahca.myflorida.com/content/download/5611/file/Oct_2017_FQHC_Rates.xlsx,xlsx,2017,,FQHC/RHC Rates,https://ahca.myflorida.com/medicaid/cost-reimbursement/fqhc-rhc-rates-html.html,cost_reimbursement,rates
Oct_2017_HOSPICE_LEVEL_OF_CARE.xlsx,Hospice Level of Care Rates,https://ahca.myflorida.com/content/download/6782/file/Oct_2017_HOSPICE_LEVEL_OF_CARE.xlsx,xlsx,2017,,Hospice Care Services Per Diem Rates,https://ahca.myflorida.com/medicaid/cost-reimbursement/hospice-care-services-per-diem-rates-html.html,cost_reimbursement,rates
Oct_2017_Hospice_LOC_Calc_Sheets.pdf,Hospice Calc Sheet,https://ahca.myflorida.com/content/download/6648/file/Oct_2017_Hospice_LOC_Calc_Sheets.pdf,pdf,2017,,Hospice Care Services Per Diem Rates,https://ahca.myflorida.com/medicaid/cost-reimbursement/hospice-care-services-per-diem-rates-html.html,cost_reimbursement,rates
Oct_2017_Hospice_LOC_rate_letters.pdf,Hospice Rate Letters,https://ahca.myflorida.com/content/download/6649/file/Oct_2017_Hospice_LOC_rate_letters.pdf,pdf,2017,,Hospice Care Services Per Diem Rates,https://ahca.myflorida.com/medicaid/cost-reimbursement/hospice-care-services-per-diem-rates-html.html,cost_reimbursement,rates
Oct_2017_RHC-PB_rates.pdf,RHC PB Rate Letters,https://ahca.myflorida.com/content/download/5469/file/Oct_2017_RHC-PB_rates.pdf,pdf,2017,,FQHC/RHC Rates,https://ahca.myflorida.com/medicaid/cost-reimbursement/fqhc-rhc-rates-html.html,cost_reimbursement,rates
OCT_2017_RHC_PB_Rates.xlsx,RHC PB Rates,https://ahca.myflorida.com/content/download/5606/file/OCT_2017_RHC_PB_Rates.xlsx,xlsx,2017,,FQHC/RHC Rates,https://ahca.myflorida.com/medicaid/cost-reimbursement/fqhc-rhc-rates-html.html,cost_reimbursement,rates
Oct_2017_RHC_rates.pdf,RHC Rate Letters,https://ahca.myflorida.com/content/download/5470/file/Oct_2017_RHC_rates.pdf,pdf,2017,,FQHC/RHC Rates,https://ahca.myflorida.com/medicaid/cost-reimbursement/fqhc-rhc-rates-html.html,cost_reimbursement,rates
OCT_2017_RHC_Rates.xlsx,RHC Rates,https://ahca.myflorida.com/content/download/5607/file/OCT_2017_RHC_Rates.xlsx,xlsx,2017,,FQHC/RHC Rates,https://ahca.myflorida.com/medicaid/cost-reimbursement/fqhc-rhc-rates-html.html,cost_reimbursement,rates
Oct_2018_FQHC_Rate_Letters.pdf,FQHC Rate Letters,https://ahca.myflorida.com/content/download/5471/file/Oct_2018_FQHC_Rate_Letters.pdf,pdf,2018,,FQHC/RHC Rates,https://ahca.myflorida.com/medicaid/cost-reimbursement/fqhc-rhc-rates-html.html,cost_reimbursement,rates
Oct_2018_FQHC_Rates.xlsx,FQHC Rates,https://ahca.myflorida.com/content/download/5612/file/Oct_2018_FQHC_Rates.xlsx,xlsx,2018,,FQHC/RHC Rates,https://ahca.myflorida.com/medicaid/cost-reimbursement/fqhc-rhc-rates-html.html,cost_reimbursement,rates
Oct_2018_HOSPICE_LEVEL_OF_CARE.xlsx,Hospice Level of Care Rates,https://ahca.myflorida.com/content/download/6783/file/Oct_2018_HOSPICE_LEVEL_OF_CARE.xlsx,xlsx,2018,,Hospice Care Services Per Diem Rates,https://ahca.myflorida.com/medicaid/cost-reimbursement/hospice-care-services-per-diem-rates-html.html,cost_reimbursement,rates
Oct_2018_Hospice_LOC_Calc_Sheets.pdf,Hospice Calc Sheet,https://ahca.myflorida.com/content/download/6650/file/Oct_2018_Hospice_LOC_Calc_Sheets.pdf,pdf,2018,,Hospice Care Services Per Diem Rates,https://ahca.myflorida.com/medicaid/cost-reimbursement/hospice-care-services-per-diem-rates-html.html,cost_reimbursement,rates
Oct_2018_Hospice_LOC_rate_letters.pdf,Hospice Rate Letters,https://ahca.myflorida.com/content/download/6651/file/Oct_2018_Hospice_LOC_rate_letters.pdf,pdf,2018,,Hospice Care Services Per Diem Rates,https://ahca.myflorida.com/medicaid/cost-reimbursement/hospice-care-services-per-diem-rates-html.html,cost_reimbursement,rates
Oct_2018_RHC-PB_rate_letters.pdf,RHC PB Rate Letters,https://ahca.myflorida.com/content/download/5472/file/Oct_2018_RHC-PB_rate_letters.pdf,pdf,2018,,FQHC/RHC Rates,https://ahca.myflorida.com/medicaid/cost-reimbursement/fqhc-rhc-rates-html.html,cost_reimbursement,rates
OCT_2018_RHC_PB_Rates.xlsx,RHC PB Rates,https://ahca.myflorida.com/content/download/5608/file/OCT_2018_RHC_PB_Rates.xlsx,xlsx,2018,,FQHC/RHC Rates,https://ahca.myflorida.com/medicaid/cost-reimbursement/fqhc-rhc-rates-html.html,cost_reimbursement,rates
Oct_2018_RHC_rate_letters.pdf,RHC Rate Letters,https://ahca.myflorida.com/content/download/5473/file/Oct_2018_RHC_rate_letters.pdf,pdf,2018,,FQHC/RHC Rates,https://ahca.myflorida.com/medicaid/cost-reimbursement/fqhc-rhc-rates-html.html,cost_reimbursement,rates
OCT_2018_RHC_Rates.xlsx,RHC Rates,https://ahca.myflorida.com/content/download/5609/file/OCT_2018_RHC_Rates.xlsx,xlsx,2018,,FQHC/RHC Rates,https://ahca.myflorida.com/medicaid/cost-reimbursement/fqhc-rhc-rates-html.html,cost_reimbursement,rates
Oct_2019_HOSPICE_LEVEL_OF_CARE.xlsx,Hospice Level of Care Rates,https://ahca.myflorida.com/content/download/6784/file/Oct_2019_HOSPICE_LEVEL_OF_CARE.xlsx,xlsx,2019,,Hospice Care Services Per Diem Rates,https://ahca.myflorida.com/medicaid/cost-reimbursement/hospice-care-services-per-diem-rates-html.html,cost_reimbursement,rates
Oct_2019_Hospice_LOC_Calc_Sheets.pdf,Hospice Calc Sheet,https://ahca.myflorida.com/content/download/6652/file/Oct_2019_Hospice_LOC_Calc_Sheets.pdf,pdf,2019,,Hospice Care Services Per Diem Rates,https://ahca.myflorida.com/medicaid/cost-reimbursement/hospice-care-services-per-diem-rates-html.html,cost_reimbursement,rates
Oct_2019_Hospice_LOC_rate_letters.pdf,Hospice Rate Letters,https://ahca.myflorida.com/content/download/6653/file/Oct_2019_Hospice_LOC_rate_letters.pdf,pdf,2019,,Hospice Care Services Per Diem Rates,https://ahca.myflorida.com/medicaid/cost-reimbursement/hospice-care-services-per-diem-rates-html.html,cost_reimbursement,rates
October_2022_Calc_Sheets.pdf,"Rate Calculations (Updated October 13, 2022)",https://ahca.myflorida.com/content/download/19904/file/October_2022_Calc_Sheets.pdf,pdf,2022,,Nursing Home Rates,https://ahca.myflorida.com/medicaid/cost-reimbursement/nursing-home-rates-html.html,cost_reimbursement,rates
October_2022_Exempt_Calc_Sheets.pdf,"Exempt Provider Rate Calculations (Updated October 13, 2022)",https://ahca.myflorida.com/content/download/19905/file/October_2022_Exempt_Calc_Sheets.pdf,pdf,2022,,Nursing Home Rates,https://ahca.myflorida.com/medicaid/cost-reimbursement/nursing-home-rates-html.html,cost_reimbursement,rates
opening_the_zip_file.pdf,How to Open a Zip file,https://ahca.myflorida.com/content/download/5399/file/opening_the_zip_file.pdf,pdf,,,SEXTANT Cost Reporting,https://ahca.myflorida.com/medicaid/cost-reimbursement/sextant-electronic-cost-reporting-for-nursing-homes-html.html,cost_reimbursement,rates
Outpatient Hospital Reimbursement Plan 20240701.pdf,Florida Title XIX Outpatient&nbsp;Hospital Reimbursement Plan Version XXXVI,https://ahca.myflorida.com/file/medicaid/Outpatient%20Hospital%20Reimbursement%20Plan%2020240701.pdf,pdf,,,Hospital Rates / Ambulatory Surgical Centers,https://ahca.myflorida.com/medicaid/cost-reimbursement/hospital-rates-ambulatory-surgical-centers-html.html,cost_reimbursement,rates
owners_comp_2020.pdf,Owners Compensation,https://ahca.myflorida.com/content/download/5400/file/owners_comp_2020.pdf,pdf,2020,,SEXTANT Cost Reporting,https://ahca.myflorida.com/medicaid/cost-reimbursement/sextant-electronic-cost-reporting-for-nursing-homes-html.html,cost_reimbursement,rates
PB-RHC RateLetters.pdf,RHC PB Rate Letters,https://ahca.myflorida.com/content/download/25280/file/PB-RHC%20RateLetters.pdf,pdf,,,FQHC/RHC Rates,https://ahca.myflorida.com/medicaid/cost-reimbursement/fqhc-rhc-rates-html.html,cost_reimbursement,rates
PB-RHC RateLetters.pdf,RHC PB Rate Letters,https://ahca.myflorida.com/content/download/23281/file/PB-RHC%20RateLetters.pdf,pdf,,,FQHC/RHC Rates,https://ahca.myflorida.com/medicaid/cost-reimbursement/fqhc-rhc-rates-html.html,cost_reimbursement,rates
PB-RHC RateLetters_3.26.2026.pdf,RHC PB Rate Letters,https://ahca.myflorida.com/content/download/28579/file/PB-RHC%20RateLetters_3.26.2026.pdf,pdf,2026,,FQHC/RHC Rates,https://ahca.myflorida.com/medicaid/cost-reimbursement/fqhc-rhc-rates-html.html,cost_reimbursement,rates
PB-RHC_Rate_Letters.pdf,RHC PB Rate Letters,https://ahca.myflorida.com/content/download/19906/file/PB-RHC_Rate_Letters.pdf,pdf,,,FQHC/RHC Rates,https://ahca.myflorida.com/medicaid/cost-reimbursement/fqhc-rhc-rates-html.html,cost_reimbursement,rates
PB-RHC_Rate_Letters_10-1-19.pdf,RHC PB Rate Letters,https://ahca.myflorida.com/content/download/5474/file/PB-RHC_Rate_Letters_10-1-19.pdf,pdf,,,FQHC/RHC Rates,https://ahca.myflorida.com/medicaid/cost-reimbursement/fqhc-rhc-rates-html.html,cost_reimbursement,rates
PB-RHC_Rate_Letters_10-1-20.pdf,RHC PB Rate Letters,https://ahca.myflorida.com/content/download/5475/file/PB-RHC_Rate_Letters_10-1-20.pdf,pdf,,,FQHC/RHC Rates,https://ahca.myflorida.com/medicaid/cost-reimbursement/fqhc-rhc-rates-html.html,cost_reimbursement,rates
PB-RHC_Rate_Letters_10-1-21.pdf,RHC PB Rate Letters,https://ahca.myflorida.com/content/download/5476/file/PB-RHC_Rate_Letters_10-1-21.pdf,pdf,,,FQHC/RHC Rates,https://ahca.myflorida.com/medicaid/cost-reimbursement/fqhc-rhc-rates-html.html,cost_reimbursement,rates
PB-RHC_Rates_October_2019.xlsx,RHC PB Rates,https://ahca.myflorida.com/content/download/5613/file/PB-RHC_Rates_October_2019.xlsx,xlsx,2019,,FQHC/RHC Rates,https://ahca.myflorida.com/medicaid/cost-reimbursement/fqhc-rhc-rates-html.html,cost_reimbursement,rates
PB-RHC_Rates_October_2020.xlsx,RHC PB Rates,https://ahca.myflorida.com/content/download/5614/file/PB-RHC_Rates_October_2020.xlsx,xlsx,2020,,FQHC/RHC Rates,https://ahca.myflorida.com/medicaid/cost-reimbursement/fqhc-rhc-rates-html.html,cost_reimbursement,rates
PB-RHC_Rates_October_2021.xlsx,RHC PB Rates,https://ahca.myflorida.com/content/download/5615/file/PB-RHC_Rates_October_2021.xlsx,xlsx,2021,,FQHC/RHC Rates,https://ahca.myflorida.com/medicaid/cost-reimbursement/fqhc-rhc-rates-html.html,cost_reimbursement,rates
PB-RHC_Rates_October_2022.xlsx,RHC PB Rates,https://ahca.myflorida.com/content/download/19922/file/PB-RHC_Rates_October_2022.xlsx,xlsx,2022,,FQHC/RHC Rates,https://ahca.myflorida.com/medicaid/cost-reimbursement/fqhc-rhc-rates-html.html,cost_reimbursement,rates
PB-RHC_Rates_October_2023.xlsx,RHC PB Rates,https://ahca.myflorida.com/content/download/23280/file/PB-RHC_Rates_October_2023.xlsx,xlsx,2023,,FQHC/RHC Rates,https://ahca.myflorida.com/medicaid/cost-reimbursement/fqhc-rhc-rates-html.html,cost_reimbursement,rates
PB-RHC_Rates_October_2024.xlsx,RHC PB Rates,https://ahca.myflorida.com/content/download/25279/file/PB-RHC_Rates_October_2024.xlsx,xlsx,2024,,FQHC/RHC Rates,https://ahca.myflorida.com/medicaid/cost-reimbursement/fqhc-rhc-rates-html.html,cost_reimbursement,rates
PB-RHC_Rates_October_2025.xlsx,RHC PB Rates,https://ahca.myflorida.com/content/download/27207/file/PB-RHC_Rates_October_2025.xlsx,xlsx,2025,,FQHC/RHC Rates,https://ahca.myflorida.com/medicaid/cost-reimbursement/fqhc-rhc-rates-html.html,cost_reimbursement,rates
PPS Provider Rate Calculations 202410.pdf,"Rate Calculations (Updated October 7, 2024)",https://ahca.myflorida.com/content/download/25166/file/PPS%20Provider%20Rate%20Calculations%20202410.pdf,pdf,"October 7, 2024",,Nursing Home Rates,https://ahca.myflorida.com/medicaid/cost-reimbursement/nursing-home-rates-html.html,cost_reimbursement,rates
PPS Provider Rate Letters 202410.pdf,"Rate Letters (Updated October 7, 2024)",https://ahca.myflorida.com/content/download/25164/file/PPS%20Provider%20Rate%20Letters%20202410.pdf,pdf,"October 7, 2024",,Nursing Home Rates,https://ahca.myflorida.com/medicaid/cost-reimbursement/nursing-home-rates-html.html,cost_reimbursement,rates
PPS_Calc_Sheets_2019-07-31.pdf,"Rate Calculations (Updated August 2, 2019)",https://ahca.myflorida.com/content/download/6654/file/PPS_Calc_Sheets_2019-07-31.pdf,pdf,2019,,Nursing Home Rates,https://ahca.myflorida.com/medicaid/cost-reimbursement/nursing-home-rates-html.html,cost_reimbursement,rates
Private ICF Rate FLMMIS 7-2023.xlsx,Rates,https://ahca.myflorida.com/content/download/22921/file/Private%20ICF%20Rate%20FLMMIS%207-2023.xlsx,xlsx,2023,,Intermediate Care Facility Rates,https://ahca.myflorida.com/medicaid/cost-reimbursement/intermediate-care-facility-rates-html.html,cost_reimbursement,rates
Private ICF Rate FLMMIS 7-2024.xlsx,Rates,https://ahca.myflorida.com/content/download/24914/file/Private%20ICF%20Rate%20FLMMIS%207-2024.xlsx,xlsx,2024,,Intermediate Care Facility Rates,https://ahca.myflorida.com/medicaid/cost-reimbursement/intermediate-care-facility-rates-html.html,cost_reimbursement,rates
Private_ICF_Rate_FLMMIS_7-2025.xlsx,Rates,https://ahca.myflorida.com/content/download/27084/file/Private_ICF_Rate_FLMMIS_7-2025.xlsx,xlsx,2025,,Intermediate Care Facility Rates,https://ahca.myflorida.com/medicaid/cost-reimbursement/intermediate-care-facility-rates-html.html,cost_reimbursement,rates
Private_ICF_Rate_FLMMIS_7-2026(1).xlsx,Rates,https://ahca.myflorida.com/file/medicaid/Private_ICF_Rate_FLMMIS_7-2026%281%29.xlsx,xlsx,2026,,Intermediate Care Facility Rates,https://ahca.myflorida.com/medicaid/cost-reimbursement/intermediate-care-facility-rates-html.html,cost_reimbursement,rates
Private_Pay_2020_Final.pdf,Florida Nursing Home Estimated Average Private Pay Rate 2020,https://ahca.myflorida.com/content/download/5477/file/Private_Pay_2020_Final.pdf,pdf,2020,,Nursing Home Annual Reports,https://ahca.myflorida.com/medicaid/cost-reimbursement/nursing-home-annual-reports-html.html,cost_reimbursement,rates
problems_with_sextant.pdf,Having problems with SEXTANT?,https://ahca.myflorida.com/content/download/5401/file/problems_with_sextant.pdf,pdf,,,SEXTANT Cost Reporting,https://ahca.myflorida.com/medicaid/cost-reimbursement/sextant-electronic-cost-reporting-for-nursing-homes-html.html,cost_reimbursement,rates
Prospective_Payment_System_Audit_FAQ.pdf,Prospective Payment System Audit FAQs,https://ahca.myflorida.com/content/download/5478/file/Prospective_Payment_System_Audit_FAQ.pdf,pdf,,,Nursing Home Requirements,https://ahca.myflorida.com/medicaid/cost-reimbursement/nursing-home-requirements-html.html,cost_reimbursement,rates
Provider_DRG_Rate_Worksheet_FY2020-2021_Effective_October_1_2020-Build_2020-08-17.xlsx,Provider DRG Rate Worksheet FY 2020-21,https://ahca.myflorida.com/content/download/6785/file/Provider_DRG_Rate_Worksheet_FY2020-2021_Effective_October_1_2020-Build_2020-08-17.xlsx,xlsx,"October 1, 2020",,DRG Inpatient Payment Review,https://ahca.myflorida.com/medicaid/cost-reimbursement/diagnosis-related-group-drg-inpatient-payment-review-html.html,cost_reimbursement,rates
Provider_DRG_Rate_Worksheet_FY_2019-2020_Effective_July_2019_Bild_2020-05-14.xlsx,Provider DRG Rate Worksheet FY 2019-20,https://ahca.myflorida.com/content/download/6787/file/Provider_DRG_Rate_Worksheet_FY_2019-2020_Effective_July_2019_Bild_2020-05-14.xlsx,xlsx,2019,,DRG Inpatient Payment Review,https://ahca.myflorida.com/medicaid/cost-reimbursement/diagnosis-related-group-drg-inpatient-payment-review-html.html,cost_reimbursement,rates
Provider_DRG_Rate_Worksheet_FY_2020-2021_Effective_July_2020_Build_2020-05-14.xlsx,Provider DRG Rate Worksheet FY 2020-21,https://ahca.myflorida.com/content/download/6788/file/Provider_DRG_Rate_Worksheet_FY_2020-2021_Effective_July_2020_Build_2020-05-14.xlsx,xlsx,2020,,DRG Inpatient Payment Review,https://ahca.myflorida.com/medicaid/cost-reimbursement/diagnosis-related-group-drg-inpatient-payment-review-html.html,cost_reimbursement,rates
Provider_Specific_Results-House.xlsx,Provider Specific Results,https://ahca.myflorida.com/content/download/5616/file/Provider_Specific_Results-House.xlsx,xlsx,,,DRG Inpatient Payment Review,https://ahca.myflorida.com/medicaid/cost-reimbursement/diagnosis-related-group-drg-inpatient-payment-review-html.html,cost_reimbursement,rates
Provider_Specific_Results-Senate.xlsx,Provider Specific Results,https://ahca.myflorida.com/content/download/5617/file/Provider_Specific_Results-Senate.xlsx,xlsx,,,DRG Inpatient Payment Review,https://ahca.myflorida.com/medicaid/cost-reimbursement/diagnosis-related-group-drg-inpatient-payment-review-html.html,cost_reimbursement,rates
Provider_Specific_Results.xlsx,Provider Specific Results,https://ahca.myflorida.com/content/download/22432/file/Provider_Specific_Results.xlsx,xlsx,,,DRG Inpatient Payment Review,https://ahca.myflorida.com/medicaid/cost-reimbursement/diagnosis-related-group-drg-inpatient-payment-review-html.html,cost_reimbursement,rates
Rate_Calculations_2020.pdf,"Rate Calculations (Updated September 30, 2020)",https://ahca.myflorida.com/content/download/6655/file/Rate_Calculations_2020.pdf,pdf,2020,,Nursing Home Rates,https://ahca.myflorida.com/medicaid/cost-reimbursement/nursing-home-rates-html.html,cost_reimbursement,rates
Rate_Calculations_and_FRVS_providers_001135-103165.pdf,Rate Calculations and FRVS providers 001135 – 103165,https://ahca.myflorida.com/content/download/6656/file/Rate_Calculations_and_FRVS_providers_001135-103165.pdf,pdf,,,Nursing Home Rates,https://ahca.myflorida.com/medicaid/cost-reimbursement/nursing-home-rates-html.html,cost_reimbursement,rates
Rate_Calculations_and_FRVS_providers_001135-122243.pdf,Rate Calculations and FRVS providers 001135 – 122243,https://ahca.myflorida.com/content/download/6657/file/Rate_Calculations_and_FRVS_providers_001135-122243.pdf,pdf,,,Nursing Home Rates,https://ahca.myflorida.com/medicaid/cost-reimbursement/nursing-home-rates-html.html,cost_reimbursement,rates
Rate_Calculations_and_FRVS_providers_103177-253481.pdf,Rate Calculations and FRVS providers 103177 – 253481,https://ahca.myflorida.com/content/download/6658/file/Rate_Calculations_and_FRVS_providers_103177-253481.pdf,pdf,,,Nursing Home Rates,https://ahca.myflorida.com/medicaid/cost-reimbursement/nursing-home-rates-html.html,cost_reimbursement,rates
Rate_Calculations_and_FRVS_providers_122248-251666.pdf,Rate Calculations and FRVS providers 122248 – 251666,https://ahca.myflorida.com/content/download/6659/file/Rate_Calculations_and_FRVS_providers_122248-251666.pdf,pdf,,,Nursing Home Rates,https://ahca.myflorida.com/medicaid/cost-reimbursement/nursing-home-rates-html.html,cost_reimbursement,rates
Rate_Calculations_and_FRVS_providers_251721-326011.pdf,Rate Calculations and FRVS providers 251721 – 326011,https://ahca.myflorida.com/content/download/6660/file/Rate_Calculations_and_FRVS_providers_251721-326011.pdf,pdf,,,Nursing Home Rates,https://ahca.myflorida.com/medicaid/cost-reimbursement/nursing-home-rates-html.html,cost_reimbursement,rates
Rate_Calculations_and_FRVS_providers_253707-326011.pdf,Rate Calculations and FRVS providers 253707 – 326011,https://ahca.myflorida.com/content/download/5482/file/Rate_Calculations_and_FRVS_providers_253707-326011.pdf,pdf,,,Nursing Home Rates,https://ahca.myflorida.com/medicaid/cost-reimbursement/nursing-home-rates-html.html,cost_reimbursement,rates
Rate_Letters_2019-07-01.pdf,"Rate Letters (Updated July 26, 2019)",https://ahca.myflorida.com/content/download/6661/file/Rate_Letters_2019-07-01.pdf,pdf,2019,,Nursing Home Rates,https://ahca.myflorida.com/medicaid/cost-reimbursement/nursing-home-rates-html.html,cost_reimbursement,rates
Rate_Letters_202000604.pdf,Retroactive Per Diem Rate Letters,https://ahca.myflorida.com/content/download/5483/file/Rate_Letters_202000604.pdf,pdf,,,Nursing Home Retroactive Rate Adjustments,https://ahca.myflorida.com/medicaid/cost-reimbursement/nursing-home-retroactive-rate-adjustments-html.html,cost_reimbursement,rates
Rates for Information Only 20250131.pdf,Retroactive Per Diem Rates Memo,https://ahca.myflorida.com/content/download/26574/file/Rates%20for%20Information%20Only%2020250131.pdf,pdf,,,Nursing Home Retroactive Rate Adjustments,https://ahca.myflorida.com/medicaid/cost-reimbursement/nursing-home-retroactive-rate-adjustments-html.html,cost_reimbursement,rates
Retractive Per Diem Rates 20251211.xlsx,Retroactive Per Diem Rates,https://ahca.myflorida.com/content/download/27727/file/Retractive%20Per%20Diem%20Rates%2020251211.xlsx,xlsx,,,Nursing Home Retroactive Rate Adjustments,https://ahca.myflorida.com/medicaid/cost-reimbursement/nursing-home-retroactive-rate-adjustments-html.html,cost_reimbursement,rates
Retractive Per Diem Rates.xlsx,Retroactive Per Diem Rates,https://ahca.myflorida.com/content/download/26024/file/Retractive%20Per%20Diem%20Rates.xlsx,xlsx,,,Nursing Home Retroactive Rate Adjustments,https://ahca.myflorida.com/medicaid/cost-reimbursement/nursing-home-retroactive-rate-adjustments-html.html,cost_reimbursement,rates
Retroactive Per Diem Rates 01312025 signed.pdf,Retroactive Per Diem Rates Memo,https://ahca.myflorida.com/content/download/26023/file/Retroactive%20Per%20Diem%20Rates%2001312025%20signed.pdf,pdf,01/31/2025,,Nursing Home Retroactive Rate Adjustments,https://ahca.myflorida.com/medicaid/cost-reimbursement/nursing-home-retroactive-rate-adjustments-html.html,cost_reimbursement,rates
Retroactive Per Diem Rates 10-24-2025.xlsx,Retroactive Per Diem Rates,https://ahca.myflorida.com/content/download/27456/file/Retroactive%20Per%20Diem%20Rates%2010-24-2025.xlsx,xlsx,2025,,Nursing Home Retroactive Rate Adjustments,https://ahca.myflorida.com/medicaid/cost-reimbursement/nursing-home-retroactive-rate-adjustments-html.html,cost_reimbursement,rates
Retroactive Per Diem Rates 10-3-2025.xlsx,Retroactive Per Diem Rates,https://ahca.myflorida.com/content/download/27258/file/Retroactive%20Per%20Diem%20Rates%2010-3-2025.xlsx,xlsx,2025,,Nursing Home Retroactive Rate Adjustments,https://ahca.myflorida.com/medicaid/cost-reimbursement/nursing-home-retroactive-rate-adjustments-html.html,cost_reimbursement,rates
Retroactive Per Diem Rates 10-31-2025.xlsx,Retroactive Per Diem Rates,https://ahca.myflorida.com/content/download/27439/file/Retroactive%20Per%20Diem%20Rates%2010-31-2025.xlsx,xlsx,2025,,Nursing Home Retroactive Rate Adjustments,https://ahca.myflorida.com/medicaid/cost-reimbursement/nursing-home-retroactive-rate-adjustments-html.html,cost_reimbursement,rates
Retroactive Per Diem Rates 12-5-2025.xlsx,Retroactive Per Diem Rates,https://ahca.myflorida.com/content/download/27806/file/Retroactive%20Per%20Diem%20Rates%2012-5-2025.xlsx,xlsx,2025,,Nursing Home Retroactive Rate Adjustments,https://ahca.myflorida.com/medicaid/cost-reimbursement/nursing-home-retroactive-rate-adjustments-html.html,cost_reimbursement,rates
Retroactive Per Diem Rates 20231031.pdf,Retroactive Per Diem Rates Memo,https://ahca.myflorida.com/content/download/23585/file/Retroactive%20Per%20Diem%20Rates%2020231031.pdf,pdf,,,Nursing Home Retroactive Rate Adjustments,https://ahca.myflorida.com/medicaid/cost-reimbursement/nursing-home-retroactive-rate-adjustments-html.html,cost_reimbursement,rates
Retroactive Per Diem Rates 20231031.xlsx,Retroactive Per Diem Rates,https://ahca.myflorida.com/content/download/23587/file/Retroactive%20Per%20Diem%20Rates%2020231031.xlsx,xlsx,,,Nursing Home Retroactive Rate Adjustments,https://ahca.myflorida.com/medicaid/cost-reimbursement/nursing-home-retroactive-rate-adjustments-html.html,cost_reimbursement,rates
Retroactive Per Diem Rates 20240131 Correction.pdf,Retroactive Per Diem Rates Memo,https://ahca.myflorida.com/content/download/24575/file/Retroactive%20Per%20Diem%20Rates%2020240131%20Correction.pdf,pdf,,,Nursing Home Retroactive Rate Adjustments,https://ahca.myflorida.com/medicaid/cost-reimbursement/nursing-home-retroactive-rate-adjustments-html.html,cost_reimbursement,rates
Retroactive Per Diem Rates 20240131.xlsx,Retroactive Per Diem Rates,https://ahca.myflorida.com/content/download/24576/file/Retroactive%20Per%20Diem%20Rates%2020240131.xlsx,xlsx,,,Nursing Home Retroactive Rate Adjustments,https://ahca.myflorida.com/medicaid/cost-reimbursement/nursing-home-retroactive-rate-adjustments-html.html,cost_reimbursement,rates
Retroactive Per Diem Rates 20240229.pdf,Retroactive Per Diem Rates Memo,https://ahca.myflorida.com/content/download/24235/file/Retroactive%20Per%20Diem%20Rates%2020240229.pdf,pdf,,,Nursing Home Retroactive Rate Adjustments,https://ahca.myflorida.com/medicaid/cost-reimbursement/nursing-home-retroactive-rate-adjustments-html.html,cost_reimbursement,rates
Retroactive Per Diem Rates 20240229.xlsx,Retroactive Per Diem Rates,https://ahca.myflorida.com/content/download/24234/file/Retroactive%20Per%20Diem%20Rates%2020240229.xlsx,xlsx,,,Nursing Home Retroactive Rate Adjustments,https://ahca.myflorida.com/medicaid/cost-reimbursement/nursing-home-retroactive-rate-adjustments-html.html,cost_reimbursement,rates
Retroactive Per Diem Rates 20240531.pdf,Retroactive Per Diem Rates Memo,https://ahca.myflorida.com/content/download/24636/file/Retroactive%20Per%20Diem%20Rates%2020240531.pdf,pdf,,,Nursing Home Retroactive Rate Adjustments,https://ahca.myflorida.com/medicaid/cost-reimbursement/nursing-home-retroactive-rate-adjustments-html.html,cost_reimbursement,rates
Retroactive Per Diem Rates 20240531.xlsx,Retroactive Per Diem Rates,https://ahca.myflorida.com/content/download/24635/file/Retroactive%20Per%20Diem%20Rates%2020240531.xlsx,xlsx,,,Nursing Home Retroactive Rate Adjustments,https://ahca.myflorida.com/medicaid/cost-reimbursement/nursing-home-retroactive-rate-adjustments-html.html,cost_reimbursement,rates
Retroactive Per Diem Rates 20240625.pdf,Retroactive Per Diem Rates Memo,https://ahca.myflorida.com/content/download/24799/file/Retroactive%20Per%20Diem%20Rates%2020240625.pdf,pdf,,,Nursing Home Retroactive Rate Adjustments,https://ahca.myflorida.com/medicaid/cost-reimbursement/nursing-home-retroactive-rate-adjustments-html.html,cost_reimbursement,rates
Retroactive Per Diem Rates 20240625.xlsx,Retroactive Per Diem Rates,https://ahca.myflorida.com/content/download/24800/file/Retroactive%20Per%20Diem%20Rates%2020240625.xlsx,xlsx,,,Nursing Home Retroactive Rate Adjustments,https://ahca.myflorida.com/medicaid/cost-reimbursement/nursing-home-retroactive-rate-adjustments-html.html,cost_reimbursement,rates
Retroactive Per Diem Rates 20240913.pdf,Retroactive Per Diem Rates Memo,https://ahca.myflorida.com/content/download/25099/file/Retroactive%20Per%20Diem%20Rates%2020240913.pdf,pdf,,,Nursing Home Retroactive Rate Adjustments,https://ahca.myflorida.com/medicaid/cost-reimbursement/nursing-home-retroactive-rate-adjustments-html.html,cost_reimbursement,rates
Retroactive Per Diem Rates 20240913.xlsx,Retroactive Per Diem Rates,https://ahca.myflorida.com/content/download/25100/file/Retroactive%20Per%20Diem%20Rates%2020240913.xlsx,xlsx,,,Nursing Home Retroactive Rate Adjustments,https://ahca.myflorida.com/medicaid/cost-reimbursement/nursing-home-retroactive-rate-adjustments-html.html,cost_reimbursement,rates
Retroactive Per Diem Rates 20241226.xlsx,Retroactive Per Diem Rates,https://ahca.myflorida.com/content/download/25705/file/Retroactive%20Per%20Diem%20Rates%2020241226.xlsx,xlsx,,,Nursing Home Retroactive Rate Adjustments,https://ahca.myflorida.com/medicaid/cost-reimbursement/nursing-home-retroactive-rate-adjustments-html.html,cost_reimbursement,rates
Retroactive Per Diem Rates 20241226.xlsx.pdf,Retroactive Per Diem Rates Memo,https://ahca.myflorida.com/content/download/25704/file/Retroactive%20Per%20Diem%20Rates%2020241226.xlsx.pdf,pdf,,,Nursing Home Retroactive Rate Adjustments,https://ahca.myflorida.com/medicaid/cost-reimbursement/nursing-home-retroactive-rate-adjustments-html.html,cost_reimbursement,rates
Retroactive Per Diem Rates 20241227 (002).pdf,Retroactive Per Diem Rates Memo,https://ahca.myflorida.com/content/download/25706/file/Retroactive%20Per%20Diem%20Rates%2020241227%20%28002%29.pdf,pdf,,,Nursing Home Retroactive Rate Adjustments,https://ahca.myflorida.com/medicaid/cost-reimbursement/nursing-home-retroactive-rate-adjustments-html.html,cost_reimbursement,rates
Retroactive Per Diem Rates 20241227.xlsx,Retroactive Per Diem Rates,https://ahca.myflorida.com/content/download/25707/file/Retroactive%20Per%20Diem%20Rates%2020241227.xlsx,xlsx,,,Nursing Home Retroactive Rate Adjustments,https://ahca.myflorida.com/medicaid/cost-reimbursement/nursing-home-retroactive-rate-adjustments-html.html,cost_reimbursement,rates
Retroactive Per Diem Rates 20250228.pdf,Retroactive Per Diem Rates Memo,https://ahca.myflorida.com/content/download/26195/file/Retroactive%20Per%20Diem%20Rates%2020250228.pdf,pdf,,,Nursing Home Retroactive Rate Adjustments,https://ahca.myflorida.com/medicaid/cost-reimbursement/nursing-home-retroactive-rate-adjustments-html.html,cost_reimbursement,rates
Retroactive Per Diem Rates 20250228.xlsx,Retroactive Per Diem Rates,https://ahca.myflorida.com/content/download/26196/file/Retroactive%20Per%20Diem%20Rates%2020250228.xlsx,xlsx,,,Nursing Home Retroactive Rate Adjustments,https://ahca.myflorida.com/medicaid/cost-reimbursement/nursing-home-retroactive-rate-adjustments-html.html,cost_reimbursement,rates
Retroactive Per Diem Rates 20250307.pdf,Retroactive Per Diem Rates Memo,https://ahca.myflorida.com/content/download/26220/file/Retroactive%20Per%20Diem%20Rates%2020250307.pdf,pdf,,,Nursing Home Retroactive Rate Adjustments,https://ahca.myflorida.com/medicaid/cost-reimbursement/nursing-home-retroactive-rate-adjustments-html.html,cost_reimbursement,rates
Retroactive Per Diem Rates 20250307.xlsx,Retroactive Per Diem Rates,https://ahca.myflorida.com/content/download/26219/file/Retroactive%20Per%20Diem%20Rates%2020250307.xlsx,xlsx,,,Nursing Home Retroactive Rate Adjustments,https://ahca.myflorida.com/medicaid/cost-reimbursement/nursing-home-retroactive-rate-adjustments-html.html,cost_reimbursement,rates
Retroactive Per Diem Rates 20250413.pdf,Retroactive Per Diem Rates Memo,https://ahca.myflorida.com/content/download/26411/file/Retroactive%20Per%20Diem%20Rates%2020250413.pdf,pdf,,,Nursing Home Retroactive Rate Adjustments,https://ahca.myflorida.com/medicaid/cost-reimbursement/nursing-home-retroactive-rate-adjustments-html.html,cost_reimbursement,rates
Retroactive Per Diem Rates 20251219.pdf,Retroactive Per Diem Rates Memo,https://ahca.myflorida.com/content/download/28055/file/Retroactive%20Per%20Diem%20Rates%2020251219.pdf,pdf,,,Nursing Home Retroactive Rate Adjustments,https://ahca.myflorida.com/medicaid/cost-reimbursement/nursing-home-retroactive-rate-adjustments-html.html,cost_reimbursement,rates
Retroactive Per Diem Rates 20251230.pdf,Retroactive Per Diem Rates Memo,https://ahca.myflorida.com/content/download/28037/file/Retroactive%20Per%20Diem%20Rates%2020251230.pdf,pdf,,,Nursing Home Retroactive Rate Adjustments,https://ahca.myflorida.com/medicaid/cost-reimbursement/nursing-home-retroactive-rate-adjustments-html.html,cost_reimbursement,rates
Retroactive Per Diem Rates Memo 10-24-2025.pdf,Retroactive Per Diem Rates Memo,https://ahca.myflorida.com/content/download/27458/file/Retroactive%20Per%20Diem%20Rates%20Memo%2010-24-2025.pdf,pdf,2025,,Nursing Home Retroactive Rate Adjustments,https://ahca.myflorida.com/medicaid/cost-reimbursement/nursing-home-retroactive-rate-adjustments-html.html,cost_reimbursement,rates
Retroactive Per Diem Rates Memo 10-31-2025.pdf,Retroactive Per Diem Rates Memo,https://ahca.myflorida.com/content/download/27438/file/Retroactive%20Per%20Diem%20Rates%20Memo%2010-31-2025.pdf,pdf,2025,,Nursing Home Retroactive Rate Adjustments,https://ahca.myflorida.com/medicaid/cost-reimbursement/nursing-home-retroactive-rate-adjustments-html.html,cost_reimbursement,rates
Retroactive Per Diem Rates Memo 12-5-2025.pdf,Retroactive Per Diem Rates Memo,https://ahca.myflorida.com/content/download/27805/file/Retroactive%20Per%20Diem%20Rates%20Memo%2012-5-2025.pdf,pdf,2025,,Nursing Home Retroactive Rate Adjustments,https://ahca.myflorida.com/medicaid/cost-reimbursement/nursing-home-retroactive-rate-adjustments-html.html,cost_reimbursement,rates
Retroactive Per Diem Rates.pdf,Retroactive Per Diem Rates Memo&nbsp;,https://ahca.myflorida.com/content/download/27260/file/Retroactive%20Per%20Diem%20Rates.pdf,pdf,,,Nursing Home Retroactive Rate Adjustments,https://ahca.myflorida.com/medicaid/cost-reimbursement/nursing-home-retroactive-rate-adjustments-html.html,cost_reimbursement,rates
Retroactive Rate Per Diem 20250413.xlsx,Retroactive Per Diem Rates,https://ahca.myflorida.com/content/download/26412/file/Retroactive%20Rate%20Per%20Diem%2020250413.xlsx,xlsx,,,Nursing Home Retroactive Rate Adjustments,https://ahca.myflorida.com/medicaid/cost-reimbursement/nursing-home-retroactive-rate-adjustments-html.html,cost_reimbursement,rates
Retroactive Rate Per Diem 20251219.xlsx,Retroactive Per Diem Rates,https://ahca.myflorida.com/content/download/28053/file/Retroactive%20Rate%20Per%20Diem%2020251219.xlsx,xlsx,,,Nursing Home Retroactive Rate Adjustments,https://ahca.myflorida.com/medicaid/cost-reimbursement/nursing-home-retroactive-rate-adjustments-html.html,cost_reimbursement,rates
Retroactive Rate Per Diem 20251230.xlsx,Retroactive Per Diem Rates,https://ahca.myflorida.com/content/download/28038/file/Retroactive%20Rate%20Per%20Diem%2020251230.xlsx,xlsx,,,Nursing Home Retroactive Rate Adjustments,https://ahca.myflorida.com/medicaid/cost-reimbursement/nursing-home-retroactive-rate-adjustments-html.html,cost_reimbursement,rates
Retroactive_Per_Diem_Rates_2014-02-27.xlsx,Retroactive Per Diem Rates,https://ahca.myflorida.com/content/download/5622/file/Retroactive_Per_Diem_Rates_2014-02-27.xlsx,xlsx,2014,,Nursing Home Retroactive Rate Adjustments,https://ahca.myflorida.com/medicaid/cost-reimbursement/nursing-home-retroactive-rate-adjustments-html.html,cost_reimbursement,rates
Retroactive_Per_Diem_Rates_2014-03-31.xlsx,Retroactive Per Diem Rates,https://ahca.myflorida.com/content/download/5623/file/Retroactive_Per_Diem_Rates_2014-03-31.xlsx,xlsx,2014,,Nursing Home Retroactive Rate Adjustments,https://ahca.myflorida.com/medicaid/cost-reimbursement/nursing-home-retroactive-rate-adjustments-html.html,cost_reimbursement,rates
Retroactive_Per_Diem_Rates_2014-05-01.xlsx,Retroactive Per Diem Rates,https://ahca.myflorida.com/content/download/5624/file/Retroactive_Per_Diem_Rates_2014-05-01.xlsx,xlsx,2014,,Nursing Home Retroactive Rate Adjustments,https://ahca.myflorida.com/medicaid/cost-reimbursement/nursing-home-retroactive-rate-adjustments-html.html,cost_reimbursement,rates
Retroactive_Per_Diem_Rates_2014-06-18.xlsx,Retroactive Per Diem Rates,https://ahca.myflorida.com/content/download/5625/file/Retroactive_Per_Diem_Rates_2014-06-18.xlsx,xlsx,2014,,Nursing Home Retroactive Rate Adjustments,https://ahca.myflorida.com/medicaid/cost-reimbursement/nursing-home-retroactive-rate-adjustments-html.html,cost_reimbursement,rates
Retroactive_Per_Diem_Rates_2014-08-01.pdf,Retroactive Per Diem Rates Memo,https://ahca.myflorida.com/content/download/5484/file/Retroactive_Per_Diem_Rates_2014-08-01.pdf,pdf,2014,,Nursing Home Retroactive Rate Adjustments,https://ahca.myflorida.com/medicaid/cost-reimbursement/nursing-home-retroactive-rate-adjustments-html.html,cost_reimbursement,rates
Retroactive_Per_Diem_Rates_2014-08-01.xlsx,Retroactive Per Diem Rates,https://ahca.myflorida.com/content/download/5626/file/Retroactive_Per_Diem_Rates_2014-08-01.xlsx,xlsx,2014,,Nursing Home Retroactive Rate Adjustments,https://ahca.myflorida.com/medicaid/cost-reimbursement/nursing-home-retroactive-rate-adjustments-html.html,cost_reimbursement,rates
Retroactive_Per_Diem_Rates_2014-08-28.xlsx,Retroactive Per Diem Rates,https://ahca.myflorida.com/content/download/5627/file/Retroactive_Per_Diem_Rates_2014-08-28.xlsx,xlsx,2014,,Nursing Home Retroactive Rate Adjustments,https://ahca.myflorida.com/medicaid/cost-reimbursement/nursing-home-retroactive-rate-adjustments-html.html,cost_reimbursement,rates
Retroactive_Per_Diem_Rates_2014-09-29.xlsx,Retroactive Per Diem Rates,https://ahca.myflorida.com/content/download/5628/file/Retroactive_Per_Diem_Rates_2014-09-29.xlsx,xlsx,2014,,Nursing Home Retroactive Rate Adjustments,https://ahca.myflorida.com/medicaid/cost-reimbursement/nursing-home-retroactive-rate-adjustments-html.html,cost_reimbursement,rates
Retroactive_Per_Diem_Rates_2014-10-30.xlsx,Retroactive Per Diem Rates,https://ahca.myflorida.com/content/download/5629/file/Retroactive_Per_Diem_Rates_2014-10-30.xlsx,xlsx,2014,,Nursing Home Retroactive Rate Adjustments,https://ahca.myflorida.com/medicaid/cost-reimbursement/nursing-home-retroactive-rate-adjustments-html.html,cost_reimbursement,rates
Retroactive_Per_Diem_Rates_2014-11-26.xlsx,Retroactive Per Diem Rates,https://ahca.myflorida.com/content/download/5630/file/Retroactive_Per_Diem_Rates_2014-11-26.xlsx,xlsx,2014,,Nursing Home Retroactive Rate Adjustments,https://ahca.myflorida.com/medicaid/cost-reimbursement/nursing-home-retroactive-rate-adjustments-html.html,cost_reimbursement,rates
Retroactive_Per_Diem_Rates_2014-12-18.xlsx,Retroactive Per Diem Rates,https://ahca.myflorida.com/content/download/5631/file/Retroactive_Per_Diem_Rates_2014-12-18.xlsx,xlsx,2014,,Nursing Home Retroactive Rate Adjustments,https://ahca.myflorida.com/medicaid/cost-reimbursement/nursing-home-retroactive-rate-adjustments-html.html,cost_reimbursement,rates
Retroactive_Per_Diem_Rates_2014_03_31.pdf,Retroactive Per Diem Rates Memo,https://ahca.myflorida.com/content/download/5485/file/Retroactive_Per_Diem_Rates_2014_03_31.pdf,pdf,2014,,Nursing Home Retroactive Rate Adjustments,https://ahca.myflorida.com/medicaid/cost-reimbursement/nursing-home-retroactive-rate-adjustments-html.html,cost_reimbursement,rates
Retroactive_Per_Diem_Rates_2015-01-15.pdf,Retroactive Per Diem Rates Memo,https://ahca.myflorida.com/content/download/6663/file/Retroactive_Per_Diem_Rates_2015-01-15.pdf,pdf,2015,,Nursing Home Retroactive Rate Adjustments,https://ahca.myflorida.com/medicaid/cost-reimbursement/nursing-home-retroactive-rate-adjustments-html.html,cost_reimbursement,rates
Retroactive_Per_Diem_Rates_2015-01-28.pdf,Retroactive Per Diem Rates Memo,https://ahca.myflorida.com/content/download/6664/file/Retroactive_Per_Diem_Rates_2015-01-28.pdf,pdf,2015,,Nursing Home Retroactive Rate Adjustments,https://ahca.myflorida.com/medicaid/cost-reimbursement/nursing-home-retroactive-rate-adjustments-html.html,cost_reimbursement,rates
Retroactive_Per_Diem_Rates_2015-01-28.xlsx,Retroactive Per Diem Rates,https://ahca.myflorida.com/content/download/6794/file/Retroactive_Per_Diem_Rates_2015-01-28.xlsx,xlsx,2015,,Nursing Home Retroactive Rate Adjustments,https://ahca.myflorida.com/medicaid/cost-reimbursement/nursing-home-retroactive-rate-adjustments-html.html,cost_reimbursement,rates
Retroactive_Per_Diem_Rates_2015-02-24.xlsx,Retroactive Per Diem Rates,https://ahca.myflorida.com/content/download/6795/file/Retroactive_Per_Diem_Rates_2015-02-24.xlsx,xlsx,2015,,Nursing Home Retroactive Rate Adjustments,https://ahca.myflorida.com/medicaid/cost-reimbursement/nursing-home-retroactive-rate-adjustments-html.html,cost_reimbursement,rates
Retroactive_Per_Diem_Rates_2015-04-24.xlsx,Retroactive Per Diem Rates,https://ahca.myflorida.com/content/download/6796/file/Retroactive_Per_Diem_Rates_2015-04-24.xlsx,xlsx,2015,,Nursing Home Retroactive Rate Adjustments,https://ahca.myflorida.com/medicaid/cost-reimbursement/nursing-home-retroactive-rate-adjustments-html.html,cost_reimbursement,rates
Retroactive_Per_Diem_Rates_2015-05-28.xlsx,Retroactive Per Diem Rates,https://ahca.myflorida.com/content/download/6797/file/Retroactive_Per_Diem_Rates_2015-05-28.xlsx,xlsx,2015,,Nursing Home Retroactive Rate Adjustments,https://ahca.myflorida.com/medicaid/cost-reimbursement/nursing-home-retroactive-rate-adjustments-html.html,cost_reimbursement,rates
Retroactive_Per_Diem_Rates_2015-06-26.xlsx,Retroactive Per Diem Rates,https://ahca.myflorida.com/content/download/6798/file/Retroactive_Per_Diem_Rates_2015-06-26.xlsx,xlsx,2015,,Nursing Home Retroactive Rate Adjustments,https://ahca.myflorida.com/medicaid/cost-reimbursement/nursing-home-retroactive-rate-adjustments-html.html,cost_reimbursement,rates
Retroactive_Per_Diem_Rates_2015-07-30.xlsx,Retroactive Per Diem Rates,https://ahca.myflorida.com/content/download/6799/file/Retroactive_Per_Diem_Rates_2015-07-30.xlsx,xlsx,2015,,Nursing Home Retroactive Rate Adjustments,https://ahca.myflorida.com/medicaid/cost-reimbursement/nursing-home-retroactive-rate-adjustments-html.html,cost_reimbursement,rates
Retroactive_Per_Diem_Rates_2015-08-27.xlsx,Retroactive Per Diem Rates,https://ahca.myflorida.com/content/download/6800/file/Retroactive_Per_Diem_Rates_2015-08-27.xlsx,xlsx,2015,,Nursing Home Retroactive Rate Adjustments,https://ahca.myflorida.com/medicaid/cost-reimbursement/nursing-home-retroactive-rate-adjustments-html.html,cost_reimbursement,rates
Retroactive_Per_Diem_Rates_2015-09-30.xlsx,Retroactive Per Diem Rates,https://ahca.myflorida.com/content/download/6801/file/Retroactive_Per_Diem_Rates_2015-09-30.xlsx,xlsx,2015,,Nursing Home Retroactive Rate Adjustments,https://ahca.myflorida.com/medicaid/cost-reimbursement/nursing-home-retroactive-rate-adjustments-html.html,cost_reimbursement,rates
Retroactive_Per_Diem_Rates_2015-10-27.xlsx,Retroactive Per Diem Rates,https://ahca.myflorida.com/content/download/6802/file/Retroactive_Per_Diem_Rates_2015-10-27.xlsx,xlsx,2015,,Nursing Home Retroactive Rate Adjustments,https://ahca.myflorida.com/medicaid/cost-reimbursement/nursing-home-retroactive-rate-adjustments-html.html,cost_reimbursement,rates
Retroactive_Per_Diem_Rates_2015-11-20.xlsx,Retroactive Per Diem Rates,https://ahca.myflorida.com/content/download/6803/file/Retroactive_Per_Diem_Rates_2015-11-20.xlsx,xlsx,2015,,Nursing Home Retroactive Rate Adjustments,https://ahca.myflorida.com/medicaid/cost-reimbursement/nursing-home-retroactive-rate-adjustments-html.html,cost_reimbursement,rates
Retroactive_Per_Diem_Rates_2015-12-30.xlsx,Retroactive Per Diem Rates,https://ahca.myflorida.com/content/download/6804/file/Retroactive_Per_Diem_Rates_2015-12-30.xlsx,xlsx,2015,,Nursing Home Retroactive Rate Adjustments,https://ahca.myflorida.com/medicaid/cost-reimbursement/nursing-home-retroactive-rate-adjustments-html.html,cost_reimbursement,rates
Retroactive_Per_Diem_Rates_2016-01-29.xlsx,Retroactive Per Diem Rates,https://ahca.myflorida.com/content/download/6805/file/Retroactive_Per_Diem_Rates_2016-01-29.xlsx,xlsx,2016,,Nursing Home Retroactive Rate Adjustments,https://ahca.myflorida.com/medicaid/cost-reimbursement/nursing-home-retroactive-rate-adjustments-html.html,cost_reimbursement,rates
Retroactive_Per_Diem_Rates_2016-02-26.xlsx,Retroactive Per Diem Rates,https://ahca.myflorida.com/content/download/6806/file/Retroactive_Per_Diem_Rates_2016-02-26.xlsx,xlsx,2016,,Nursing Home Retroactive Rate Adjustments,https://ahca.myflorida.com/medicaid/cost-reimbursement/nursing-home-retroactive-rate-adjustments-html.html,cost_reimbursement,rates
Retroactive_Per_Diem_Rates_2016-03-29.xlsx,Retroactive Per Diem Rates,https://ahca.myflorida.com/content/download/6807/file/Retroactive_Per_Diem_Rates_2016-03-29.xlsx,xlsx,2016,,Nursing Home Retroactive Rate Adjustments,https://ahca.myflorida.com/medicaid/cost-reimbursement/nursing-home-retroactive-rate-adjustments-html.html,cost_reimbursement,rates
Retroactive_Per_Diem_Rates_2016-04-28.xlsx,Retroactive Per Diem Rates,https://ahca.myflorida.com/content/download/6808/file/Retroactive_Per_Diem_Rates_2016-04-28.xlsx,xlsx,2016,,Nursing Home Retroactive Rate Adjustments,https://ahca.myflorida.com/medicaid/cost-reimbursement/nursing-home-retroactive-rate-adjustments-html.html,cost_reimbursement,rates
Retroactive_Per_Diem_Rates_2016-05-25.xlsx,Retroactive Per Diem Rates,https://ahca.myflorida.com/content/download/6809/file/Retroactive_Per_Diem_Rates_2016-05-25.xlsx,xlsx,2016,,Nursing Home Retroactive Rate Adjustments,https://ahca.myflorida.com/medicaid/cost-reimbursement/nursing-home-retroactive-rate-adjustments-html.html,cost_reimbursement,rates
Retroactive_Per_Diem_Rates_2016-06-28.xlsx,Retroactive Per Diem Rates,https://ahca.myflorida.com/content/download/6810/file/Retroactive_Per_Diem_Rates_2016-06-28.xlsx,xlsx,2016,,Nursing Home Retroactive Rate Adjustments,https://ahca.myflorida.com/medicaid/cost-reimbursement/nursing-home-retroactive-rate-adjustments-html.html,cost_reimbursement,rates
Retroactive_Per_Diem_Rates_2016-08-30.xlsx,Retroactive Per Diem Rates,https://ahca.myflorida.com/content/download/6811/file/Retroactive_Per_Diem_Rates_2016-08-30.xlsx,xlsx,2016,,Nursing Home Retroactive Rate Adjustments,https://ahca.myflorida.com/medicaid/cost-reimbursement/nursing-home-retroactive-rate-adjustments-html.html,cost_reimbursement,rates
Retroactive_Per_Diem_Rates_2016-09-30.xlsx,Retroactive Per Diem Rates,https://ahca.myflorida.com/content/download/6812/file/Retroactive_Per_Diem_Rates_2016-09-30.xlsx,xlsx,2016,,Nursing Home Retroactive Rate Adjustments,https://ahca.myflorida.com/medicaid/cost-reimbursement/nursing-home-retroactive-rate-adjustments-html.html,cost_reimbursement,rates
Retroactive_Per_Diem_Rates_2016-10-28.xlsx,Retroactive Per Diem Rates,https://ahca.myflorida.com/content/download/6813/file/Retroactive_Per_Diem_Rates_2016-10-28.xlsx,xlsx,2016,,Nursing Home Retroactive Rate Adjustments,https://ahca.myflorida.com/medicaid/cost-reimbursement/nursing-home-retroactive-rate-adjustments-html.html,cost_reimbursement,rates
Retroactive_Per_Diem_Rates_2016-11-30.xlsx,Retroactive Per Diem Rates,https://ahca.myflorida.com/content/download/6814/file/Retroactive_Per_Diem_Rates_2016-11-30.xlsx,xlsx,2016,,Nursing Home Retroactive Rate Adjustments,https://ahca.myflorida.com/medicaid/cost-reimbursement/nursing-home-retroactive-rate-adjustments-html.html,cost_reimbursement,rates
Retroactive_Per_Diem_Rates_2017-01-06.xlsx,Retroactive Per Diem Rates,https://ahca.myflorida.com/content/download/6815/file/Retroactive_Per_Diem_Rates_2017-01-06.xlsx,xlsx,2017,,Nursing Home Retroactive Rate Adjustments,https://ahca.myflorida.com/medicaid/cost-reimbursement/nursing-home-retroactive-rate-adjustments-html.html,cost_reimbursement,rates
Retroactive_Per_Diem_Rates_2017-01-27.xlsx,Retroactive Per Diem Rates,https://ahca.myflorida.com/content/download/6816/file/Retroactive_Per_Diem_Rates_2017-01-27.xlsx,xlsx,2017,,Nursing Home Retroactive Rate Adjustments,https://ahca.myflorida.com/medicaid/cost-reimbursement/nursing-home-retroactive-rate-adjustments-html.html,cost_reimbursement,rates
Retroactive_Per_Diem_Rates_2017-02-27.xlsx,Retroactive Per Diem Rates,https://ahca.myflorida.com/content/download/6817/file/Retroactive_Per_Diem_Rates_2017-02-27.xlsx,xlsx,2017,,Nursing Home Retroactive Rate Adjustments,https://ahca.myflorida.com/medicaid/cost-reimbursement/nursing-home-retroactive-rate-adjustments-html.html,cost_reimbursement,rates
Retroactive_Per_Diem_Rates_2017-03-29.xlsx,Retroactive Per Diem Rates,https://ahca.myflorida.com/content/download/6818/file/Retroactive_Per_Diem_Rates_2017-03-29.xlsx,xlsx,2017,,Nursing Home Retroactive Rate Adjustments,https://ahca.myflorida.com/medicaid/cost-reimbursement/nursing-home-retroactive-rate-adjustments-html.html,cost_reimbursement,rates
Retroactive_Per_Diem_Rates_2017-05-02.xlsx,Retroactive Per Diem Rates,https://ahca.myflorida.com/content/download/5632/file/Retroactive_Per_Diem_Rates_2017-05-02.xlsx,xlsx,2017,,Nursing Home Retroactive Rate Adjustments,https://ahca.myflorida.com/medicaid/cost-reimbursement/nursing-home-retroactive-rate-adjustments-html.html,cost_reimbursement,rates
Retroactive_Per_Diem_Rates_2017-05-29.xlsx,Retroactive Per Diem Rates,https://ahca.myflorida.com/content/download/5633/file/Retroactive_Per_Diem_Rates_2017-05-29.xlsx,xlsx,2017,,Nursing Home Retroactive Rate Adjustments,https://ahca.myflorida.com/medicaid/cost-reimbursement/nursing-home-retroactive-rate-adjustments-html.html,cost_reimbursement,rates
Retroactive_Per_Diem_Rates_2017-06-26.xlsx,Retroactive Per Diem Rates,https://ahca.myflorida.com/content/download/5634/file/Retroactive_Per_Diem_Rates_2017-06-26.xlsx,xlsx,2017,,Nursing Home Retroactive Rate Adjustments,https://ahca.myflorida.com/medicaid/cost-reimbursement/nursing-home-retroactive-rate-adjustments-html.html,cost_reimbursement,rates
Retroactive_Per_Diem_Rates_2017-09-05.xlsx,Retroactive Per Diem Rates,https://ahca.myflorida.com/content/download/5635/file/Retroactive_Per_Diem_Rates_2017-09-05.xlsx,xlsx,2017,,Nursing Home Retroactive Rate Adjustments,https://ahca.myflorida.com/medicaid/cost-reimbursement/nursing-home-retroactive-rate-adjustments-html.html,cost_reimbursement,rates
Retroactive_Per_Diem_Rates_2017-10-02.xlsx,Retroactive Per Diem Rates,https://ahca.myflorida.com/content/download/5636/file/Retroactive_Per_Diem_Rates_2017-10-02.xlsx,xlsx,2017,,Nursing Home Retroactive Rate Adjustments,https://ahca.myflorida.com/medicaid/cost-reimbursement/nursing-home-retroactive-rate-adjustments-html.html,cost_reimbursement,rates
Retroactive_Per_Diem_Rates_2017-11-01.xlsx,Retroactive Per Diem Rates,https://ahca.myflorida.com/content/download/5637/file/Retroactive_Per_Diem_Rates_2017-11-01.xlsx,xlsx,2017,,Nursing Home Retroactive Rate Adjustments,https://ahca.myflorida.com/medicaid/cost-reimbursement/nursing-home-retroactive-rate-adjustments-html.html,cost_reimbursement,rates
Retroactive_Per_Diem_Rates_2017-12-06.pdf,Retroactive Per Diem Rates Memo,https://ahca.myflorida.com/content/download/5486/file/Retroactive_Per_Diem_Rates_2017-12-06.pdf,pdf,2017,,Nursing Home Retroactive Rate Adjustments,https://ahca.myflorida.com/medicaid/cost-reimbursement/nursing-home-retroactive-rate-adjustments-html.html,cost_reimbursement,rates
Retroactive_Per_Diem_Rates_2017-12-06.xlsx,Retroactive Per Diem Rates,https://ahca.myflorida.com/content/download/5638/file/Retroactive_Per_Diem_Rates_2017-12-06.xlsx,xlsx,2017,,Nursing Home Retroactive Rate Adjustments,https://ahca.myflorida.com/medicaid/cost-reimbursement/nursing-home-retroactive-rate-adjustments-html.html,cost_reimbursement,rates
Retroactive_Per_Diem_Rates_2018-01-30.xlsx,Retroactive Per Diem Rates,https://ahca.myflorida.com/content/download/5639/file/Retroactive_Per_Diem_Rates_2018-01-30.xlsx,xlsx,2018,,Nursing Home Retroactive Rate Adjustments,https://ahca.myflorida.com/medicaid/cost-reimbursement/nursing-home-retroactive-rate-adjustments-html.html,cost_reimbursement,rates
Retroactive_Per_Diem_Rates_2018-04-30.xlsx,Retroactive Per Diem Rates,https://ahca.myflorida.com/content/download/5640/file/Retroactive_Per_Diem_Rates_2018-04-30.xlsx,xlsx,2018,,Nursing Home Retroactive Rate Adjustments,https://ahca.myflorida.com/medicaid/cost-reimbursement/nursing-home-retroactive-rate-adjustments-html.html,cost_reimbursement,rates
Retroactive_Per_Diem_Rates_2018-05-14.xlsx,Retroactive Per Diem Rates,https://ahca.myflorida.com/content/download/5641/file/Retroactive_Per_Diem_Rates_2018-05-14.xlsx,xlsx,2018,,Nursing Home Retroactive Rate Adjustments,https://ahca.myflorida.com/medicaid/cost-reimbursement/nursing-home-retroactive-rate-adjustments-html.html,cost_reimbursement,rates
Retroactive_Per_Diem_Rates_2018-05-30.xlsx,Retroactive Per Diem Rates,https://ahca.myflorida.com/content/download/5642/file/Retroactive_Per_Diem_Rates_2018-05-30.xlsx,xlsx,2018,,Nursing Home Retroactive Rate Adjustments,https://ahca.myflorida.com/medicaid/cost-reimbursement/nursing-home-retroactive-rate-adjustments-html.html,cost_reimbursement,rates
Retroactive_Per_Diem_Rates_2018-07-10.xlsx,Retroactive Per Diem Rates,https://ahca.myflorida.com/content/download/5643/file/Retroactive_Per_Diem_Rates_2018-07-10.xlsx,xlsx,2018,,Nursing Home Retroactive Rate Adjustments,https://ahca.myflorida.com/medicaid/cost-reimbursement/nursing-home-retroactive-rate-adjustments-html.html,cost_reimbursement,rates
Retroactive_Per_Diem_Rates_2018-09-20.xlsx,Retroactive Per Diem Rates,https://ahca.myflorida.com/content/download/5644/file/Retroactive_Per_Diem_Rates_2018-09-20.xlsx,xlsx,2018,,Nursing Home Retroactive Rate Adjustments,https://ahca.myflorida.com/medicaid/cost-reimbursement/nursing-home-retroactive-rate-adjustments-html.html,cost_reimbursement,rates
Retroactive_Per_Diem_Rates_2018-10-01.xlsx,Retroactive Per Diem Rates,https://ahca.myflorida.com/content/download/5645/file/Retroactive_Per_Diem_Rates_2018-10-01.xlsx,xlsx,2018,,Nursing Home Retroactive Rate Adjustments,https://ahca.myflorida.com/medicaid/cost-reimbursement/nursing-home-retroactive-rate-adjustments-html.html,cost_reimbursement,rates
Retroactive_Per_Diem_Rates_2018-11-01.xlsx,Retroactive Per Diem Rates,https://ahca.myflorida.com/content/download/5646/file/Retroactive_Per_Diem_Rates_2018-11-01.xlsx,xlsx,2018,,Nursing Home Retroactive Rate Adjustments,https://ahca.myflorida.com/medicaid/cost-reimbursement/nursing-home-retroactive-rate-adjustments-html.html,cost_reimbursement,rates
Retroactive_Per_Diem_Rates_2018-11-30.xlsx,Retroactive Per Diem Rates,https://ahca.myflorida.com/content/download/5647/file/Retroactive_Per_Diem_Rates_2018-11-30.xlsx,xlsx,2018,,Nursing Home Retroactive Rate Adjustments,https://ahca.myflorida.com/medicaid/cost-reimbursement/nursing-home-retroactive-rate-adjustments-html.html,cost_reimbursement,rates
Retroactive_Per_Diem_Rates_20180227.pdf,Retroactive Per Diem Rates Memo,https://ahca.myflorida.com/content/download/5487/file/Retroactive_Per_Diem_Rates_20180227.pdf,pdf,,,Nursing Home Retroactive Rate Adjustments,https://ahca.myflorida.com/medicaid/cost-reimbursement/nursing-home-retroactive-rate-adjustments-html.html,cost_reimbursement,rates
Retroactive_Per_Diem_Rates_20180227.xlsx,Retroactive Per Diem Rates,https://ahca.myflorida.com/content/download/5648/file/Retroactive_Per_Diem_Rates_20180227.xlsx,xlsx,,,Nursing Home Retroactive Rate Adjustments,https://ahca.myflorida.com/medicaid/cost-reimbursement/nursing-home-retroactive-rate-adjustments-html.html,cost_reimbursement,rates
Retroactive_Per_Diem_Rates_20180927.pdf,Retroactive Per Diem Rates Memo,https://ahca.myflorida.com/content/download/5488/file/Retroactive_Per_Diem_Rates_20180927.pdf,pdf,,,Nursing Home Retroactive Rate Adjustments,https://ahca.myflorida.com/medicaid/cost-reimbursement/nursing-home-retroactive-rate-adjustments-html.html,cost_reimbursement,rates
Retroactive_Per_Diem_Rates_20180927.xlsx,Retroactive Per Diem Rates,https://ahca.myflorida.com/content/download/5649/file/Retroactive_Per_Diem_Rates_20180927.xlsx,xlsx,,,Nursing Home Retroactive Rate Adjustments,https://ahca.myflorida.com/medicaid/cost-reimbursement/nursing-home-retroactive-rate-adjustments-html.html,cost_reimbursement,rates
Retroactive_Per_Diem_Rates_2019-05-31.xlsx,Retroactive Per Diem Rates,https://ahca.myflorida.com/content/download/5650/file/Retroactive_Per_Diem_Rates_2019-05-31.xlsx,xlsx,2019,,Nursing Home Retroactive Rate Adjustments,https://ahca.myflorida.com/medicaid/cost-reimbursement/nursing-home-retroactive-rate-adjustments-html.html,cost_reimbursement,rates
Retroactive_Per_Diem_Rates_20190205.pdf,Retroactive Per Diem Rates Memo,https://ahca.myflorida.com/content/download/5489/file/Retroactive_Per_Diem_Rates_20190205.pdf,pdf,,,Nursing Home Retroactive Rate Adjustments,https://ahca.myflorida.com/medicaid/cost-reimbursement/nursing-home-retroactive-rate-adjustments-html.html,cost_reimbursement,rates
Retroactive_Per_Diem_Rates_20190205.xlsx,Retroactive Per Diem Rates,https://ahca.myflorida.com/content/download/5651/file/Retroactive_Per_Diem_Rates_20190205.xlsx,xlsx,,,Nursing Home Retroactive Rate Adjustments,https://ahca.myflorida.com/medicaid/cost-reimbursement/nursing-home-retroactive-rate-adjustments-html.html,cost_reimbursement,rates
Retroactive_Per_Diem_Rates_20190207.pdf,Retroactive Per Diem Rates Memo,https://ahca.myflorida.com/content/download/5490/file/Retroactive_Per_Diem_Rates_20190207.pdf,pdf,,,Nursing Home Retroactive Rate Adjustments,https://ahca.myflorida.com/medicaid/cost-reimbursement/nursing-home-retroactive-rate-adjustments-html.html,cost_reimbursement,rates
Retroactive_Per_Diem_Rates_20190207.xlsx,Retroactive Per Diem Rates,https://ahca.myflorida.com/content/download/5652/file/Retroactive_Per_Diem_Rates_20190207.xlsx,xlsx,,,Nursing Home Retroactive Rate Adjustments,https://ahca.myflorida.com/medicaid/cost-reimbursement/nursing-home-retroactive-rate-adjustments-html.html,cost_reimbursement,rates
Retroactive_Per_Diem_Rates_20190301.pdf,Retroactive Per Diem Rates Memo,https://ahca.myflorida.com/content/download/5491/file/Retroactive_Per_Diem_Rates_20190301.pdf,pdf,,,Nursing Home Retroactive Rate Adjustments,https://ahca.myflorida.com/medicaid/cost-reimbursement/nursing-home-retroactive-rate-adjustments-html.html,cost_reimbursement,rates
Retroactive_Per_Diem_Rates_20190301.xlsx,Retroactive Per Diem Rates,https://ahca.myflorida.com/content/download/5653/file/Retroactive_Per_Diem_Rates_20190301.xlsx,xlsx,,,Nursing Home Retroactive Rate Adjustments,https://ahca.myflorida.com/medicaid/cost-reimbursement/nursing-home-retroactive-rate-adjustments-html.html,cost_reimbursement,rates
Retroactive_Per_Diem_Rates_20190401.pdf,Retroactive Per Diem Rates Memo,https://ahca.myflorida.com/content/download/5492/file/Retroactive_Per_Diem_Rates_20190401.pdf,pdf,,,Nursing Home Retroactive Rate Adjustments,https://ahca.myflorida.com/medicaid/cost-reimbursement/nursing-home-retroactive-rate-adjustments-html.html,cost_reimbursement,rates
Retroactive_Per_Diem_Rates_20190401.xlsx,Retroactive Per Diem Rates,https://ahca.myflorida.com/content/download/5654/file/Retroactive_Per_Diem_Rates_20190401.xlsx,xlsx,,,Nursing Home Retroactive Rate Adjustments,https://ahca.myflorida.com/medicaid/cost-reimbursement/nursing-home-retroactive-rate-adjustments-html.html,cost_reimbursement,rates
Retroactive_Per_Diem_Rates_20190501.pdf,Retroactive Per Diem Rates Memo,https://ahca.myflorida.com/content/download/5493/file/Retroactive_Per_Diem_Rates_20190501.pdf,pdf,,,Nursing Home Retroactive Rate Adjustments,https://ahca.myflorida.com/medicaid/cost-reimbursement/nursing-home-retroactive-rate-adjustments-html.html,cost_reimbursement,rates
Retroactive_Per_Diem_Rates_20190501.xlsx,Retroactive Per Diem Rates,https://ahca.myflorida.com/content/download/5655/file/Retroactive_Per_Diem_Rates_20190501.xlsx,xlsx,,,Nursing Home Retroactive Rate Adjustments,https://ahca.myflorida.com/medicaid/cost-reimbursement/nursing-home-retroactive-rate-adjustments-html.html,cost_reimbursement,rates
Retroactive_Per_Diem_Rates_20190808.pdf,Retroactive Per Diem Rates Memo,https://ahca.myflorida.com/content/download/5494/file/Retroactive_Per_Diem_Rates_20190808.pdf,pdf,,,Nursing Home Retroactive Rate Adjustments,https://ahca.myflorida.com/medicaid/cost-reimbursement/nursing-home-retroactive-rate-adjustments-html.html,cost_reimbursement,rates
Retroactive_Per_Diem_Rates_20190808.xlsx,Retroactive Per Diem Rates,https://ahca.myflorida.com/content/download/5656/file/Retroactive_Per_Diem_Rates_20190808.xlsx,xlsx,,,Nursing Home Retroactive Rate Adjustments,https://ahca.myflorida.com/medicaid/cost-reimbursement/nursing-home-retroactive-rate-adjustments-html.html,cost_reimbursement,rates
Retroactive_Per_Diem_Rates_20190905.pdf,Retroactive Per Diem Rates Memo,https://ahca.myflorida.com/content/download/5495/file/Retroactive_Per_Diem_Rates_20190905.pdf,pdf,,,Nursing Home Retroactive Rate Adjustments,https://ahca.myflorida.com/medicaid/cost-reimbursement/nursing-home-retroactive-rate-adjustments-html.html,cost_reimbursement,rates
Retroactive_Per_Diem_Rates_20190905.xlsx,Retroactive Per Diem Rates,https://ahca.myflorida.com/content/download/5657/file/Retroactive_Per_Diem_Rates_20190905.xlsx,xlsx,,,Nursing Home Retroactive Rate Adjustments,https://ahca.myflorida.com/medicaid/cost-reimbursement/nursing-home-retroactive-rate-adjustments-html.html,cost_reimbursement,rates
Retroactive_Per_Diem_Rates_20191010.pdf,Retroactive Per Diem Rates Memo,https://ahca.myflorida.com/content/download/5496/file/Retroactive_Per_Diem_Rates_20191010.pdf,pdf,,,Nursing Home Retroactive Rate Adjustments,https://ahca.myflorida.com/medicaid/cost-reimbursement/nursing-home-retroactive-rate-adjustments-html.html,cost_reimbursement,rates
Retroactive_Per_Diem_Rates_20191010.xlsx,Retroactive Per Diem Rates,https://ahca.myflorida.com/content/download/5658/file/Retroactive_Per_Diem_Rates_20191010.xlsx,xlsx,,,Nursing Home Retroactive Rate Adjustments,https://ahca.myflorida.com/medicaid/cost-reimbursement/nursing-home-retroactive-rate-adjustments-html.html,cost_reimbursement,rates
Retroactive_Per_Diem_Rates_20191101.pdf,Retroactive Per Diem Rates Memo,https://ahca.myflorida.com/content/download/5497/file/Retroactive_Per_Diem_Rates_20191101.pdf,pdf,,,Nursing Home Retroactive Rate Adjustments,https://ahca.myflorida.com/medicaid/cost-reimbursement/nursing-home-retroactive-rate-adjustments-html.html,cost_reimbursement,rates
Retroactive_Per_Diem_Rates_20191101.xlsx,Retroactive Per Diem Rates,https://ahca.myflorida.com/content/download/5659/file/Retroactive_Per_Diem_Rates_20191101.xlsx,xlsx,,,Nursing Home Retroactive Rate Adjustments,https://ahca.myflorida.com/medicaid/cost-reimbursement/nursing-home-retroactive-rate-adjustments-html.html,cost_reimbursement,rates
Retroactive_Per_Diem_Rates_20191130.pdf,Retroactive Per Diem Rates Memo,https://ahca.myflorida.com/content/download/5498/file/Retroactive_Per_Diem_Rates_20191130.pdf,pdf,,,Nursing Home Retroactive Rate Adjustments,https://ahca.myflorida.com/medicaid/cost-reimbursement/nursing-home-retroactive-rate-adjustments-html.html,cost_reimbursement,rates
Retroactive_Per_Diem_Rates_20191130.xlsx,Retroactive Per Diem Rates,https://ahca.myflorida.com/content/download/5660/file/Retroactive_Per_Diem_Rates_20191130.xlsx,xlsx,,,Nursing Home Retroactive Rate Adjustments,https://ahca.myflorida.com/medicaid/cost-reimbursement/nursing-home-retroactive-rate-adjustments-html.html,cost_reimbursement,rates
Retroactive_Per_Diem_Rates_20191231.xlsx,Retroactive Per Diem Rates,https://ahca.myflorida.com/content/download/5661/file/Retroactive_Per_Diem_Rates_20191231.xlsx,xlsx,,,Nursing Home Retroactive Rate Adjustments,https://ahca.myflorida.com/medicaid/cost-reimbursement/nursing-home-retroactive-rate-adjustments-html.html,cost_reimbursement,rates
Retroactive_Per_Diem_Rates_20200131.xlsx,Retroactive Per Diem Rates,https://ahca.myflorida.com/content/download/5662/file/Retroactive_Per_Diem_Rates_20200131.xlsx,xlsx,,,Nursing Home Retroactive Rate Adjustments,https://ahca.myflorida.com/medicaid/cost-reimbursement/nursing-home-retroactive-rate-adjustments-html.html,cost_reimbursement,rates
Retroactive_Per_Diem_Rates_20200229.xlsx,Retroactive Per Diem Rates,https://ahca.myflorida.com/content/download/5663/file/Retroactive_Per_Diem_Rates_20200229.xlsx,xlsx,,,Nursing Home Retroactive Rate Adjustments,https://ahca.myflorida.com/medicaid/cost-reimbursement/nursing-home-retroactive-rate-adjustments-html.html,cost_reimbursement,rates
Retroactive_Per_Diem_Rates_20200310.xlsx,Retroactive Per Diem Rates,https://ahca.myflorida.com/content/download/5664/file/Retroactive_Per_Diem_Rates_20200310.xlsx,xlsx,,,Nursing Home Retroactive Rate Adjustments,https://ahca.myflorida.com/medicaid/cost-reimbursement/nursing-home-retroactive-rate-adjustments-html.html,cost_reimbursement,rates
Retroactive_Per_Diem_Rates_20200408.xlsx,Retroactive Per Diem Rates,https://ahca.myflorida.com/content/download/5665/file/Retroactive_Per_Diem_Rates_20200408.xlsx,xlsx,,,Nursing Home Retroactive Rate Adjustments,https://ahca.myflorida.com/medicaid/cost-reimbursement/nursing-home-retroactive-rate-adjustments-html.html,cost_reimbursement,rates
Retroactive_Per_Diem_Rates_20200423.pdf,Retroactive Per Diem Rates Memo,https://ahca.myflorida.com/content/download/5499/file/Retroactive_Per_Diem_Rates_20200423.pdf,pdf,,,Nursing Home Retroactive Rate Adjustments,https://ahca.myflorida.com/medicaid/cost-reimbursement/nursing-home-retroactive-rate-adjustments-html.html,cost_reimbursement,rates
Retroactive_Per_Diem_Rates_20200423.xlsx,Retroactive Per Diem Rates,https://ahca.myflorida.com/content/download/5666/file/Retroactive_Per_Diem_Rates_20200423.xlsx,xlsx,,,Nursing Home Retroactive Rate Adjustments,https://ahca.myflorida.com/medicaid/cost-reimbursement/nursing-home-retroactive-rate-adjustments-html.html,cost_reimbursement,rates
Retroactive_Per_Diem_Rates_20200428.pdf,Retroactive Per Diem Rates Memo,https://ahca.myflorida.com/content/download/5500/file/Retroactive_Per_Diem_Rates_20200428.pdf,pdf,,,Nursing Home Retroactive Rate Adjustments,https://ahca.myflorida.com/medicaid/cost-reimbursement/nursing-home-retroactive-rate-adjustments-html.html,cost_reimbursement,rates
Retroactive_Per_Diem_Rates_20200428.xlsx,Retroactive Per Diem Rates,https://ahca.myflorida.com/content/download/5667/file/Retroactive_Per_Diem_Rates_20200428.xlsx,xlsx,,,Nursing Home Retroactive Rate Adjustments,https://ahca.myflorida.com/medicaid/cost-reimbursement/nursing-home-retroactive-rate-adjustments-html.html,cost_reimbursement,rates
Retroactive_Per_Diem_Rates_20200504.pdf,Retroactive Per Diem Rates Memo,https://ahca.myflorida.com/content/download/5501/file/Retroactive_Per_Diem_Rates_20200504.pdf,pdf,,,Nursing Home Retroactive Rate Adjustments,https://ahca.myflorida.com/medicaid/cost-reimbursement/nursing-home-retroactive-rate-adjustments-html.html,cost_reimbursement,rates
Retroactive_Per_Diem_Rates_20200504.xlsx,Retroactive Per Diem Rates,https://ahca.myflorida.com/content/download/5668/file/Retroactive_Per_Diem_Rates_20200504.xlsx,xlsx,,,Nursing Home Retroactive Rate Adjustments,https://ahca.myflorida.com/medicaid/cost-reimbursement/nursing-home-retroactive-rate-adjustments-html.html,cost_reimbursement,rates
Retroactive_Per_Diem_Rates_20200514.pdf,Retroactive Per Diem Rates Memo,https://ahca.myflorida.com/content/download/5502/file/Retroactive_Per_Diem_Rates_20200514.pdf,pdf,,,Nursing Home Retroactive Rate Adjustments,https://ahca.myflorida.com/medicaid/cost-reimbursement/nursing-home-retroactive-rate-adjustments-html.html,cost_reimbursement,rates
Retroactive_Per_Diem_Rates_20200514.xlsx,Retroactive Per Diem Rates,https://ahca.myflorida.com/content/download/5669/file/Retroactive_Per_Diem_Rates_20200514.xlsx,xlsx,,,Nursing Home Retroactive Rate Adjustments,https://ahca.myflorida.com/medicaid/cost-reimbursement/nursing-home-retroactive-rate-adjustments-html.html,cost_reimbursement,rates
Retroactive_Per_Diem_Rates_20200522.pdf,Retroactive Per Diem Rates Memo,https://ahca.myflorida.com/content/download/5503/file/Retroactive_Per_Diem_Rates_20200522.pdf,pdf,,,Nursing Home Retroactive Rate Adjustments,https://ahca.myflorida.com/medicaid/cost-reimbursement/nursing-home-retroactive-rate-adjustments-html.html,cost_reimbursement,rates
Retroactive_Per_Diem_Rates_20200522.xlsx,Retroactive Per Diem Rates,https://ahca.myflorida.com/content/download/5670/file/Retroactive_Per_Diem_Rates_20200522.xlsx,xlsx,,,Nursing Home Retroactive Rate Adjustments,https://ahca.myflorida.com/medicaid/cost-reimbursement/nursing-home-retroactive-rate-adjustments-html.html,cost_reimbursement,rates
Retroactive_Per_Diem_Rates_20200529.pdf,Retroactive Per Diem Rates Memo,https://ahca.myflorida.com/content/download/5504/file/Retroactive_Per_Diem_Rates_20200529.pdf,pdf,,,Nursing Home Retroactive Rate Adjustments,https://ahca.myflorida.com/medicaid/cost-reimbursement/nursing-home-retroactive-rate-adjustments-html.html,cost_reimbursement,rates
Retroactive_Per_Diem_Rates_20200529.xlsx,Retroactive Per Diem Rates,https://ahca.myflorida.com/content/download/5671/file/Retroactive_Per_Diem_Rates_20200529.xlsx,xlsx,,,Nursing Home Retroactive Rate Adjustments,https://ahca.myflorida.com/medicaid/cost-reimbursement/nursing-home-retroactive-rate-adjustments-html.html,cost_reimbursement,rates
Retroactive_Per_Diem_Rates_20200605.pdf,Retroactive Per Diem Rates Memo,https://ahca.myflorida.com/content/download/5505/file/Retroactive_Per_Diem_Rates_20200605.pdf,pdf,,,Nursing Home Retroactive Rate Adjustments,https://ahca.myflorida.com/medicaid/cost-reimbursement/nursing-home-retroactive-rate-adjustments-html.html,cost_reimbursement,rates
Retroactive_Per_Diem_Rates_20200605.xlsx,Retroactive Per Diem Rates,https://ahca.myflorida.com/content/download/5672/file/Retroactive_Per_Diem_Rates_20200605.xlsx,xlsx,,,Nursing Home Retroactive Rate Adjustments,https://ahca.myflorida.com/medicaid/cost-reimbursement/nursing-home-retroactive-rate-adjustments-html.html,cost_reimbursement,rates
Retroactive_Per_Diem_Rates_20200610.pdf,Retroactive Per Diem Rates Memo,https://ahca.myflorida.com/content/download/5506/file/Retroactive_Per_Diem_Rates_20200610.pdf,pdf,,,Nursing Home Retroactive Rate Adjustments,https://ahca.myflorida.com/medicaid/cost-reimbursement/nursing-home-retroactive-rate-adjustments-html.html,cost_reimbursement,rates
Retroactive_Per_Diem_Rates_20200610.xlsx,Retroactive Per Diem Rates,https://ahca.myflorida.com/content/download/5673/file/Retroactive_Per_Diem_Rates_20200610.xlsx,xlsx,,,Nursing Home Retroactive Rate Adjustments,https://ahca.myflorida.com/medicaid/cost-reimbursement/nursing-home-retroactive-rate-adjustments-html.html,cost_reimbursement,rates
Retroactive_Per_Diem_Rates_20200630.pdf,Retroactive Per Diem Rates Memo,https://ahca.myflorida.com/content/download/5507/file/Retroactive_Per_Diem_Rates_20200630.pdf,pdf,,,Nursing Home Retroactive Rate Adjustments,https://ahca.myflorida.com/medicaid/cost-reimbursement/nursing-home-retroactive-rate-adjustments-html.html,cost_reimbursement,rates
Retroactive_Per_Diem_Rates_20200630.xlsx,Retroactive Per Diem Rates,https://ahca.myflorida.com/content/download/5674/file/Retroactive_Per_Diem_Rates_20200630.xlsx,xlsx,,,Nursing Home Retroactive Rate Adjustments,https://ahca.myflorida.com/medicaid/cost-reimbursement/nursing-home-retroactive-rate-adjustments-html.html,cost_reimbursement,rates
Retroactive_Per_Diem_Rates_20200630rev.pdf,Retroactive Per Diem Rates Memo (6/30/2020 revised),https://ahca.myflorida.com/content/download/5508/file/Retroactive_Per_Diem_Rates_20200630rev.pdf,pdf,2020,,Nursing Home Retroactive Rate Adjustments,https://ahca.myflorida.com/medicaid/cost-reimbursement/nursing-home-retroactive-rate-adjustments-html.html,cost_reimbursement,rates
Retroactive_Per_Diem_Rates_20200630rev.xlsx,Retroactive Per Diem Rates (6/30/2020 revised),https://ahca.myflorida.com/content/download/5675/file/Retroactive_Per_Diem_Rates_20200630rev.xlsx,xlsx,2020,,Nursing Home Retroactive Rate Adjustments,https://ahca.myflorida.com/medicaid/cost-reimbursement/nursing-home-retroactive-rate-adjustments-html.html,cost_reimbursement,rates
Retroactive_Per_Diem_Rates_20200706.pdf,Retroactive Per Diem Rates Memo,https://ahca.myflorida.com/content/download/5509/file/Retroactive_Per_Diem_Rates_20200706.pdf,pdf,,,Nursing Home Retroactive Rate Adjustments,https://ahca.myflorida.com/medicaid/cost-reimbursement/nursing-home-retroactive-rate-adjustments-html.html,cost_reimbursement,rates
Retroactive_Per_Diem_Rates_20200706.xlsx,Retroactive Per Diem Rates,https://ahca.myflorida.com/content/download/5676/file/Retroactive_Per_Diem_Rates_20200706.xlsx,xlsx,,,Nursing Home Retroactive Rate Adjustments,https://ahca.myflorida.com/medicaid/cost-reimbursement/nursing-home-retroactive-rate-adjustments-html.html,cost_reimbursement,rates
Retroactive_Per_Diem_Rates_20200707.pdf,Retroactive Per Diem Rates Memo,https://ahca.myflorida.com/content/download/5510/file/Retroactive_Per_Diem_Rates_20200707.pdf,pdf,,,Nursing Home Retroactive Rate Adjustments,https://ahca.myflorida.com/medicaid/cost-reimbursement/nursing-home-retroactive-rate-adjustments-html.html,cost_reimbursement,rates
Retroactive_Per_Diem_Rates_20200707.xlsx,Retroactive Per Diem Rates,https://ahca.myflorida.com/content/download/5677/file/Retroactive_Per_Diem_Rates_20200707.xlsx,xlsx,,,Nursing Home Retroactive Rate Adjustments,https://ahca.myflorida.com/medicaid/cost-reimbursement/nursing-home-retroactive-rate-adjustments-html.html,cost_reimbursement,rates
Retroactive_Per_Diem_Rates_20200709.pdf,Retroactive Per Diem Rates Memo,https://ahca.myflorida.com/content/download/5511/file/Retroactive_Per_Diem_Rates_20200709.pdf,pdf,,,Nursing Home Retroactive Rate Adjustments,https://ahca.myflorida.com/medicaid/cost-reimbursement/nursing-home-retroactive-rate-adjustments-html.html,cost_reimbursement,rates
Retroactive_Per_Diem_Rates_20200709.xlsx,Retroactive Per Diem Rates,https://ahca.myflorida.com/content/download/5678/file/Retroactive_Per_Diem_Rates_20200709.xlsx,xlsx,,,Nursing Home Retroactive Rate Adjustments,https://ahca.myflorida.com/medicaid/cost-reimbursement/nursing-home-retroactive-rate-adjustments-html.html,cost_reimbursement,rates
Retroactive_Per_Diem_Rates_20200713.pdf,Retroactive Per Diem Rates Memo,https://ahca.myflorida.com/content/download/5512/file/Retroactive_Per_Diem_Rates_20200713.pdf,pdf,,,Nursing Home Retroactive Rate Adjustments,https://ahca.myflorida.com/medicaid/cost-reimbursement/nursing-home-retroactive-rate-adjustments-html.html,cost_reimbursement,rates
Retroactive_Per_Diem_Rates_20200713.xlsx,Retroactive Per Diem Rates,https://ahca.myflorida.com/content/download/5679/file/Retroactive_Per_Diem_Rates_20200713.xlsx,xlsx,,,Nursing Home Retroactive Rate Adjustments,https://ahca.myflorida.com/medicaid/cost-reimbursement/nursing-home-retroactive-rate-adjustments-html.html,cost_reimbursement,rates
Retroactive_Per_Diem_Rates_20200715.pdf,Retroactive Per Diem Rates Memo,https://ahca.myflorida.com/content/download/5513/file/Retroactive_Per_Diem_Rates_20200715.pdf,pdf,,,Nursing Home Retroactive Rate Adjustments,https://ahca.myflorida.com/medicaid/cost-reimbursement/nursing-home-retroactive-rate-adjustments-html.html,cost_reimbursement,rates
Retroactive_Per_Diem_Rates_20200715.xlsx,Retroactive Per Diem Rates,https://ahca.myflorida.com/content/download/5680/file/Retroactive_Per_Diem_Rates_20200715.xlsx,xlsx,,,Nursing Home Retroactive Rate Adjustments,https://ahca.myflorida.com/medicaid/cost-reimbursement/nursing-home-retroactive-rate-adjustments-html.html,cost_reimbursement,rates
Retroactive_Per_Diem_Rates_20200717.pdf,Retroactive Per Diem Rates Memo,https://ahca.myflorida.com/content/download/5514/file/Retroactive_Per_Diem_Rates_20200717.pdf,pdf,,,Nursing Home Retroactive Rate Adjustments,https://ahca.myflorida.com/medicaid/cost-reimbursement/nursing-home-retroactive-rate-adjustments-html.html,cost_reimbursement,rates
Retroactive_Per_Diem_Rates_20200717.xlsx,Retroactive Per Diem Rates,https://ahca.myflorida.com/content/download/5681/file/Retroactive_Per_Diem_Rates_20200717.xlsx,xlsx,,,Nursing Home Retroactive Rate Adjustments,https://ahca.myflorida.com/medicaid/cost-reimbursement/nursing-home-retroactive-rate-adjustments-html.html,cost_reimbursement,rates
Retroactive_Per_Diem_Rates_20200729.pdf,Retroactive Per Diem Rates Memo,https://ahca.myflorida.com/content/download/5515/file/Retroactive_Per_Diem_Rates_20200729.pdf,pdf,,,Nursing Home Retroactive Rate Adjustments,https://ahca.myflorida.com/medicaid/cost-reimbursement/nursing-home-retroactive-rate-adjustments-html.html,cost_reimbursement,rates
Retroactive_Per_Diem_Rates_20200729.xlsx,Retroactive Per Diem Rates,https://ahca.myflorida.com/content/download/5682/file/Retroactive_Per_Diem_Rates_20200729.xlsx,xlsx,,,Nursing Home Retroactive Rate Adjustments,https://ahca.myflorida.com/medicaid/cost-reimbursement/nursing-home-retroactive-rate-adjustments-html.html,cost_reimbursement,rates
Retroactive_Per_Diem_Rates_20200807.pdf,Retroactive Per Diem Rates Memo,https://ahca.myflorida.com/content/download/5516/file/Retroactive_Per_Diem_Rates_20200807.pdf,pdf,,,Nursing Home Retroactive Rate Adjustments,https://ahca.myflorida.com/medicaid/cost-reimbursement/nursing-home-retroactive-rate-adjustments-html.html,cost_reimbursement,rates
Retroactive_Per_Diem_Rates_20200807.xlsx,Retroactive Per Diem Rates,https://ahca.myflorida.com/content/download/5683/file/Retroactive_Per_Diem_Rates_20200807.xlsx,xlsx,,,Nursing Home Retroactive Rate Adjustments,https://ahca.myflorida.com/medicaid/cost-reimbursement/nursing-home-retroactive-rate-adjustments-html.html,cost_reimbursement,rates
Retroactive_Per_Diem_Rates_20200922.pdf,Retroactive Per Diem Rates Memo,https://ahca.myflorida.com/content/download/5517/file/Retroactive_Per_Diem_Rates_20200922.pdf,pdf,,,Nursing Home Retroactive Rate Adjustments,https://ahca.myflorida.com/medicaid/cost-reimbursement/nursing-home-retroactive-rate-adjustments-html.html,cost_reimbursement,rates
Retroactive_Per_Diem_Rates_20200922.xlsx,Retroactive Per Diem Rates,https://ahca.myflorida.com/content/download/5684/file/Retroactive_Per_Diem_Rates_20200922.xlsx,xlsx,,,Nursing Home Retroactive Rate Adjustments,https://ahca.myflorida.com/medicaid/cost-reimbursement/nursing-home-retroactive-rate-adjustments-html.html,cost_reimbursement,rates
Retroactive_Per_Diem_Rates_20201013.pdf,Retroactive Per Diem Rates Memo,https://ahca.myflorida.com/content/download/5518/file/Retroactive_Per_Diem_Rates_20201013.pdf,pdf,,,Nursing Home Retroactive Rate Adjustments,https://ahca.myflorida.com/medicaid/cost-reimbursement/nursing-home-retroactive-rate-adjustments-html.html,cost_reimbursement,rates
Retroactive_Per_Diem_Rates_20201013.xlsx,Retroactive Per Diem Rates,https://ahca.myflorida.com/content/download/5685/file/Retroactive_Per_Diem_Rates_20201013.xlsx,xlsx,,,Nursing Home Retroactive Rate Adjustments,https://ahca.myflorida.com/medicaid/cost-reimbursement/nursing-home-retroactive-rate-adjustments-html.html,cost_reimbursement,rates
Retroactive_Per_Diem_Rates_20201103.pdf,Retroactive Per Diem Rates Memo,https://ahca.myflorida.com/content/download/5519/file/Retroactive_Per_Diem_Rates_20201103.pdf,pdf,,,Nursing Home Retroactive Rate Adjustments,https://ahca.myflorida.com/medicaid/cost-reimbursement/nursing-home-retroactive-rate-adjustments-html.html,cost_reimbursement,rates
Retroactive_Per_Diem_Rates_20201103.xlsx,Retroactive Per Diem Rates,https://ahca.myflorida.com/content/download/5686/file/Retroactive_Per_Diem_Rates_20201103.xlsx,xlsx,,,Nursing Home Retroactive Rate Adjustments,https://ahca.myflorida.com/medicaid/cost-reimbursement/nursing-home-retroactive-rate-adjustments-html.html,cost_reimbursement,rates
Retroactive_Per_Diem_Rates_20201113.pdf,Retroactive Per Diem Rates Memo,https://ahca.myflorida.com/content/download/5520/file/Retroactive_Per_Diem_Rates_20201113.pdf,pdf,,,Nursing Home Retroactive Rate Adjustments,https://ahca.myflorida.com/medicaid/cost-reimbursement/nursing-home-retroactive-rate-adjustments-html.html,cost_reimbursement,rates
Retroactive_Per_Diem_Rates_20201113.xlsx,Retroactive Per Diem Rates,https://ahca.myflorida.com/content/download/5687/file/Retroactive_Per_Diem_Rates_20201113.xlsx,xlsx,,,Nursing Home Retroactive Rate Adjustments,https://ahca.myflorida.com/medicaid/cost-reimbursement/nursing-home-retroactive-rate-adjustments-html.html,cost_reimbursement,rates
Retroactive_Per_Diem_Rates_20201211.pdf,Retroactive Per Diem Rates Memo,https://ahca.myflorida.com/content/download/5521/file/Retroactive_Per_Diem_Rates_20201211.pdf,pdf,,,Nursing Home Retroactive Rate Adjustments,https://ahca.myflorida.com/medicaid/cost-reimbursement/nursing-home-retroactive-rate-adjustments-html.html,cost_reimbursement,rates
Retroactive_Per_Diem_Rates_20201211.xlsx,Retroactive Per Diem Rates,https://ahca.myflorida.com/content/download/5688/file/Retroactive_Per_Diem_Rates_20201211.xlsx,xlsx,,,Nursing Home Retroactive Rate Adjustments,https://ahca.myflorida.com/medicaid/cost-reimbursement/nursing-home-retroactive-rate-adjustments-html.html,cost_reimbursement,rates
Retroactive_Per_Diem_Rates_20210202.pdf,Retroactive Per Diem Rates Memo,https://ahca.myflorida.com/content/download/5522/file/Retroactive_Per_Diem_Rates_20210202.pdf,pdf,,,Nursing Home Retroactive Rate Adjustments,https://ahca.myflorida.com/medicaid/cost-reimbursement/nursing-home-retroactive-rate-adjustments-html.html,cost_reimbursement,rates
Retroactive_Per_Diem_Rates_20210202.xlsx,Retroactive Per Diem Rates,https://ahca.myflorida.com/content/download/5689/file/Retroactive_Per_Diem_Rates_20210202.xlsx,xlsx,,,Nursing Home Retroactive Rate Adjustments,https://ahca.myflorida.com/medicaid/cost-reimbursement/nursing-home-retroactive-rate-adjustments-html.html,cost_reimbursement,rates
Retroactive_Per_Diem_Rates_20210215.pdf,Retroactive Per Diem Rates Memo,https://ahca.myflorida.com/content/download/5523/file/Retroactive_Per_Diem_Rates_20210215.pdf,pdf,,,Nursing Home Retroactive Rate Adjustments,https://ahca.myflorida.com/medicaid/cost-reimbursement/nursing-home-retroactive-rate-adjustments-html.html,cost_reimbursement,rates
Retroactive_Per_Diem_Rates_20210215.xlsx,Retroactive Per Diem Rates,https://ahca.myflorida.com/content/download/5690/file/Retroactive_Per_Diem_Rates_20210215.xlsx,xlsx,,,Nursing Home Retroactive Rate Adjustments,https://ahca.myflorida.com/medicaid/cost-reimbursement/nursing-home-retroactive-rate-adjustments-html.html,cost_reimbursement,rates
Retroactive_Per_Diem_Rates_20210309.pdf,Retroactive Per Diem Rates Memo,https://ahca.myflorida.com/content/download/5524/file/Retroactive_Per_Diem_Rates_20210309.pdf,pdf,,,Nursing Home Retroactive Rate Adjustments,https://ahca.myflorida.com/medicaid/cost-reimbursement/nursing-home-retroactive-rate-adjustments-html.html,cost_reimbursement,rates
Retroactive_Per_Diem_Rates_20210309.xlsx,Retroactive Per Diem Rates,https://ahca.myflorida.com/content/download/5691/file/Retroactive_Per_Diem_Rates_20210309.xlsx,xlsx,,,Nursing Home Retroactive Rate Adjustments,https://ahca.myflorida.com/medicaid/cost-reimbursement/nursing-home-retroactive-rate-adjustments-html.html,cost_reimbursement,rates
Retroactive_Per_Diem_Rates_20210521.pdf,Retroactive Per Diem Rates Memo,https://ahca.myflorida.com/content/download/5525/file/Retroactive_Per_Diem_Rates_20210521.pdf,pdf,,,Nursing Home Retroactive Rate Adjustments,https://ahca.myflorida.com/medicaid/cost-reimbursement/nursing-home-retroactive-rate-adjustments-html.html,cost_reimbursement,rates
Retroactive_Per_Diem_Rates_20210521.xlsx,Retroactive Per Diem Rates,https://ahca.myflorida.com/content/download/5692/file/Retroactive_Per_Diem_Rates_20210521.xlsx,xlsx,,,Nursing Home Retroactive Rate Adjustments,https://ahca.myflorida.com/medicaid/cost-reimbursement/nursing-home-retroactive-rate-adjustments-html.html,cost_reimbursement,rates
Retroactive_Per_Diem_Rates_20210603.pdf,Retroactive Per Diem Rates Memo,https://ahca.myflorida.com/content/download/5526/file/Retroactive_Per_Diem_Rates_20210603.pdf,pdf,,,Nursing Home Retroactive Rate Adjustments,https://ahca.myflorida.com/medicaid/cost-reimbursement/nursing-home-retroactive-rate-adjustments-html.html,cost_reimbursement,rates
Retroactive_Per_Diem_Rates_20210603.xlsx,Retroactive Per Diem Rates,https://ahca.myflorida.com/content/download/5693/file/Retroactive_Per_Diem_Rates_20210603.xlsx,xlsx,,,Nursing Home Retroactive Rate Adjustments,https://ahca.myflorida.com/medicaid/cost-reimbursement/nursing-home-retroactive-rate-adjustments-html.html,cost_reimbursement,rates
Retroactive_Per_Diem_Rates_20210622.pdf,Retroactive Per Diem Rates Memo,https://ahca.myflorida.com/content/download/5527/file/Retroactive_Per_Diem_Rates_20210622.pdf,pdf,,,Nursing Home Retroactive Rate Adjustments,https://ahca.myflorida.com/medicaid/cost-reimbursement/nursing-home-retroactive-rate-adjustments-html.html,cost_reimbursement,rates
Retroactive_Per_Diem_Rates_20210622.xlsx,Retroactive Per Diem Rates,https://ahca.myflorida.com/content/download/5694/file/Retroactive_Per_Diem_Rates_20210622.xlsx,xlsx,,,Nursing Home Retroactive Rate Adjustments,https://ahca.myflorida.com/medicaid/cost-reimbursement/nursing-home-retroactive-rate-adjustments-html.html,cost_reimbursement,rates
Retroactive_Per_Diem_Rates_20211014.pdf,Retroactive Per Diem Rates Memo,https://ahca.myflorida.com/content/download/5528/file/Retroactive_Per_Diem_Rates_20211014.pdf,pdf,,,Nursing Home Retroactive Rate Adjustments,https://ahca.myflorida.com/medicaid/cost-reimbursement/nursing-home-retroactive-rate-adjustments-html.html,cost_reimbursement,rates
Retroactive_Per_Diem_Rates_20211014.xlsx,Retroactive Per Diem Rates,https://ahca.myflorida.com/content/download/5695/file/Retroactive_Per_Diem_Rates_20211014.xlsx,xlsx,,,Nursing Home Retroactive Rate Adjustments,https://ahca.myflorida.com/medicaid/cost-reimbursement/nursing-home-retroactive-rate-adjustments-html.html,cost_reimbursement,rates
Retroactive_Per_Diem_Rates_20211022.pdf,Retroactive Per Diem Rates Memo,https://ahca.myflorida.com/content/download/5529/file/Retroactive_Per_Diem_Rates_20211022.pdf,pdf,,,Nursing Home Retroactive Rate Adjustments,https://ahca.myflorida.com/medicaid/cost-reimbursement/nursing-home-retroactive-rate-adjustments-html.html,cost_reimbursement,rates
Retroactive_Per_Diem_Rates_20211022.xlsx,Retroactive Per Diem Rates,https://ahca.myflorida.com/content/download/5696/file/Retroactive_Per_Diem_Rates_20211022.xlsx,xlsx,,,Nursing Home Retroactive Rate Adjustments,https://ahca.myflorida.com/medicaid/cost-reimbursement/nursing-home-retroactive-rate-adjustments-html.html,cost_reimbursement,rates
Retroactive_Per_Diem_Rates_2021_12_03.pdf,Retroactive Per Diem Rates Memo,https://ahca.myflorida.com/content/download/5530/file/Retroactive_Per_Diem_Rates_2021_12_03.pdf,pdf,2021,,Nursing Home Retroactive Rate Adjustments,https://ahca.myflorida.com/medicaid/cost-reimbursement/nursing-home-retroactive-rate-adjustments-html.html,cost_reimbursement,rates
Retroactive_Per_Diem_Rates_2021_12_03.xlsx,Retroactive Per Diem Rates,https://ahca.myflorida.com/content/download/5697/file/Retroactive_Per_Diem_Rates_2021_12_03.xlsx,xlsx,2021,,Nursing Home Retroactive Rate Adjustments,https://ahca.myflorida.com/medicaid/cost-reimbursement/nursing-home-retroactive-rate-adjustments-html.html,cost_reimbursement,rates
Retroactive_Per_Diem_Rates_20220204.pdf,Retroactive Per Diem Rates Memo,https://ahca.myflorida.com/content/download/5531/file/Retroactive_Per_Diem_Rates_20220204.pdf,pdf,,,Nursing Home Retroactive Rate Adjustments,https://ahca.myflorida.com/medicaid/cost-reimbursement/nursing-home-retroactive-rate-adjustments-html.html,cost_reimbursement,rates
Retroactive_Per_Diem_Rates_20220204.xlsx,Retroactive Per Diem Rates,https://ahca.myflorida.com/content/download/5698/file/Retroactive_Per_Diem_Rates_20220204.xlsx,xlsx,,,Nursing Home Retroactive Rate Adjustments,https://ahca.myflorida.com/medicaid/cost-reimbursement/nursing-home-retroactive-rate-adjustments-html.html,cost_reimbursement,rates
Retroactive_Per_Diem_Rates_20220408.pdf,Retroactive Per Diem Rates Memo,https://ahca.myflorida.com/content/download/5532/file/Retroactive_Per_Diem_Rates_20220408.pdf,pdf,,,Nursing Home Retroactive Rate Adjustments,https://ahca.myflorida.com/medicaid/cost-reimbursement/nursing-home-retroactive-rate-adjustments-html.html,cost_reimbursement,rates
Retroactive_Per_Diem_Rates_20220408.xlsx,Retroactive Per Diem Rates,https://ahca.myflorida.com/content/download/5699/file/Retroactive_Per_Diem_Rates_20220408.xlsx,xlsx,,,Nursing Home Retroactive Rate Adjustments,https://ahca.myflorida.com/medicaid/cost-reimbursement/nursing-home-retroactive-rate-adjustments-html.html,cost_reimbursement,rates
Retroactive_Per_Diem_Rates_20220422.pdf,Retroactive Per Diem Rates Memo,https://ahca.myflorida.com/content/download/5533/file/Retroactive_Per_Diem_Rates_20220422.pdf,pdf,,,Nursing Home Retroactive Rate Adjustments,https://ahca.myflorida.com/medicaid/cost-reimbursement/nursing-home-retroactive-rate-adjustments-html.html,cost_reimbursement,rates
Retroactive_Per_Diem_Rates_20220422.xlsx,Retroactive Per Diem Rates,https://ahca.myflorida.com/content/download/5700/file/Retroactive_Per_Diem_Rates_20220422.xlsx,xlsx,,,Nursing Home Retroactive Rate Adjustments,https://ahca.myflorida.com/medicaid/cost-reimbursement/nursing-home-retroactive-rate-adjustments-html.html,cost_reimbursement,rates
Retroactive_Per_Diem_Rates_20220520.pdf,Retroactive Per Diem Rates Memo,https://ahca.myflorida.com/content/download/5534/file/Retroactive_Per_Diem_Rates_20220520.pdf,pdf,,,Nursing Home Retroactive Rate Adjustments,https://ahca.myflorida.com/medicaid/cost-reimbursement/nursing-home-retroactive-rate-adjustments-html.html,cost_reimbursement,rates
Retroactive_Per_Diem_Rates_20220520.xlsx,Retroactive Per Diem Rates,https://ahca.myflorida.com/content/download/5701/file/Retroactive_Per_Diem_Rates_20220520.xlsx,xlsx,,,Nursing Home Retroactive Rate Adjustments,https://ahca.myflorida.com/medicaid/cost-reimbursement/nursing-home-retroactive-rate-adjustments-html.html,cost_reimbursement,rates
Retroactive_Per_Diem_Rates_20220527.pdf,Retroactive Per Diem Rates Memo,https://ahca.myflorida.com/content/download/5535/file/Retroactive_Per_Diem_Rates_20220527.pdf,pdf,,,Nursing Home Retroactive Rate Adjustments,https://ahca.myflorida.com/medicaid/cost-reimbursement/nursing-home-retroactive-rate-adjustments-html.html,cost_reimbursement,rates
Retroactive_Per_Diem_Rates_20220527.xlsx,Retroactive Per Diem Rates,https://ahca.myflorida.com/content/download/5702/file/Retroactive_Per_Diem_Rates_20220527.xlsx,xlsx,,,Nursing Home Retroactive Rate Adjustments,https://ahca.myflorida.com/medicaid/cost-reimbursement/nursing-home-retroactive-rate-adjustments-html.html,cost_reimbursement,rates
Retroactive_Per_Diem_Rates_20221103_combined.xlsx,Retroactive Per Diem Rates,https://ahca.myflorida.com/content/download/20751/file/Retroactive_Per_Diem_Rates_20221103_combined.xlsx,xlsx,,,Nursing Home Retroactive Rate Adjustments,https://ahca.myflorida.com/medicaid/cost-reimbursement/nursing-home-retroactive-rate-adjustments-html.html,cost_reimbursement,rates
Retroactive_Per_Diem_Rates_20221103_corrected.pdf,Retroactive Per Diem Rates Memo,https://ahca.myflorida.com/content/download/20747/file/Retroactive_Per_Diem_Rates_20221103_corrected.pdf,pdf,,,Nursing Home Retroactive Rate Adjustments,https://ahca.myflorida.com/medicaid/cost-reimbursement/nursing-home-retroactive-rate-adjustments-html.html,cost_reimbursement,rates
Retroactive_Per_Diem_Rates_20221130.pdf,Retroactive Per Diem Rates Memo,https://ahca.myflorida.com/content/download/19908/file/Retroactive_Per_Diem_Rates_20221130.pdf,pdf,,,Nursing Home Retroactive Rate Adjustments,https://ahca.myflorida.com/medicaid/cost-reimbursement/nursing-home-retroactive-rate-adjustments-html.html,cost_reimbursement,rates
Retroactive_Per_Diem_Rates_20221130.xlsx,Retroactive Per Diem Rates,https://ahca.myflorida.com/content/download/19924/file/Retroactive_Per_Diem_Rates_20221130.xlsx,xlsx,,,Nursing Home Retroactive Rate Adjustments,https://ahca.myflorida.com/medicaid/cost-reimbursement/nursing-home-retroactive-rate-adjustments-html.html,cost_reimbursement,rates
Retroactive_Per_Diem_Rates_20230131.pdf,Retroactive Per Diem Rates Memo,https://ahca.myflorida.com/content/download/20748/file/Retroactive_Per_Diem_Rates_20230131.pdf,pdf,,,Nursing Home Retroactive Rate Adjustments,https://ahca.myflorida.com/medicaid/cost-reimbursement/nursing-home-retroactive-rate-adjustments-html.html,cost_reimbursement,rates
Retroactive_Per_Diem_Rates_20230131.xlsx,Retroactive Per Diem Rates,https://ahca.myflorida.com/content/download/20752/file/Retroactive_Per_Diem_Rates_20230131.xlsx,xlsx,,,Nursing Home Retroactive Rate Adjustments,https://ahca.myflorida.com/medicaid/cost-reimbursement/nursing-home-retroactive-rate-adjustments-html.html,cost_reimbursement,rates
Retroactive_Per_Diem_Rates_20230228.pdf,Retroactive Per Diem Rates Memo,https://ahca.myflorida.com/content/download/20749/file/Retroactive_Per_Diem_Rates_20230228.pdf,pdf,,,Nursing Home Retroactive Rate Adjustments,https://ahca.myflorida.com/medicaid/cost-reimbursement/nursing-home-retroactive-rate-adjustments-html.html,cost_reimbursement,rates
Retroactive_Per_Diem_Rates_20230228.xlsx,Retroactive Per Diem Rates,https://ahca.myflorida.com/content/download/20753/file/Retroactive_Per_Diem_Rates_20230228.xlsx,xlsx,,,Nursing Home Retroactive Rate Adjustments,https://ahca.myflorida.com/medicaid/cost-reimbursement/nursing-home-retroactive-rate-adjustments-html.html,cost_reimbursement,rates
Retroactive_Per_Diem_Rates_20230515.pdf,Retroactive Per Diem Rates Memo,https://ahca.myflorida.com/content/download/22535/file/Retroactive_Per_Diem_Rates_20230515.pdf,pdf,,,Nursing Home Retroactive Rate Adjustments,https://ahca.myflorida.com/medicaid/cost-reimbursement/nursing-home-retroactive-rate-adjustments-html.html,cost_reimbursement,rates
Retroactive_Per_Diem_Rates_20230515.xlsx,Retroactive Per Diem Rates,https://ahca.myflorida.com/content/download/22534/file/Retroactive_Per_Diem_Rates_20230515.xlsx,xlsx,,,Nursing Home Retroactive Rate Adjustments,https://ahca.myflorida.com/medicaid/cost-reimbursement/nursing-home-retroactive-rate-adjustments-html.html,cost_reimbursement,rates
Retroactive_Per_Diem_Rates_Chow_February_2014.xlsx,Retroactive CHOW Per Diem Rates,https://ahca.myflorida.com/content/download/5703/file/Retroactive_Per_Diem_Rates_Chow_February_2014.xlsx,xlsx,2014,,Nursing Home Retroactive Rate Adjustments,https://ahca.myflorida.com/medicaid/cost-reimbursement/nursing-home-retroactive-rate-adjustments-html.html,cost_reimbursement,rates
Retroactive_Per_Diem_Rates_Chow_January_2014.xlsx,Retroactive CHOW Per Diem Rates,https://ahca.myflorida.com/content/download/5704/file/Retroactive_Per_Diem_Rates_Chow_January_2014.xlsx,xlsx,2014,,Nursing Home Retroactive Rate Adjustments,https://ahca.myflorida.com/medicaid/cost-reimbursement/nursing-home-retroactive-rate-adjustments-html.html,cost_reimbursement,rates
Retroactive_Per_Diem_Rates_Chow_July_2014.xlsx,Retroactive CHOW Per Diem Rates,https://ahca.myflorida.com/content/download/5705/file/Retroactive_Per_Diem_Rates_Chow_July_2014.xlsx,xlsx,2014,,Nursing Home Retroactive Rate Adjustments,https://ahca.myflorida.com/medicaid/cost-reimbursement/nursing-home-retroactive-rate-adjustments-html.html,cost_reimbursement,rates
Retroactive_Per_Diem_Rates_Chow_March_and_April_2014.xlsx,Retroactive CHOW Per Diem Rates,https://ahca.myflorida.com/content/download/5706/file/Retroactive_Per_Diem_Rates_Chow_March_and_April_2014.xlsx,xlsx,2014,,Nursing Home Retroactive Rate Adjustments,https://ahca.myflorida.com/medicaid/cost-reimbursement/nursing-home-retroactive-rate-adjustments-html.html,cost_reimbursement,rates
Retroactive_Per_Diem_Rates_Chow_May_and_June_2014.xlsx,Retroactive CHOW Per Diem Rates,https://ahca.myflorida.com/content/download/5707/file/Retroactive_Per_Diem_Rates_Chow_May_and_June_2014.xlsx,xlsx,2014,,Nursing Home Retroactive Rate Adjustments,https://ahca.myflorida.com/medicaid/cost-reimbursement/nursing-home-retroactive-rate-adjustments-html.html,cost_reimbursement,rates
Retroactive_Per_Diem_Rates_Memo_2014-02-27.pdf,Retroactive Per Diem Rates Memo,https://ahca.myflorida.com/content/download/5536/file/Retroactive_Per_Diem_Rates_Memo_2014-02-27.pdf,pdf,2014,,Nursing Home Retroactive Rate Adjustments,https://ahca.myflorida.com/medicaid/cost-reimbursement/nursing-home-retroactive-rate-adjustments-html.html,cost_reimbursement,rates
Retroactive_Per_Diem_Rates_Memo_2014-05-01.pdf,Retroactive Per Diem Rates Memo,https://ahca.myflorida.com/content/download/5537/file/Retroactive_Per_Diem_Rates_Memo_2014-05-01.pdf,pdf,2014,,Nursing Home Retroactive Rate Adjustments,https://ahca.myflorida.com/medicaid/cost-reimbursement/nursing-home-retroactive-rate-adjustments-html.html,cost_reimbursement,rates
Retroactive_Per_Diem_Rates_Memo_2014-06-18.pdf,Retroactive Per Diem Rates Memo,https://ahca.myflorida.com/content/download/5538/file/Retroactive_Per_Diem_Rates_Memo_2014-06-18.pdf,pdf,2014,,Nursing Home Retroactive Rate Adjustments,https://ahca.myflorida.com/medicaid/cost-reimbursement/nursing-home-retroactive-rate-adjustments-html.html,cost_reimbursement,rates
Retroactive_Per_Diem_Rates_Memo_2014-08-28.pdf,Retroactive Per Diem Rates Memo,https://ahca.myflorida.com/content/download/5539/file/Retroactive_Per_Diem_Rates_Memo_2014-08-28.pdf,pdf,2014,,Nursing Home Retroactive Rate Adjustments,https://ahca.myflorida.com/medicaid/cost-reimbursement/nursing-home-retroactive-rate-adjustments-html.html,cost_reimbursement,rates
Retroactive_Per_Diem_Rates_Memo_2014-09-29.pdf,Retroactive Per Diem Rates Memo,https://ahca.myflorida.com/content/download/5540/file/Retroactive_Per_Diem_Rates_Memo_2014-09-29.pdf,pdf,2014,,Nursing Home Retroactive Rate Adjustments,https://ahca.myflorida.com/medicaid/cost-reimbursement/nursing-home-retroactive-rate-adjustments-html.html,cost_reimbursement,rates
Retroactive_Per_Diem_Rates_Memo_2014-10-30.pdf,Retroactive Per Diem Rates Memo,https://ahca.myflorida.com/content/download/5541/file/Retroactive_Per_Diem_Rates_Memo_2014-10-30.pdf,pdf,2014,,Nursing Home Retroactive Rate Adjustments,https://ahca.myflorida.com/medicaid/cost-reimbursement/nursing-home-retroactive-rate-adjustments-html.html,cost_reimbursement,rates
Retroactive_Per_Diem_Rates_Memo_2014-11-26.pdf,Retroactive Per Diem Rates Memo,https://ahca.myflorida.com/content/download/5542/file/Retroactive_Per_Diem_Rates_Memo_2014-11-26.pdf,pdf,2014,,Nursing Home Retroactive Rate Adjustments,https://ahca.myflorida.com/medicaid/cost-reimbursement/nursing-home-retroactive-rate-adjustments-html.html,cost_reimbursement,rates
Retroactive_Per_Diem_Rates_Memo_2014-12-18.pdf,Retroactive Per Diem Rates Memo,https://ahca.myflorida.com/content/download/5543/file/Retroactive_Per_Diem_Rates_Memo_2014-12-18.pdf,pdf,2014,,Nursing Home Retroactive Rate Adjustments,https://ahca.myflorida.com/medicaid/cost-reimbursement/nursing-home-retroactive-rate-adjustments-html.html,cost_reimbursement,rates
Retroactive_Per_Diem_Rates_Memo_2015-02-24.pdf,Retroactive Per Diem Rates Memo,https://ahca.myflorida.com/content/download/6665/file/Retroactive_Per_Diem_Rates_Memo_2015-02-24.pdf,pdf,2015,,Nursing Home Retroactive Rate Adjustments,https://ahca.myflorida.com/medicaid/cost-reimbursement/nursing-home-retroactive-rate-adjustments-html.html,cost_reimbursement,rates
Retroactive_Per_Diem_Rates_Memo_2015-04-24.pdf,Retroactive Per Diem Rates Memo,https://ahca.myflorida.com/content/download/6666/file/Retroactive_Per_Diem_Rates_Memo_2015-04-24.pdf,pdf,2015,,Nursing Home Retroactive Rate Adjustments,https://ahca.myflorida.com/medicaid/cost-reimbursement/nursing-home-retroactive-rate-adjustments-html.html,cost_reimbursement,rates
Retroactive_Per_Diem_Rates_Memo_2015-05-28.pdf,Retroactive Per Diem Rates Memo,https://ahca.myflorida.com/content/download/6667/file/Retroactive_Per_Diem_Rates_Memo_2015-05-28.pdf,pdf,2015,,Nursing Home Retroactive Rate Adjustments,https://ahca.myflorida.com/medicaid/cost-reimbursement/nursing-home-retroactive-rate-adjustments-html.html,cost_reimbursement,rates
Retroactive_Per_Diem_Rates_Memo_2015-06-26.pdf,Retroactive Per Diem Rates Memo,https://ahca.myflorida.com/content/download/6668/file/Retroactive_Per_Diem_Rates_Memo_2015-06-26.pdf,pdf,2015,,Nursing Home Retroactive Rate Adjustments,https://ahca.myflorida.com/medicaid/cost-reimbursement/nursing-home-retroactive-rate-adjustments-html.html,cost_reimbursement,rates
Retroactive_Per_Diem_Rates_Memo_2015-07-30.pdf,Retroactive Per Diem Rates Memo,https://ahca.myflorida.com/content/download/6669/file/Retroactive_Per_Diem_Rates_Memo_2015-07-30.pdf,pdf,2015,,Nursing Home Retroactive Rate Adjustments,https://ahca.myflorida.com/medicaid/cost-reimbursement/nursing-home-retroactive-rate-adjustments-html.html,cost_reimbursement,rates
Retroactive_Per_Diem_Rates_Memo_2015-08-27.pdf,Retroactive Per Diem Rates Memo,https://ahca.myflorida.com/content/download/6670/file/Retroactive_Per_Diem_Rates_Memo_2015-08-27.pdf,pdf,2015,,Nursing Home Retroactive Rate Adjustments,https://ahca.myflorida.com/medicaid/cost-reimbursement/nursing-home-retroactive-rate-adjustments-html.html,cost_reimbursement,rates
Retroactive_Per_Diem_Rates_Memo_2015-09-30.pdf,Retroactive Per Diem Rates Memo,https://ahca.myflorida.com/content/download/6671/file/Retroactive_Per_Diem_Rates_Memo_2015-09-30.pdf,pdf,2015,,Nursing Home Retroactive Rate Adjustments,https://ahca.myflorida.com/medicaid/cost-reimbursement/nursing-home-retroactive-rate-adjustments-html.html,cost_reimbursement,rates
Retroactive_Per_Diem_Rates_Memo_2015-10-27.pdf,Retroactive Per Diem Rates Memo,https://ahca.myflorida.com/content/download/6672/file/Retroactive_Per_Diem_Rates_Memo_2015-10-27.pdf,pdf,2015,,Nursing Home Retroactive Rate Adjustments,https://ahca.myflorida.com/medicaid/cost-reimbursement/nursing-home-retroactive-rate-adjustments-html.html,cost_reimbursement,rates
Retroactive_Per_Diem_Rates_Memo_2015-11-20.pdf,Retroactive Per Diem Rates Memo,https://ahca.myflorida.com/content/download/6673/file/Retroactive_Per_Diem_Rates_Memo_2015-11-20.pdf,pdf,2015,,Nursing Home Retroactive Rate Adjustments,https://ahca.myflorida.com/medicaid/cost-reimbursement/nursing-home-retroactive-rate-adjustments-html.html,cost_reimbursement,rates
Retroactive_Per_Diem_Rates_Memo_2015-12-30.pdf,Retroactive Per Diem Rates Memo,https://ahca.myflorida.com/content/download/6674/file/Retroactive_Per_Diem_Rates_Memo_2015-12-30.pdf,pdf,2015,,Nursing Home Retroactive Rate Adjustments,https://ahca.myflorida.com/medicaid/cost-reimbursement/nursing-home-retroactive-rate-adjustments-html.html,cost_reimbursement,rates
Retroactive_Per_Diem_Rates_Memo_2016-01-29.pdf,Retroactive Per Diem Rates Memo,https://ahca.myflorida.com/content/download/6675/file/Retroactive_Per_Diem_Rates_Memo_2016-01-29.pdf,pdf,2016,,Nursing Home Retroactive Rate Adjustments,https://ahca.myflorida.com/medicaid/cost-reimbursement/nursing-home-retroactive-rate-adjustments-html.html,cost_reimbursement,rates
Retroactive_Per_Diem_Rates_Memo_2016-02-26.pdf,Retroactive Per Diem Rates Memo,https://ahca.myflorida.com/content/download/6676/file/Retroactive_Per_Diem_Rates_Memo_2016-02-26.pdf,pdf,2016,,Nursing Home Retroactive Rate Adjustments,https://ahca.myflorida.com/medicaid/cost-reimbursement/nursing-home-retroactive-rate-adjustments-html.html,cost_reimbursement,rates
Retroactive_Per_Diem_Rates_Memo_2016-03-29.pdf,Retroactive Per Diem Rates Memo,https://ahca.myflorida.com/content/download/6677/file/Retroactive_Per_Diem_Rates_Memo_2016-03-29.pdf,pdf,2016,,Nursing Home Retroactive Rate Adjustments,https://ahca.myflorida.com/medicaid/cost-reimbursement/nursing-home-retroactive-rate-adjustments-html.html,cost_reimbursement,rates
Retroactive_Per_Diem_Rates_Memo_2016-04-28.pdf,Retroactive Per Diem Rates Memo,https://ahca.myflorida.com/content/download/6678/file/Retroactive_Per_Diem_Rates_Memo_2016-04-28.pdf,pdf,2016,,Nursing Home Retroactive Rate Adjustments,https://ahca.myflorida.com/medicaid/cost-reimbursement/nursing-home-retroactive-rate-adjustments-html.html,cost_reimbursement,rates
Retroactive_Per_Diem_Rates_Memo_2016-05-25.pdf,Retroactive Per Diem Rates Memo,https://ahca.myflorida.com/content/download/6679/file/Retroactive_Per_Diem_Rates_Memo_2016-05-25.pdf,pdf,2016,,Nursing Home Retroactive Rate Adjustments,https://ahca.myflorida.com/medicaid/cost-reimbursement/nursing-home-retroactive-rate-adjustments-html.html,cost_reimbursement,rates
Retroactive_Per_Diem_Rates_Memo_2016-06-28.pdf,Retroactive Per Diem Rates Memo,https://ahca.myflorida.com/content/download/6680/file/Retroactive_Per_Diem_Rates_Memo_2016-06-28.pdf,pdf,2016,,Nursing Home Retroactive Rate Adjustments,https://ahca.myflorida.com/medicaid/cost-reimbursement/nursing-home-retroactive-rate-adjustments-html.html,cost_reimbursement,rates
Retroactive_Per_Diem_Rates_Memo_2016-08-30.pdf,Retroactive Per Diem Rates Memo,https://ahca.myflorida.com/content/download/6681/file/Retroactive_Per_Diem_Rates_Memo_2016-08-30.pdf,pdf,2016,,Nursing Home Retroactive Rate Adjustments,https://ahca.myflorida.com/medicaid/cost-reimbursement/nursing-home-retroactive-rate-adjustments-html.html,cost_reimbursement,rates
Retroactive_Per_Diem_Rates_Memo_2016-09-30.pdf,Retroactive Per Diem Rates Memo,https://ahca.myflorida.com/content/download/6682/file/Retroactive_Per_Diem_Rates_Memo_2016-09-30.pdf,pdf,2016,,Nursing Home Retroactive Rate Adjustments,https://ahca.myflorida.com/medicaid/cost-reimbursement/nursing-home-retroactive-rate-adjustments-html.html,cost_reimbursement,rates
Retroactive_Per_Diem_Rates_Memo_2016-10-28.pdf,Retroactive Per Diem Rates Memo,https://ahca.myflorida.com/content/download/6683/file/Retroactive_Per_Diem_Rates_Memo_2016-10-28.pdf,pdf,2016,,Nursing Home Retroactive Rate Adjustments,https://ahca.myflorida.com/medicaid/cost-reimbursement/nursing-home-retroactive-rate-adjustments-html.html,cost_reimbursement,rates
Retroactive_Per_Diem_Rates_Memo_2016-11-30.pdf,Retroactive Per Diem Rates Memo,https://ahca.myflorida.com/content/download/6684/file/Retroactive_Per_Diem_Rates_Memo_2016-11-30.pdf,pdf,2016,,Nursing Home Retroactive Rate Adjustments,https://ahca.myflorida.com/medicaid/cost-reimbursement/nursing-home-retroactive-rate-adjustments-html.html,cost_reimbursement,rates
Retroactive_Per_Diem_Rates_Memo_2017-01-06.pdf,Retroactive Per Diem Rates Memo,https://ahca.myflorida.com/content/download/6685/file/Retroactive_Per_Diem_Rates_Memo_2017-01-06.pdf,pdf,2017,,Nursing Home Retroactive Rate Adjustments,https://ahca.myflorida.com/medicaid/cost-reimbursement/nursing-home-retroactive-rate-adjustments-html.html,cost_reimbursement,rates
Retroactive_Per_Diem_Rates_Memo_2017-01-27.pdf,Retroactive Per Diem Rates Memo,https://ahca.myflorida.com/content/download/6686/file/Retroactive_Per_Diem_Rates_Memo_2017-01-27.pdf,pdf,2017,,Nursing Home Retroactive Rate Adjustments,https://ahca.myflorida.com/medicaid/cost-reimbursement/nursing-home-retroactive-rate-adjustments-html.html,cost_reimbursement,rates
Retroactive_Per_Diem_Rates_Memo_2017-02-27.pdf,Retroactive Per Diem Rates Memo,https://ahca.myflorida.com/content/download/6687/file/Retroactive_Per_Diem_Rates_Memo_2017-02-27.pdf,pdf,2017,,Nursing Home Retroactive Rate Adjustments,https://ahca.myflorida.com/medicaid/cost-reimbursement/nursing-home-retroactive-rate-adjustments-html.html,cost_reimbursement,rates
Retroactive_Per_Diem_Rates_Memo_2017-03-29.pdf,Retroactive Per Diem Rates Memo,https://ahca.myflorida.com/content/download/6688/file/Retroactive_Per_Diem_Rates_Memo_2017-03-29.pdf,pdf,2017,,Nursing Home Retroactive Rate Adjustments,https://ahca.myflorida.com/medicaid/cost-reimbursement/nursing-home-retroactive-rate-adjustments-html.html,cost_reimbursement,rates
Retroactive_Per_Diem_Rates_Memo_2017-05-02.pdf,Retroactive Per Diem Rates Memo,https://ahca.myflorida.com/content/download/5544/file/Retroactive_Per_Diem_Rates_Memo_2017-05-02.pdf,pdf,2017,,Nursing Home Retroactive Rate Adjustments,https://ahca.myflorida.com/medicaid/cost-reimbursement/nursing-home-retroactive-rate-adjustments-html.html,cost_reimbursement,rates
Retroactive_Per_Diem_Rates_Memo_2017-05-29.pdf,Retroactive Per Diem Rates Memo,https://ahca.myflorida.com/content/download/5545/file/Retroactive_Per_Diem_Rates_Memo_2017-05-29.pdf,pdf,2017,,Nursing Home Retroactive Rate Adjustments,https://ahca.myflorida.com/medicaid/cost-reimbursement/nursing-home-retroactive-rate-adjustments-html.html,cost_reimbursement,rates
Retroactive_Per_Diem_Rates_Memo_2017-06-26.pdf,Retroactive Per Diem Rates Memo,https://ahca.myflorida.com/content/download/5546/file/Retroactive_Per_Diem_Rates_Memo_2017-06-26.pdf,pdf,2017,,Nursing Home Retroactive Rate Adjustments,https://ahca.myflorida.com/medicaid/cost-reimbursement/nursing-home-retroactive-rate-adjustments-html.html,cost_reimbursement,rates
Retroactive_Per_Diem_Rates_Memo_2017-09-05.pdf,Retroactive Per Diem Rates Memo,https://ahca.myflorida.com/content/download/5547/file/Retroactive_Per_Diem_Rates_Memo_2017-09-05.pdf,pdf,2017,,Nursing Home Retroactive Rate Adjustments,https://ahca.myflorida.com/medicaid/cost-reimbursement/nursing-home-retroactive-rate-adjustments-html.html,cost_reimbursement,rates
Retroactive_Per_Diem_Rates_Memo_2017-10-02.pdf,Retroactive Per Diem Rates Memo,https://ahca.myflorida.com/content/download/5548/file/Retroactive_Per_Diem_Rates_Memo_2017-10-02.pdf,pdf,2017,,Nursing Home Retroactive Rate Adjustments,https://ahca.myflorida.com/medicaid/cost-reimbursement/nursing-home-retroactive-rate-adjustments-html.html,cost_reimbursement,rates
Retroactive_Per_Diem_Rates_Memo_2017-11-01.pdf,Retroactive Per Diem Rates Memo,https://ahca.myflorida.com/content/download/5549/file/Retroactive_Per_Diem_Rates_Memo_2017-11-01.pdf,pdf,2017,,Nursing Home Retroactive Rate Adjustments,https://ahca.myflorida.com/medicaid/cost-reimbursement/nursing-home-retroactive-rate-adjustments-html.html,cost_reimbursement,rates
Retroactive_Per_Diem_Rates_Memo_2018-01-30.pdf,Retroactive Per Diem Rates Memo,https://ahca.myflorida.com/content/download/5550/file/Retroactive_Per_Diem_Rates_Memo_2018-01-30.pdf,pdf,2018,,Nursing Home Retroactive Rate Adjustments,https://ahca.myflorida.com/medicaid/cost-reimbursement/nursing-home-retroactive-rate-adjustments-html.html,cost_reimbursement,rates
Retroactive_Per_Diem_Rates_Memo_2018-04-30.pdf,Retroactive Per Diem Rates Memo,https://ahca.myflorida.com/content/download/5551/file/Retroactive_Per_Diem_Rates_Memo_2018-04-30.pdf,pdf,2018,,Nursing Home Retroactive Rate Adjustments,https://ahca.myflorida.com/medicaid/cost-reimbursement/nursing-home-retroactive-rate-adjustments-html.html,cost_reimbursement,rates
Retroactive_Per_Diem_Rates_Memo_2018-05-14.pdf,Retroactive Per Diem Rates Memo,https://ahca.myflorida.com/content/download/5552/file/Retroactive_Per_Diem_Rates_Memo_2018-05-14.pdf,pdf,2018,,Nursing Home Retroactive Rate Adjustments,https://ahca.myflorida.com/medicaid/cost-reimbursement/nursing-home-retroactive-rate-adjustments-html.html,cost_reimbursement,rates
Retroactive_Per_Diem_Rates_Memo_2018-05-30.pdf,Retroactive Per Diem Rates Memo,https://ahca.myflorida.com/content/download/5553/file/Retroactive_Per_Diem_Rates_Memo_2018-05-30.pdf,pdf,2018,,Nursing Home Retroactive Rate Adjustments,https://ahca.myflorida.com/medicaid/cost-reimbursement/nursing-home-retroactive-rate-adjustments-html.html,cost_reimbursement,rates
Retroactive_Per_Diem_Rates_Memo_2018-07-10.pdf,Retroactive Per Diem Rates Memo,https://ahca.myflorida.com/content/download/5554/file/Retroactive_Per_Diem_Rates_Memo_2018-07-10.pdf,pdf,2018,,Nursing Home Retroactive Rate Adjustments,https://ahca.myflorida.com/medicaid/cost-reimbursement/nursing-home-retroactive-rate-adjustments-html.html,cost_reimbursement,rates
Retroactive_Per_Diem_Rates_Memo_2018-09-20.pdf,Retroactive Per Diem Rates Memo,https://ahca.myflorida.com/content/download/5555/file/Retroactive_Per_Diem_Rates_Memo_2018-09-20.pdf,pdf,2018,,Nursing Home Retroactive Rate Adjustments,https://ahca.myflorida.com/medicaid/cost-reimbursement/nursing-home-retroactive-rate-adjustments-html.html,cost_reimbursement,rates
Retroactive_Per_Diem_Rates_Memo_2018-10-01.pdf,Retroactive Per Diem Rates Memo,https://ahca.myflorida.com/content/download/5556/file/Retroactive_Per_Diem_Rates_Memo_2018-10-01.pdf,pdf,2018,,Nursing Home Retroactive Rate Adjustments,https://ahca.myflorida.com/medicaid/cost-reimbursement/nursing-home-retroactive-rate-adjustments-html.html,cost_reimbursement,rates
Retroactive_Per_Diem_Rates_Memo_2018-11-01.pdf,Retroactive Per Diem Rates Memo,https://ahca.myflorida.com/content/download/5557/file/Retroactive_Per_Diem_Rates_Memo_2018-11-01.pdf,pdf,2018,,Nursing Home Retroactive Rate Adjustments,https://ahca.myflorida.com/medicaid/cost-reimbursement/nursing-home-retroactive-rate-adjustments-html.html,cost_reimbursement,rates
Retroactive_Per_Diem_Rates_Memo_2018-11-30.pdf,Retroactive Per Diem Rates Memo,https://ahca.myflorida.com/content/download/5558/file/Retroactive_Per_Diem_Rates_Memo_2018-11-30.pdf,pdf,2018,,Nursing Home Retroactive Rate Adjustments,https://ahca.myflorida.com/medicaid/cost-reimbursement/nursing-home-retroactive-rate-adjustments-html.html,cost_reimbursement,rates
Retroactive_Per_Diem_Rates_Memo_2019-05-31.pdf,Retroactive Per Diem Rates Memo,https://ahca.myflorida.com/content/download/5559/file/Retroactive_Per_Diem_Rates_Memo_2019-05-31.pdf,pdf,2019,,Nursing Home Retroactive Rate Adjustments,https://ahca.myflorida.com/medicaid/cost-reimbursement/nursing-home-retroactive-rate-adjustments-html.html,cost_reimbursement,rates
Retroactive_Per_Diem_Rates_Memo_2020-01-21.pdf,Retroactive Per Diem Rates Memo,https://ahca.myflorida.com/content/download/5560/file/Retroactive_Per_Diem_Rates_Memo_2020-01-21.pdf,pdf,2020,,Nursing Home Retroactive Rate Adjustments,https://ahca.myflorida.com/medicaid/cost-reimbursement/nursing-home-retroactive-rate-adjustments-html.html,cost_reimbursement,rates
Retroactive_Per_Diem_Rates_Memo_2020-01-31.pdf,Retroactive Per Diem Rates Memo,https://ahca.myflorida.com/content/download/5561/file/Retroactive_Per_Diem_Rates_Memo_2020-01-31.pdf,pdf,2020,,Nursing Home Retroactive Rate Adjustments,https://ahca.myflorida.com/medicaid/cost-reimbursement/nursing-home-retroactive-rate-adjustments-html.html,cost_reimbursement,rates
Retroactive_Per_Diem_Rates_Memo_2020-02-29.pdf,Retroactive Per Diem Rates Memo,https://ahca.myflorida.com/content/download/5562/file/Retroactive_Per_Diem_Rates_Memo_2020-02-29.pdf,pdf,2020,,Nursing Home Retroactive Rate Adjustments,https://ahca.myflorida.com/medicaid/cost-reimbursement/nursing-home-retroactive-rate-adjustments-html.html,cost_reimbursement,rates
Retroactive_Per_Diem_Rates_Memo_2020-03-10.pdf,Retroactive Per Diem Rates Memo,https://ahca.myflorida.com/content/download/5563/file/Retroactive_Per_Diem_Rates_Memo_2020-03-10.pdf,pdf,2020,,Nursing Home Retroactive Rate Adjustments,https://ahca.myflorida.com/medicaid/cost-reimbursement/nursing-home-retroactive-rate-adjustments-html.html,cost_reimbursement,rates
Retroactive_Per_Diem_Rates_Memo_2020-04-08.pdf,Retroactive Per Diem Rates Memo,https://ahca.myflorida.com/content/download/5564/file/Retroactive_Per_Diem_Rates_Memo_2020-04-08.pdf,pdf,2020,,Nursing Home Retroactive Rate Adjustments,https://ahca.myflorida.com/medicaid/cost-reimbursement/nursing-home-retroactive-rate-adjustments-html.html,cost_reimbursement,rates
Retromemo 12112025.pdf,Retroactive Per Diem Rates Memo,https://ahca.myflorida.com/content/download/27724/file/Retromemo%2012112025.pdf,pdf,12/11/2025,,Nursing Home Retroactive Rate Adjustments,https://ahca.myflorida.com/medicaid/cost-reimbursement/nursing-home-retroactive-rate-adjustments-html.html,cost_reimbursement,rates
Return_On_Equity 2024_10.xls,Return on Equity Chart,https://ahca.myflorida.com/content/download/25282/file/Return_On_Equity%202024_10.xls,xls,2024,,Nursing Home Requirements,https://ahca.myflorida.com/medicaid/cost-reimbursement/nursing-home-requirements-html.html,cost_reimbursement,rates
RHC RateLetters.pdf,RHC Rate Letters,https://ahca.myflorida.com/content/download/25278/file/RHC%20RateLetters.pdf,pdf,,,FQHC/RHC Rates,https://ahca.myflorida.com/medicaid/cost-reimbursement/fqhc-rhc-rates-html.html,cost_reimbursement,rates
RHC RateLetters.pdf,RHC Rate Letters,https://ahca.myflorida.com/content/download/23279/file/RHC%20RateLetters.pdf,pdf,,,FQHC/RHC Rates,https://ahca.myflorida.com/medicaid/cost-reimbursement/fqhc-rhc-rates-html.html,cost_reimbursement,rates
RHC RateLetters_3.26.2026.pdf,RHC Rate Letters,https://ahca.myflorida.com/content/download/28578/file/RHC%20RateLetters_3.26.2026.pdf,pdf,2026,,FQHC/RHC Rates,https://ahca.myflorida.com/medicaid/cost-reimbursement/fqhc-rhc-rates-html.html,cost_reimbursement,rates
RHC_Rate_Letters.pdf,RHC Rate Letters,https://ahca.myflorida.com/content/download/19909/file/RHC_Rate_Letters.pdf,pdf,,,FQHC/RHC Rates,https://ahca.myflorida.com/medicaid/cost-reimbursement/fqhc-rhc-rates-html.html,cost_reimbursement,rates
RHC_Rate_Letters_10-1-19.pdf,RHC Rate Letters,https://ahca.myflorida.com/content/download/5479/file/RHC_Rate_Letters_10-1-19.pdf,pdf,,,FQHC/RHC Rates,https://ahca.myflorida.com/medicaid/cost-reimbursement/fqhc-rhc-rates-html.html,cost_reimbursement,rates
RHC_Rate_Letters_10-1-20.pdf,RHC Rate Letters,https://ahca.myflorida.com/content/download/5480/file/RHC_Rate_Letters_10-1-20.pdf,pdf,,,FQHC/RHC Rates,https://ahca.myflorida.com/medicaid/cost-reimbursement/fqhc-rhc-rates-html.html,cost_reimbursement,rates
RHC_Rate_Letters_10-1-21.pdf,RHC Rate Letters,https://ahca.myflorida.com/content/download/5481/file/RHC_Rate_Letters_10-1-21.pdf,pdf,,,FQHC/RHC Rates,https://ahca.myflorida.com/medicaid/cost-reimbursement/fqhc-rhc-rates-html.html,cost_reimbursement,rates
RHC_Rates_October_2019.xlsx,RHC Rates,https://ahca.myflorida.com/content/download/5619/file/RHC_Rates_October_2019.xlsx,xlsx,2019,,FQHC/RHC Rates,https://ahca.myflorida.com/medicaid/cost-reimbursement/fqhc-rhc-rates-html.html,cost_reimbursement,rates
RHC_Rates_October_2020.xlsx,RHC Rates,https://ahca.myflorida.com/content/download/5620/file/RHC_Rates_October_2020.xlsx,xlsx,2020,,FQHC/RHC Rates,https://ahca.myflorida.com/medicaid/cost-reimbursement/fqhc-rhc-rates-html.html,cost_reimbursement,rates
RHC_Rates_October_2021.xlsx,RHC Rates,https://ahca.myflorida.com/content/download/5621/file/RHC_Rates_October_2021.xlsx,xlsx,2021,,FQHC/RHC Rates,https://ahca.myflorida.com/medicaid/cost-reimbursement/fqhc-rhc-rates-html.html,cost_reimbursement,rates
RHC_Rates_October_2022.xlsx,RHC Rates,https://ahca.myflorida.com/content/download/19925/file/RHC_Rates_October_2022.xlsx,xlsx,2022,,FQHC/RHC Rates,https://ahca.myflorida.com/medicaid/cost-reimbursement/fqhc-rhc-rates-html.html,cost_reimbursement,rates
RHC_Rates_October_2023.xlsx,RHC Rates,https://ahca.myflorida.com/content/download/23278/file/RHC_Rates_October_2023.xlsx,xlsx,2023,,FQHC/RHC Rates,https://ahca.myflorida.com/medicaid/cost-reimbursement/fqhc-rhc-rates-html.html,cost_reimbursement,rates
RHC_Rates_October_2024.xlsx,RHC Rates,https://ahca.myflorida.com/content/download/25277/file/RHC_Rates_October_2024.xlsx,xlsx,2024,,FQHC/RHC Rates,https://ahca.myflorida.com/medicaid/cost-reimbursement/fqhc-rhc-rates-html.html,cost_reimbursement,rates
RHC_Rates_October_2025.xlsx,RHC Rates,https://ahca.myflorida.com/content/download/27204/file/RHC_Rates_October_2025.xlsx,xlsx,2025,,FQHC/RHC Rates,https://ahca.myflorida.com/medicaid/cost-reimbursement/fqhc-rhc-rates-html.html,cost_reimbursement,rates
sb_rates_1_13.xls,Swing Bed Rate Calculations,https://ahca.myflorida.com/content/download/5731/file/sb_rates_1_13.xls,xls,,,Swing Bed Rates,https://ahca.myflorida.com/medicaid/cost-reimbursement/swing-bed-rates-html.html,cost_reimbursement,rates
sb_rates_1_14.xls,Swing Bed Rate Calculations,https://ahca.myflorida.com/content/download/5732/file/sb_rates_1_14.xls,xls,,,Swing Bed Rates,https://ahca.myflorida.com/medicaid/cost-reimbursement/swing-bed-rates-html.html,cost_reimbursement,rates
SB_Rates_2015-01.xlsx,Swing Bed Rate Calculations,https://ahca.myflorida.com/content/download/6819/file/SB_Rates_2015-01.xlsx,xlsx,2015,,Swing Bed Rates,https://ahca.myflorida.com/medicaid/cost-reimbursement/swing-bed-rates-html.html,cost_reimbursement,rates
SB_Rates_2016-01.xlsx,Swing Bed Rate Calculations,https://ahca.myflorida.com/content/download/6820/file/SB_Rates_2016-01.xlsx,xlsx,2016,,Swing Bed Rates,https://ahca.myflorida.com/medicaid/cost-reimbursement/swing-bed-rates-html.html,cost_reimbursement,rates
SB_Rates_2017-01.xlsx,Swing Bed Rate Calculations,https://ahca.myflorida.com/content/download/5708/file/SB_Rates_2017-01.xlsx,xlsx,2017,,Swing Bed Rates,https://ahca.myflorida.com/medicaid/cost-reimbursement/swing-bed-rates-html.html,cost_reimbursement,rates
SB_Rates_2018-01.xlsx,Swing Bed Rate Calculations,https://ahca.myflorida.com/content/download/5709/file/SB_Rates_2018-01.xlsx,xlsx,2018,,Swing Bed Rates,https://ahca.myflorida.com/medicaid/cost-reimbursement/swing-bed-rates-html.html,cost_reimbursement,rates
SB_Rates_2019-01.xlsx,Swing Bed Rate Calculations,https://ahca.myflorida.com/content/download/5710/file/SB_Rates_2019-01.xlsx,xlsx,2019,,Swing Bed Rates,https://ahca.myflorida.com/medicaid/cost-reimbursement/swing-bed-rates-html.html,cost_reimbursement,rates
SB_Rates_2020-01.xlsx,Swing Bed Rate Calculations,https://ahca.myflorida.com/content/download/5711/file/SB_Rates_2020-01.xlsx,xlsx,2020,,Swing Bed Rates,https://ahca.myflorida.com/medicaid/cost-reimbursement/swing-bed-rates-html.html,cost_reimbursement,rates
SB_Rates_2021-01.xlsx,Swing Bed Rate Calculations,https://ahca.myflorida.com/content/download/5712/file/SB_Rates_2021-01.xlsx,xlsx,2021,,Swing Bed Rates,https://ahca.myflorida.com/medicaid/cost-reimbursement/swing-bed-rates-html.html,cost_reimbursement,rates
SB_Rates_2022-01.xlsx,Swing Bed Rate Calculations,https://ahca.myflorida.com/content/download/5713/file/SB_Rates_2022-01.xlsx,xlsx,2022,,Swing Bed Rates,https://ahca.myflorida.com/medicaid/cost-reimbursement/swing-bed-rates-html.html,cost_reimbursement,rates
SB_Rates_2023-01.xlsx,Swing Bed Rate Calculations,https://ahca.myflorida.com/content/download/20754/file/SB_Rates_2023-01.xlsx,xlsx,2023,,Swing Bed Rates,https://ahca.myflorida.com/medicaid/cost-reimbursement/swing-bed-rates-html.html,cost_reimbursement,rates
SB_Rates_2024-01.xlsx,Swing Bed Rate Calculations,https://ahca.myflorida.com/content/download/23706/file/SB_Rates_2024-01.xlsx,xlsx,2024,,Swing Bed Rates,https://ahca.myflorida.com/medicaid/cost-reimbursement/swing-bed-rates-html.html,cost_reimbursement,rates
SB_Rates_2025-01.xlsx,Swing Bed Rate Calculations,https://ahca.myflorida.com/content/download/25585/file/SB_Rates_2025-01.xlsx,xlsx,2025,,Swing Bed Rates,https://ahca.myflorida.com/medicaid/cost-reimbursement/swing-bed-rates-html.html,cost_reimbursement,rates
SB_Rates_2026-01.xlsx,Swing Bed Rate Calculations,https://ahca.myflorida.com/content/download/27640/file/SB_Rates_2026-01.xlsx,xlsx,2026,,Swing Bed Rates,https://ahca.myflorida.com/medicaid/cost-reimbursement/swing-bed-rates-html.html,cost_reimbursement,rates
schedule_u_merge_instructions.pdf,Instructions for Schedule U Merge Utility,https://ahca.myflorida.com/content/download/5402/file/schedule_u_merge_instructions.pdf,pdf,,,SEXTANT Cost Reporting,https://ahca.myflorida.com/medicaid/cost-reimbursement/sextant-electronic-cost-reporting-for-nursing-homes-html.html,cost_reimbursement,rates
schedule_u_merge_utility.zip,Schedule U Merge Utility,https://ahca.myflorida.com/content/download/5403/file/schedule_u_merge_utility.zip,zip,,,SEXTANT Cost Reporting,https://ahca.myflorida.com/medicaid/cost-reimbursement/sextant-electronic-cost-reporting-for-nursing-homes-html.html,cost_reimbursement,rates
Sextant Fix for Error Message.docx,Fix for Sextant Error Message,https://ahca.myflorida.com/content/download/26711/file/Sextant%20Fix%20for%20Error%20Message.docx,docx,,,SEXTANT Cost Reporting,https://ahca.myflorida.com/medicaid/cost-reimbursement/sextant-electronic-cost-reporting-for-nursing-homes-html.html,cost_reimbursement,rates
sextant_06142012.zip,SEXTANT,https://ahca.myflorida.com/content/download/5404/file/sextant_06142012.zip,zip,06/14/2012,,SEXTANT Cost Reporting,https://ahca.myflorida.com/medicaid/cost-reimbursement/sextant-electronic-cost-reporting-for-nursing-homes-html.html,cost_reimbursement,rates
Sextant_1.28.zip,SEXTANT,https://ahca.myflorida.com/content/download/5390/file/Sextant_1.28.zip,zip,,,SEXTANT Cost Reporting,https://ahca.myflorida.com/medicaid/cost-reimbursement/sextant-electronic-cost-reporting-for-nursing-homes-html.html,cost_reimbursement,rates
Sextant_1.29_20200306.zip,SEXTANT,https://ahca.myflorida.com/content/download/5391/file/Sextant_1.29_20200306.zip,zip,,,SEXTANT Cost Reporting,https://ahca.myflorida.com/medicaid/cost-reimbursement/sextant-electronic-cost-reporting-for-nursing-homes-html.html,cost_reimbursement,rates
Sextant_v1.30_04_27_2023.xls,SEXTANT,https://ahca.myflorida.com/content/download/22466/file/Sextant_v1.30_04_27_2023.xls,xls,2023,,SEXTANT Cost Reporting,https://ahca.myflorida.com/medicaid/cost-reimbursement/sextant-electronic-cost-reporting-for-nursing-homes-html.html,cost_reimbursement,rates
sextant_variable_list_1.23.xls,SEXTANT variables,https://ahca.myflorida.com/content/download/5405/file/sextant_variable_list_1.23.xls,xls,,,SEXTANT Cost Reporting,https://ahca.myflorida.com/medicaid/cost-reimbursement/sextant-electronic-cost-reporting-for-nursing-homes-html.html,cost_reimbursement,rates
SFY_2021-2022_DRG_Provider_Worksheet_Eff_2021-07-01_20220307.xlsx,Provider DRG Rate Worksheet FY 2021-22,https://ahca.myflorida.com/content/download/22429/file/SFY_2021-2022_DRG_Provider_Worksheet_Eff_2021-07-01_20220307.xlsx,xlsx,2021,,DRG Inpatient Payment Review,https://ahca.myflorida.com/medicaid/cost-reimbursement/diagnosis-related-group-drg-inpatient-payment-review-html.html,cost_reimbursement,rates
SFY_2021-2022_DRG_Rate_Worksheet_Eff_2021-07-01.xlsx,DRG Rate Worksheet FY 2021-22,https://ahca.myflorida.com/content/download/22428/file/SFY_2021-2022_DRG_Rate_Worksheet_Eff_2021-07-01.xlsx,xlsx,2021,,DRG Inpatient Payment Review,https://ahca.myflorida.com/medicaid/cost-reimbursement/diagnosis-related-group-drg-inpatient-payment-review-html.html,cost_reimbursement,rates
SFY_2022-2023_DRG_Provider_Worksheet_Eff_2022-07-01-20230217.xlsx,Provider DRG Rate Worksheet FY 2022-23,https://ahca.myflorida.com/content/download/22415/file/SFY_2022-2023_DRG_Provider_Worksheet_Eff_2022-07-01-20230217.xlsx,xlsx,2022,,DRG Inpatient Payment Review,https://ahca.myflorida.com/medicaid/cost-reimbursement/diagnosis-related-group-drg-inpatient-payment-review-html.html,cost_reimbursement,rates
snu_rate_letter_07-2016.pdf,Rate Letter,https://ahca.myflorida.com/content/download/6697/file/snu_rate_letter_07-2016.pdf,pdf,2016,,Skilled Nursing Unit (SNU) Rates,https://ahca.myflorida.com/medicaid/cost-reimbursement/skilled-nursing-unit-snu-rates-html.html,cost_reimbursement,rates
snu_rate_letter_07-2017.pdf,Rate Letter,https://ahca.myflorida.com/content/download/5578/file/snu_rate_letter_07-2017.pdf,pdf,2017,,Skilled Nursing Unit (SNU) Rates,https://ahca.myflorida.com/medicaid/cost-reimbursement/skilled-nursing-unit-snu-rates-html.html,cost_reimbursement,rates
snu_rate_letter_07-2018.pdf,Rate Letter,https://ahca.myflorida.com/content/download/5579/file/snu_rate_letter_07-2018.pdf,pdf,2018,,Skilled Nursing Unit (SNU) Rates,https://ahca.myflorida.com/medicaid/cost-reimbursement/skilled-nursing-unit-snu-rates-html.html,cost_reimbursement,rates
snu_rate_letter_7-2015.pdf,Rate Letter,https://ahca.myflorida.com/content/download/6698/file/snu_rate_letter_7-2015.pdf,pdf,2015,,Skilled Nursing Unit (SNU) Rates,https://ahca.myflorida.com/medicaid/cost-reimbursement/skilled-nursing-unit-snu-rates-html.html,cost_reimbursement,rates
SNU_Rate_Letters_07-2019.pdf,Rate Letters,https://ahca.myflorida.com/content/download/5565/file/SNU_Rate_Letters_07-2019.pdf,pdf,2019,,Skilled Nursing Unit (SNU) Rates,https://ahca.myflorida.com/medicaid/cost-reimbursement/skilled-nursing-unit-snu-rates-html.html,cost_reimbursement,rates
SNU_Rate_Letters_07-2020.pdf,Rate Letters,https://ahca.myflorida.com/content/download/5566/file/SNU_Rate_Letters_07-2020.pdf,pdf,2020,,Skilled Nursing Unit (SNU) Rates,https://ahca.myflorida.com/medicaid/cost-reimbursement/skilled-nursing-unit-snu-rates-html.html,cost_reimbursement,rates
SNU_Rate_Letters_07-2021.pdf,Rate Letters,https://ahca.myflorida.com/content/download/5567/file/SNU_Rate_Letters_07-2021.pdf,pdf,2021,,Skilled Nursing Unit (SNU) Rates,https://ahca.myflorida.com/medicaid/cost-reimbursement/skilled-nursing-unit-snu-rates-html.html,cost_reimbursement,rates
snu_rate_letters_10-2019.pdf,Rate Letters,https://ahca.myflorida.com/content/download/5580/file/snu_rate_letters_10-2019.pdf,pdf,2019,,Skilled Nursing Unit (SNU) Rates,https://ahca.myflorida.com/medicaid/cost-reimbursement/skilled-nursing-unit-snu-rates-html.html,cost_reimbursement,rates
SNU_Rate_Letters_10-2020.pdf,Rate Letters,https://ahca.myflorida.com/content/download/5568/file/SNU_Rate_Letters_10-2020.pdf,pdf,2020,,Skilled Nursing Unit (SNU) Rates,https://ahca.myflorida.com/medicaid/cost-reimbursement/skilled-nursing-unit-snu-rates-html.html,cost_reimbursement,rates
SNU_Rate_Letters_10-2021.pdf,Rate Letters,https://ahca.myflorida.com/content/download/5569/file/SNU_Rate_Letters_10-2021.pdf,pdf,2021,,Skilled Nursing Unit (SNU) Rates,https://ahca.myflorida.com/medicaid/cost-reimbursement/skilled-nursing-unit-snu-rates-html.html,cost_reimbursement,rates
SNU_Rate_Letters_10-2022.pdf,Rate Letters,https://ahca.myflorida.com/content/download/19910/file/SNU_Rate_Letters_10-2022.pdf,pdf,2022,,Skilled Nursing Unit (SNU) Rates,https://ahca.myflorida.com/medicaid/cost-reimbursement/skilled-nursing-unit-snu-rates-html.html,cost_reimbursement,rates
SNU_Rate_Letters_10-2023.pdf,Rate Letters,https://ahca.myflorida.com/content/download/23256/file/SNU_Rate_Letters_10-2023.pdf,pdf,2023,,Skilled Nursing Unit (SNU) Rates,https://ahca.myflorida.com/medicaid/cost-reimbursement/skilled-nursing-unit-snu-rates-html.html,cost_reimbursement,rates
SNU_Rate_Letters_10-2024.pdf,Rate Letters,https://ahca.myflorida.com/content/download/25169/file/SNU_Rate_Letters_10-2024.pdf,pdf,2024,,Skilled Nursing Unit (SNU) Rates,https://ahca.myflorida.com/medicaid/cost-reimbursement/skilled-nursing-unit-snu-rates-html.html,cost_reimbursement,rates
SNU_Rate_Letters_10-2025.pdf,Rate Letters,https://ahca.myflorida.com/content/download/27146/file/SNU_Rate_Letters_10-2025.pdf,pdf,2025,,Skilled Nursing Unit (SNU) Rates,https://ahca.myflorida.com/medicaid/cost-reimbursement/skilled-nursing-unit-snu-rates-html.html,cost_reimbursement,rates
SNU_Rate_Letters_7-2026.pdf,Rates Letter,https://ahca.myflorida.com/file/medicaid/SNU_Rate_Letters_7-2026.pdf,pdf,2026,,Skilled Nursing Unit (SNU) Rates,https://ahca.myflorida.com/medicaid/cost-reimbursement/skilled-nursing-unit-snu-rates-html.html,cost_reimbursement,rates
snu_rates_07-2016.xlsx,Skilled Nursing Unit Rates,https://ahca.myflorida.com/content/download/6823/file/snu_rates_07-2016.xlsx,xlsx,2016,,Skilled Nursing Unit (SNU) Rates,https://ahca.myflorida.com/medicaid/cost-reimbursement/skilled-nursing-unit-snu-rates-html.html,cost_reimbursement,rates
snu_rates_1-2014.pdf,Rate Letter,https://ahca.myflorida.com/content/download/5581/file/snu_rates_1-2014.pdf,pdf,2014,,Skilled Nursing Unit (SNU) Rates,https://ahca.myflorida.com/medicaid/cost-reimbursement/skilled-nursing-unit-snu-rates-html.html,cost_reimbursement,rates
SNU_Rates_10-2019.xlsx,Skilled Nursing Unit Rates,https://ahca.myflorida.com/content/download/5717/file/SNU_Rates_10-2019.xlsx,xlsx,2019,,Skilled Nursing Unit (SNU) Rates,https://ahca.myflorida.com/medicaid/cost-reimbursement/skilled-nursing-unit-snu-rates-html.html,cost_reimbursement,rates
SNU_Rates_10-2020.xlsx,Skilled Nursing Unit Rates,https://ahca.myflorida.com/content/download/5718/file/SNU_Rates_10-2020.xlsx,xlsx,2020,,Skilled Nursing Unit (SNU) Rates,https://ahca.myflorida.com/medicaid/cost-reimbursement/skilled-nursing-unit-snu-rates-html.html,cost_reimbursement,rates
SNU_Rates_10-2021.xlsx,Skilled Nursing Unit Rates,https://ahca.myflorida.com/content/download/5719/file/SNU_Rates_10-2021.xlsx,xlsx,2021,,Skilled Nursing Unit (SNU) Rates,https://ahca.myflorida.com/medicaid/cost-reimbursement/skilled-nursing-unit-snu-rates-html.html,cost_reimbursement,rates
SNU_Rates_10-2022.xlsx,Skilled Nursing Unit Rates,https://ahca.myflorida.com/content/download/19928/file/SNU_Rates_10-2022.xlsx,xlsx,2022,,Skilled Nursing Unit (SNU) Rates,https://ahca.myflorida.com/medicaid/cost-reimbursement/skilled-nursing-unit-snu-rates-html.html,cost_reimbursement,rates
SNU_Rates_10-2023.xlsx,Skilled Nursing Unit Rates,https://ahca.myflorida.com/content/download/23257/file/SNU_Rates_10-2023.xlsx,xlsx,2023,,Skilled Nursing Unit (SNU) Rates,https://ahca.myflorida.com/medicaid/cost-reimbursement/skilled-nursing-unit-snu-rates-html.html,cost_reimbursement,rates
SNU_Rates_10-2024.xlsx,Skilled Nursing Unit Rates,https://ahca.myflorida.com/content/download/25168/file/SNU_Rates_10-2024.xlsx,xlsx,2024,,Skilled Nursing Unit (SNU) Rates,https://ahca.myflorida.com/medicaid/cost-reimbursement/skilled-nursing-unit-snu-rates-html.html,cost_reimbursement,rates
SNU_Rates_10-2025.xlsx,Skilled Nursing Unit Rates,https://ahca.myflorida.com/content/download/27145/file/SNU_Rates_10-2025.xlsx,xlsx,2025,,Skilled Nursing Unit (SNU) Rates,https://ahca.myflorida.com/medicaid/cost-reimbursement/skilled-nursing-unit-snu-rates-html.html,cost_reimbursement,rates
snu_rates_1_2014_Web_upload.xlsx,Skilled Nursing Unit Rates,https://ahca.myflorida.com/content/download/5733/file/snu_rates_1_2014_Web_upload.xlsx,xlsx,2014,,Skilled Nursing Unit (SNU) Rates,https://ahca.myflorida.com/medicaid/cost-reimbursement/skilled-nursing-unit-snu-rates-html.html,cost_reimbursement,rates
snu_rates_7-2014.pdf,Rate Letter,https://ahca.myflorida.com/content/download/5582/file/snu_rates_7-2014.pdf,pdf,2014,,Skilled Nursing Unit (SNU) Rates,https://ahca.myflorida.com/medicaid/cost-reimbursement/skilled-nursing-unit-snu-rates-html.html,cost_reimbursement,rates
snu_rates_7-2014.xlsx,Skilled Nursing Unit Rates,https://ahca.myflorida.com/content/download/5734/file/snu_rates_7-2014.xlsx,xlsx,2014,,Skilled Nursing Unit (SNU) Rates,https://ahca.myflorida.com/medicaid/cost-reimbursement/skilled-nursing-unit-snu-rates-html.html,cost_reimbursement,rates
snu_rates_7-2015.xlsx,Skilled Nursing Unit Rates,https://ahca.myflorida.com/content/download/6824/file/snu_rates_7-2015.xlsx,xlsx,2015,,Skilled Nursing Unit (SNU) Rates,https://ahca.myflorida.com/medicaid/cost-reimbursement/skilled-nursing-unit-snu-rates-html.html,cost_reimbursement,rates
snu_rates_7-2017.xlsx,Skilled Nursing Unit Rates,https://ahca.myflorida.com/content/download/5735/file/snu_rates_7-2017.xlsx,xlsx,2017,,Skilled Nursing Unit (SNU) Rates,https://ahca.myflorida.com/medicaid/cost-reimbursement/skilled-nursing-unit-snu-rates-html.html,cost_reimbursement,rates
snu_rates_7-2018.xlsx,Skilled Nursing Unit Rates,https://ahca.myflorida.com/content/download/5736/file/snu_rates_7-2018.xlsx,xlsx,2018,,Skilled Nursing Unit (SNU) Rates,https://ahca.myflorida.com/medicaid/cost-reimbursement/skilled-nursing-unit-snu-rates-html.html,cost_reimbursement,rates
SNU_Rates_7-2019.xlsx,Skilled Nursing Unit Rates,https://ahca.myflorida.com/content/download/5720/file/SNU_Rates_7-2019.xlsx,xlsx,2019,,Skilled Nursing Unit (SNU) Rates,https://ahca.myflorida.com/medicaid/cost-reimbursement/skilled-nursing-unit-snu-rates-html.html,cost_reimbursement,rates
SNU_Rates_7-2020.xlsx,Skilled Nursing Unit Rates,https://ahca.myflorida.com/content/download/5721/file/SNU_Rates_7-2020.xlsx,xlsx,2020,,Skilled Nursing Unit (SNU) Rates,https://ahca.myflorida.com/medicaid/cost-reimbursement/skilled-nursing-unit-snu-rates-html.html,cost_reimbursement,rates
SNU_Rates_7-2021.xlsx,Skilled Nursing Unit Rates,https://ahca.myflorida.com/content/download/5722/file/SNU_Rates_7-2021.xlsx,xlsx,2021,,Skilled Nursing Unit (SNU) Rates,https://ahca.myflorida.com/medicaid/cost-reimbursement/skilled-nursing-unit-snu-rates-html.html,cost_reimbursement,rates
SNU_Rates_7-2026.xlsx,Skilled Nursing Unit Rates,https://ahca.myflorida.com/file/medicaid/SNU_Rates_7-2026.xlsx,xlsx,2026,,Skilled Nursing Unit (SNU) Rates,https://ahca.myflorida.com/medicaid/cost-reimbursement/skilled-nursing-unit-snu-rates-html.html,cost_reimbursement,rates
Stat ICF Rate Letters.pdf,Rate Letters,https://ahca.myflorida.com/content/download/22811/file/Stat%20ICF%20Rate%20Letters.pdf,pdf,,,Intermediate Care Facility Rates,https://ahca.myflorida.com/medicaid/cost-reimbursement/intermediate-care-facility-rates-html.html,cost_reimbursement,rates
State ICF Calculation Sheets.pdf,Rate Calculation Sheets,https://ahca.myflorida.com/content/download/22809/file/State%20ICF%20Calculation%20Sheets.pdf,pdf,,,Intermediate Care Facility Rates,https://ahca.myflorida.com/medicaid/cost-reimbursement/intermediate-care-facility-rates-html.html,cost_reimbursement,rates
State ICF Profile Sheets.pdf,Rate Profile Sheets,https://ahca.myflorida.com/content/download/22810/file/State%20ICF%20Profile%20Sheets.pdf,pdf,,,Intermediate Care Facility Rates,https://ahca.myflorida.com/medicaid/cost-reimbursement/intermediate-care-facility-rates-html.html,cost_reimbursement,rates
State_ICF_Rate_FLMMIS.xlsx,Rates,https://ahca.myflorida.com/file/medicaid/State_ICF_Rate_FLMMIS.xlsx,xlsx,,,Intermediate Care Facility Rates,https://ahca.myflorida.com/medicaid/cost-reimbursement/intermediate-care-facility-rates-html.html,cost_reimbursement,rates
State_ICF_Rate_FLMMIS.xlsx,Rates,https://ahca.myflorida.com/content/download/26952/file/State_ICF_Rate_FLMMIS.xlsx,xlsx,,,Intermediate Care Facility Rates,https://ahca.myflorida.com/medicaid/cost-reimbursement/intermediate-care-facility-rates-html.html,cost_reimbursement,rates
Summary_Comparison_of_DRG_07-01-2013_GAA_Simulation_vs_11-01-2013_FINAL_Simulation_by_Provider.pdf,"Summary Comparison of DRG July 1, 2013 GAA Simulation vs. November 1, 2013 FINAL Simulation by Provider",https://ahca.myflorida.com/content/download/22436/file/Summary_Comparison_of_DRG_07-01-2013_GAA_Simulation_vs_11-01-2013_FINAL_Simulation_by_Provider.pdf,pdf,2013,,DRG Inpatient Payment Review,https://ahca.myflorida.com/medicaid/cost-reimbursement/diagnosis-related-group-drg-inpatient-payment-review-html.html,cost_reimbursement,rates
Summary_Comparison_of_DRG_07-01-2013_GAA_Simulation_vs_11-01-2013_FINAL_Simulation_by_Provider.xlsx,"Summary Comparison of DRG July 1, 2013 GAA Simulation vs. November 1, 2013 FINAL Simulation by Provider",https://ahca.myflorida.com/content/download/22437/file/Summary_Comparison_of_DRG_07-01-2013_GAA_Simulation_vs_11-01-2013_FINAL_Simulation_by_Provider.xlsx,xlsx,2013,,DRG Inpatient Payment Review,https://ahca.myflorida.com/medicaid/cost-reimbursement/diagnosis-related-group-drg-inpatient-payment-review-html.html,cost_reimbursement,rates
Summary_of_DRG_Simulation_28_Results_by_Provider.pdf,Summary of DRG Simulation 28 Results by Provider,https://ahca.myflorida.com/content/download/22441/file/Summary_of_DRG_Simulation_28_Results_by_Provider.pdf,pdf,,,DRG Inpatient Payment Review,https://ahca.myflorida.com/medicaid/cost-reimbursement/diagnosis-related-group-drg-inpatient-payment-review-html.html,cost_reimbursement,rates
Summary_of_DRG_Simulation_28_Results_by_Provider.xlsx,Summary of DRG Simulation 28 Results by Provider,https://ahca.myflorida.com/content/download/22438/file/Summary_of_DRG_Simulation_28_Results_by_Provider.xlsx,xlsx,,,DRG Inpatient Payment Review,https://ahca.myflorida.com/medicaid/cost-reimbursement/diagnosis-related-group-drg-inpatient-payment-review-html.html,cost_reimbursement,rates
Summary_of_DRG_Simulation_as_Proposed_in_PCB_APC_13-05_GAA_Results_by_Provider.pdf,Summary of DRG Simulation as Proposed in PCB APC 13-05 (GAA) Results by Provider,https://ahca.myflorida.com/content/download/5572/file/Summary_of_DRG_Simulation_as_Proposed_in_PCB_APC_13-05_GAA_Results_by_Provider.pdf,pdf,,,DRG Inpatient Payment Review,https://ahca.myflorida.com/medicaid/cost-reimbursement/diagnosis-related-group-drg-inpatient-payment-review-html.html,cost_reimbursement,rates
Summary_of_DRG_Simulation_as_Proposed_in_PCB_APC_13-05_GAA_Results_by_Provider.xls,Summary of DRG Simulation as Proposed in PCB APC 13-05 (GAA) Results by Provider,https://ahca.myflorida.com/content/download/22439/file/Summary_of_DRG_Simulation_as_Proposed_in_PCB_APC_13-05_GAA_Results_by_Provider.xls,xls,,,DRG Inpatient Payment Review,https://ahca.myflorida.com/medicaid/cost-reimbursement/diagnosis-related-group-drg-inpatient-payment-review-html.html,cost_reimbursement,rates
Summary_of_DRG_Simulation_as_Proposed_in_SPB_7040_Results_by_Provider.pdf,Summary of DRG Simulation as Proposed in SPB 7040 Results by Provider,https://ahca.myflorida.com/content/download/5573/file/Summary_of_DRG_Simulation_as_Proposed_in_SPB_7040_Results_by_Provider.pdf,pdf,,,DRG Inpatient Payment Review,https://ahca.myflorida.com/medicaid/cost-reimbursement/diagnosis-related-group-drg-inpatient-payment-review-html.html,cost_reimbursement,rates
Summary_of_DRG_Simulation_as_Proposed_in_SPB_7040_Results_by_Provider.xls,Summary of DRG Simulation as Proposed in SPB 7040 Results by Provider,https://ahca.myflorida.com/content/download/22440/file/Summary_of_DRG_Simulation_as_Proposed_in_SPB_7040_Results_by_Provider.xls,xls,,,DRG Inpatient Payment Review,https://ahca.myflorida.com/medicaid/cost-reimbursement/diagnosis-related-group-drg-inpatient-payment-review-html.html,cost_reimbursement,rates
Table_Avg_Int_NH_Prov_Return_on_equity_October_2024 (3).xls,Table of Average Interest Rates for Nursing Home Providers for Use in Calculating Return on Equity Capital,https://ahca.myflorida.com/content/download/19929/file/Table_Avg_Int_NH_Prov_Return_on_equity_October_2024%20%283%29.xls,xls,2024,,Nursing Home Requirements,https://ahca.myflorida.com/medicaid/cost-reimbursement/nursing-home-requirements-html.html,cost_reimbursement,rates
UPL_Report_FY_2014-2015.pdf,Medicaid Nursing Home Upper Payment Limit Fiscal Year 2014 – 2015,https://ahca.myflorida.com/content/download/6693/file/UPL_Report_FY_2014-2015.pdf,pdf,2014,,Nursing Home Annual Reports,https://ahca.myflorida.com/medicaid/cost-reimbursement/nursing-home-annual-reports-html.html,cost_reimbursement,rates
UPL_Report_FY_2015-2016.pdf,Medicaid Nursing Home Upper Payment Limit Fiscal Year 2015 – 2016,https://ahca.myflorida.com/content/download/6694/file/UPL_Report_FY_2015-2016.pdf,pdf,2015,,Nursing Home Annual Reports,https://ahca.myflorida.com/medicaid/cost-reimbursement/nursing-home-annual-reports-html.html,cost_reimbursement,rates
UPL_Report_FY_2017-2018.pdf,Medicaid Nursing Home Upper Payment Limit Fiscal Year 2017-2018,https://ahca.myflorida.com/content/download/5575/file/UPL_Report_FY_2017-2018.pdf,pdf,2017,,Nursing Home Annual Reports,https://ahca.myflorida.com/medicaid/cost-reimbursement/nursing-home-annual-reports-html.html,cost_reimbursement,rates
UPL_Report_FY_2018-2019.pdf,Medicaid Nursing Home Upper Payment Limit Fiscal Year 2018-2019,https://ahca.myflorida.com/content/download/5576/file/UPL_Report_FY_2018-2019.pdf,pdf,2018,,Nursing Home Annual Reports,https://ahca.myflorida.com/medicaid/cost-reimbursement/nursing-home-annual-reports-html.html,cost_reimbursement,rates
2.24.2026 County Health Department Billing Codes.pdf,Updated Billing Codes,https://ahca.myflorida.com/content/download/28387/file/2.24.2026%20County%20Health%20Department%20Billing%20Codes.pdf,pdf,2026,,Rule 59G-4.002 Provider Reimbursement Schedules and Billing Codes,https://ahca.myflorida.com/medicaid/rules/rule-59g-4.002-provider-reimbursement-schedules-and-billing-codes.html,fee_schedule,rates
2025 Assistive Care Services Fee Schedule.pdf,Promulgated Fee Schedule,https://ahca.myflorida.com/content/download/26137/file/2025%20Assistive%20Care%20Services%20Fee%20Schedule.pdf,pdf,2025,,Rule 59G-4.002 Provider Reimbursement Schedules and Billing Codes,https://ahca.myflorida.com/medicaid/rules/rule-59g-4.002-provider-reimbursement-schedules-and-billing-codes.html,fee_schedule,rates
2025 Behavior Analysis Fee Schedule.pdf,Promulgated Fee Schedule,https://ahca.myflorida.com/content/download/26138/file/2025%20Behavior%20Analysis%20Fee%20Schedule.pdf,pdf,2025,,Rule 59G-4.002 Provider Reimbursement Schedules and Billing Codes,https://ahca.myflorida.com/medicaid/rules/rule-59g-4.002-provider-reimbursement-schedules-and-billing-codes.html,fee_schedule,rates
2025 Behavioral Health Overlay Services Fee.Schedule.pdf,Promulgated Fee Schedule,https://ahca.myflorida.com/content/download/26141/file/2025%20Behavioral%20Health%20Overlay%20Services%20Fee.Schedule.pdf,pdf,2025,,Rule 59G-4.002 Provider Reimbursement Schedules and Billing Codes,https://ahca.myflorida.com/medicaid/rules/rule-59g-4.002-provider-reimbursement-schedules-and-billing-codes.html,fee_schedule,rates
2025 Birth Center Fee Schedule.pdf,Promulgated Fee Schedule,https://ahca.myflorida.com/content/download/26142/file/2025%20Birth%20Center%20Fee%20Schedule.pdf,pdf,2025,,Rule 59G-4.002 Provider Reimbursement Schedules and Billing Codes,https://ahca.myflorida.com/medicaid/rules/rule-59g-4.002-provider-reimbursement-schedules-and-billing-codes.html,fee_schedule,rates
2025 Birth Center Fee Schedule.xlsx,Promulgated XLS,https://ahca.myflorida.com/content/download/26143/file/2025%20Birth%20Center%20Fee%20Schedule.xlsx,xlsx,2025,,Rule 59G-4.002 Provider Reimbursement Schedules and Billing Codes,https://ahca.myflorida.com/medicaid/rules/rule-59g-4.002-provider-reimbursement-schedules-and-billing-codes.html,fee_schedule,rates
2025 CHB Fee Schedule.xlsx,Promulgated XLS,https://ahca.myflorida.com/content/download/26144/file/2025%20CHB%20Fee%20Schedule.xlsx,xlsx,2025,,Rule 59G-4.002 Provider Reimbursement Schedules and Billing Codes,https://ahca.myflorida.com/medicaid/rules/rule-59g-4.002-provider-reimbursement-schedules-and-billing-codes.html,fee_schedule,rates
2025 Community Behavoir Health Fee Schedule.pdf,Promulgated Fee Schedule,https://ahca.myflorida.com/content/download/26145/file/2025%20Community%20Behavoir%20Health%20Fee%20Schedule.pdf,pdf,2025,,Rule 59G-4.002 Provider Reimbursement Schedules and Billing Codes,https://ahca.myflorida.com/medicaid/rules/rule-59g-4.002-provider-reimbursement-schedules-and-billing-codes.html,fee_schedule,rates
2025 Community-Based Substance Abuse County Match Fee Schedule.pdf,Promulgated Fee Schedule,https://ahca.myflorida.com/content/download/26146/file/2025%20Community-Based%20Substance%20Abuse%20County%20Match%20Fee%20Schedule.pdf,pdf,2025,,Rule 59G-4.002 Provider Reimbursement Schedules and Billing Codes,https://ahca.myflorida.com/medicaid/rules/rule-59g-4.002-provider-reimbursement-schedules-and-billing-codes.html,fee_schedule,rates
2025 County Health Department Billing Codes.pdf,Promulgated Billing Code,https://ahca.myflorida.com/content/download/26126/file/2025%20County%20Health%20Department%20Billing%20Codes.pdf,pdf,2025,,Rule 59G-4.002 Provider Reimbursement Schedules and Billing Codes,https://ahca.myflorida.com/medicaid/rules/rule-59g-4.002-provider-reimbursement-schedules-and-billing-codes.html,fee_schedule,rates
2025 County Health Department Certified Match Program Fee Schedule.pdf,Promulgated Fee Schedule,https://ahca.myflorida.com/content/download/26147/file/2025%20County%20Health%20Department%20Certified%20Match%20Program%20Fee%20Schedule.pdf,pdf,2025,,Rule 59G-4.002 Provider Reimbursement Schedules and Billing Codes,https://ahca.myflorida.com/medicaid/rules/rule-59g-4.002-provider-reimbursement-schedules-and-billing-codes.html,fee_schedule,rates
2025 Dental General Fee Schedule.xlsx,Promulgated XLS,https://ahca.myflorida.com/content/download/26149/file/2025%20Dental%20General%20Fee%20Schedule.xlsx,xlsx,2025,,Rule 59G-4.002 Provider Reimbursement Schedules and Billing Codes,https://ahca.myflorida.com/medicaid/rules/rule-59g-4.002-provider-reimbursement-schedules-and-billing-codes.html,fee_schedule,rates
2025 Dental Services Fee Schedule.pdf,Promulgated Fee Schedule,https://ahca.myflorida.com/content/download/26148/file/2025%20Dental%20Services%20Fee%20Schedule.pdf,pdf,2025,,Rule 59G-4.002 Provider Reimbursement Schedules and Billing Codes,https://ahca.myflorida.com/medicaid/rules/rule-59g-4.002-provider-reimbursement-schedules-and-billing-codes.html,fee_schedule,rates
2025 Durable Medical Equipment and Medical Supplies Fee Schedule 04092025.pdf,Promulgated Fee Schedule,https://ahca.myflorida.com/content/download/26150/file/2025%20Durable%20Medical%20Equipment%20and%20Medical%20Supplies%20Fee%20Schedule%2004092025.pdf,pdf,04/09/2025,,Rule 59G-4.002 Provider Reimbursement Schedules and Billing Codes,https://ahca.myflorida.com/medicaid/rules/rule-59g-4.002-provider-reimbursement-schedules-and-billing-codes.html,fee_schedule,rates
2025 Durable Medical Equipment and Medical Supplies Fee Schedule Excel Version.xlsx,Promulgated,https://ahca.myflorida.com/content/download/26151/file/2025%20Durable%20Medical%20Equipment%20and%20Medical%20Supplies%20Fee%20Schedule%20Excel%20Version.xlsx,xlsx,2025,,Rule 59G-4.002 Provider Reimbursement Schedules and Billing Codes,https://ahca.myflorida.com/medicaid/rules/rule-59g-4.002-provider-reimbursement-schedules-and-billing-codes.html,fee_schedule,rates
2025 EIS fee schedule clean 05012025.pdf,Promulgated Fee Schedule,https://ahca.myflorida.com/content/download/26448/file/2025%20EIS%20fee%20schedule%20clean%2005012025.pdf,pdf,05/01/2025,,Rule 59G-4.002 Provider Reimbursement Schedules and Billing Codes,https://ahca.myflorida.com/medicaid/rules/rule-59g-4.002-provider-reimbursement-schedules-and-billing-codes.html,fee_schedule,rates
2025 Family Home Health Aide Fee Schedule.pdf,Promulgated Fee Schedule,https://ahca.myflorida.com/content/download/26153/file/2025%20Family%20Home%20Health%20Aide%20Fee%20Schedule.pdf,pdf,2025,,Rule 59G-4.002 Provider Reimbursement Schedules and Billing Codes,https://ahca.myflorida.com/medicaid/rules/rule-59g-4.002-provider-reimbursement-schedules-and-billing-codes.html,fee_schedule,rates
2025 Federally Qualified Health Center Billing Codes.pdf,Promulgated Billing Code,https://ahca.myflorida.com/content/download/26127/file/2025%20Federally%20Qualified%20Health%20Center%20Billing%20Codes.pdf,pdf,2025,,Rule 59G-4.002 Provider Reimbursement Schedules and Billing Codes,https://ahca.myflorida.com/medicaid/rules/rule-59g-4.002-provider-reimbursement-schedules-and-billing-codes.html,fee_schedule,rates
2025 Home Health Visit Services Fee Schedule.pdf,Promulgated Fee Schedule,https://ahca.myflorida.com/content/download/26157/file/2025%20Home%20Health%20Visit%20Services%20Fee%20Schedule.pdf,pdf,2025,,Rule 59G-4.002 Provider Reimbursement Schedules and Billing Codes,https://ahca.myflorida.com/medicaid/rules/rule-59g-4.002-provider-reimbursement-schedules-and-billing-codes.html,fee_schedule,rates
2025 Hospice Services Fee Schedule.pdf,Promulgated Fee Schedule,https://ahca.myflorida.com/content/download/28389/file/2025%20Hospice%20Services%20Fee%20Schedule.pdf,pdf,2025,,Rule 59G-4.002 Provider Reimbursement Schedules and Billing Codes,https://ahca.myflorida.com/medicaid/rules/rule-59g-4.002-provider-reimbursement-schedules-and-billing-codes.html,fee_schedule,rates
2025 Hospice Services Fee Schedule.pdf,Promulgated Billing Code,https://ahca.myflorida.com/content/download/26125/file/2025%20Hospice%20Services%20Fee%20Schedule.pdf,pdf,2025,,Rule 59G-4.002 Provider Reimbursement Schedules and Billing Codes,https://ahca.myflorida.com/medicaid/rules/rule-59g-4.002-provider-reimbursement-schedules-and-billing-codes.html,fee_schedule,rates
2025 Hospital Outpatient Services Billing Codes.pdf,Promulgated Billing Code,https://ahca.myflorida.com/content/download/26128/file/2025%20Hospital%20Outpatient%20Services%20Billing%20Codes.pdf,pdf,2025,,Rule 59G-4.002 Provider Reimbursement Schedules and Billing Codes,https://ahca.myflorida.com/medicaid/rules/rule-59g-4.002-provider-reimbursement-schedules-and-billing-codes.html,fee_schedule,rates
2025 ICF-IDD Billing Codes.pdf,Promulgated Billing Code,https://ahca.myflorida.com/content/download/26124/file/2025%20ICF-IDD%20Billing%20Codes.pdf,pdf,2025,,Rule 59G-4.002 Provider Reimbursement Schedules and Billing Codes,https://ahca.myflorida.com/medicaid/rules/rule-59g-4.002-provider-reimbursement-schedules-and-billing-codes.html,fee_schedule,rates
2025 Independent Lab Fee Schedule.pdf,Promulgated Fee Schedule,https://ahca.myflorida.com/content/download/26158/file/2025%20Independent%20Lab%20Fee%20Schedule.pdf,pdf,2025,,Rule 59G-4.002 Provider Reimbursement Schedules and Billing Codes,https://ahca.myflorida.com/medicaid/rules/rule-59g-4.002-provider-reimbursement-schedules-and-billing-codes.html,fee_schedule,rates
2025 Independent Lab Fee Schedule.xlsx,Promulgated,https://ahca.myflorida.com/content/download/26159/file/2025%20Independent%20Lab%20Fee%20Schedule.xlsx,xlsx,2025,,Rule 59G-4.002 Provider Reimbursement Schedules and Billing Codes,https://ahca.myflorida.com/medicaid/rules/rule-59g-4.002-provider-reimbursement-schedules-and-billing-codes.html,fee_schedule,rates
2025 Licensed Midwife Fee Schedule.pdf,Promulgated Fee Schedule,https://ahca.myflorida.com/content/download/26160/file/2025%20Licensed%20Midwife%20Fee%20Schedule.pdf,pdf,2025,,Rule 59G-4.002 Provider Reimbursement Schedules and Billing Codes,https://ahca.myflorida.com/medicaid/rules/rule-59g-4.002-provider-reimbursement-schedules-and-billing-codes.html,fee_schedule,rates
2025 Licensed Midwife Fee Schedulen.xlsx,Promulgated,https://ahca.myflorida.com/content/download/26161/file/2025%20Licensed%20Midwife%20Fee%20Schedulen.xlsx,xlsx,2025,,Rule 59G-4.002 Provider Reimbursement Schedules and Billing Codes,https://ahca.myflorida.com/medicaid/rules/rule-59g-4.002-provider-reimbursement-schedules-and-billing-codes.html,fee_schedule,rates
2025 Medicaid Certified School Match Fee Schedule.pdf,Promulgated Fee Schedule,https://ahca.myflorida.com/content/download/27262/file/2025%20Medicaid%20Certified%20School%20Match%20Fee%20Schedule.pdf,pdf,2025,,Rule 59G-4.002 Provider Reimbursement Schedules and Billing Codes,https://ahca.myflorida.com/medicaid/rules/rule-59g-4.002-provider-reimbursement-schedules-and-billing-codes.html,fee_schedule,rates
2025 Medical Foster Care Services Fee Schedule.pdf,Promulgated Fee Schedule,https://ahca.myflorida.com/content/download/26163/file/2025%20Medical%20Foster%20Care%20Services%20Fee%20Schedule.pdf,pdf,2025,,Rule 59G-4.002 Provider Reimbursement Schedules and Billing Codes,https://ahca.myflorida.com/medicaid/rules/rule-59g-4.002-provider-reimbursement-schedules-and-billing-codes.html,fee_schedule,rates
2025 Nursing Facility Billing Codes.pdf,Promulgated Billing Code,https://ahca.myflorida.com/content/download/26129/file/2025%20Nursing%20Facility%20Billing%20Codes.pdf,pdf,2025,,Rule 59G-4.002 Provider Reimbursement Schedules and Billing Codes,https://ahca.myflorida.com/medicaid/rules/rule-59g-4.002-provider-reimbursement-schedules-and-billing-codes.html,fee_schedule,rates
2025 Personal Care Services Fee Schedule.pdf,Promulgated Fee Schedule,https://ahca.myflorida.com/content/download/26165/file/2025%20Personal%20Care%20Services%20Fee%20Schedule.pdf,pdf,2025,,Rule 59G-4.002 Provider Reimbursement Schedules and Billing Codes,https://ahca.myflorida.com/medicaid/rules/rule-59g-4.002-provider-reimbursement-schedules-and-billing-codes.html,fee_schedule,rates
2025 Physician Pediatric Surgery Fee Schedule.pdf,Promulgated Fee Schedule,https://ahca.myflorida.com/content/download/26167/file/2025%20Physician%20Pediatric%20Surgery%20Fee%20Schedule.pdf,pdf,2025,,Rule 59G-4.002 Provider Reimbursement Schedules and Billing Codes,https://ahca.myflorida.com/medicaid/rules/rule-59g-4.002-provider-reimbursement-schedules-and-billing-codes.html,fee_schedule,rates
2025 Physician Pediatric Surgery Fee Schedule.xlsx,Promulgated XLS,https://ahca.myflorida.com/content/download/26168/file/2025%20Physician%20Pediatric%20Surgery%20Fee%20Schedule.xlsx,xlsx,2025,,Rule 59G-4.002 Provider Reimbursement Schedules and Billing Codes,https://ahca.myflorida.com/medicaid/rules/rule-59g-4.002-provider-reimbursement-schedules-and-billing-codes.html,fee_schedule,rates
2025 PPEC Fee Schedule.pdf,Promulgated Fee Schedule,https://ahca.myflorida.com/content/download/26169/file/2025%20PPEC%20Fee%20Schedule.pdf,pdf,2025,,Rule 59G-4.002 Provider Reimbursement Schedules and Billing Codes,https://ahca.myflorida.com/medicaid/rules/rule-59g-4.002-provider-reimbursement-schedules-and-billing-codes.html,fee_schedule,rates
2025 Practitioner Lab Fee Schedule.pdf,Promulgated Fee Schedule,https://ahca.myflorida.com/content/download/26172/file/2025%20Practitioner%20Lab%20Fee%20Schedule.pdf,pdf,2025,,Rule 59G-4.002 Provider Reimbursement Schedules and Billing Codes,https://ahca.myflorida.com/medicaid/rules/rule-59g-4.002-provider-reimbursement-schedules-and-billing-codes.html,fee_schedule,rates
2025 Practitioner Lab Fee Schedule.xlsx,Promulgated XLS,https://ahca.myflorida.com/content/download/26173/file/2025%20Practitioner%20Lab%20Fee%20Schedule.xlsx,xlsx,2025,,Rule 59G-4.002 Provider Reimbursement Schedules and Billing Codes,https://ahca.myflorida.com/medicaid/rules/rule-59g-4.002-provider-reimbursement-schedules-and-billing-codes.html,fee_schedule,rates
2025 PRESCRIBED DRUGS PHYSICIAN ADMINISTERED BILLING CODES_JULY UPDATE.pdf,Promulgated Billing Code,https://ahca.myflorida.com/content/download/27056/file/2025%20PRESCRIBED%20DRUGS%20PHYSICIAN%20ADMINISTERED%20BILLING%20CODES_JULY%20UPDATE.pdf,pdf,2025,,Rule 59G-4.002 Provider Reimbursement Schedules and Billing Codes,https://ahca.myflorida.com/medicaid/rules/rule-59g-4.002-provider-reimbursement-schedules-and-billing-codes.html,fee_schedule,rates
2025 PRESCRIBED DRUGS PHYSICIAN ADMINISTERED BILLING CODES_JULY UPDATE.xlsx,Promulgated XLS,https://ahca.myflorida.com/content/download/27057/file/2025%20PRESCRIBED%20DRUGS%20PHYSICIAN%20ADMINISTERED%20BILLING%20CODES_JULY%20UPDATE.xlsx,xlsx,2025,,Rule 59G-4.002 Provider Reimbursement Schedules and Billing Codes,https://ahca.myflorida.com/medicaid/rules/rule-59g-4.002-provider-reimbursement-schedules-and-billing-codes.html,fee_schedule,rates
2025 Private Duty Nursing Fee Schedule.pdf,Promulgated Fee Schedule,https://ahca.myflorida.com/content/download/26174/file/2025%20Private%20Duty%20Nursing%20Fee%20Schedule.pdf,pdf,2025,,Rule 59G-4.002 Provider Reimbursement Schedules and Billing Codes,https://ahca.myflorida.com/medicaid/rules/rule-59g-4.002-provider-reimbursement-schedules-and-billing-codes.html,fee_schedule,rates
2025 Radiology Fee Schedule.pdf,Promulgated Fee Schedule,https://ahca.myflorida.com/content/download/26539/file/2025%20Radiology%20Fee%20Schedule.pdf,pdf,2025,,Rule 59G-4.002 Provider Reimbursement Schedules and Billing Codes,https://ahca.myflorida.com/medicaid/rules/rule-59g-4.002-provider-reimbursement-schedules-and-billing-codes.html,fee_schedule,rates
2025 Radiology Fee Schedule.xlsx,Promulgated XLS,https://ahca.myflorida.com/content/download/26176/file/2025%20Radiology%20Fee%20Schedule.xlsx,xlsx,2025,,Rule 59G-4.002 Provider Reimbursement Schedules and Billing Codes,https://ahca.myflorida.com/medicaid/rules/rule-59g-4.002-provider-reimbursement-schedules-and-billing-codes.html,fee_schedule,rates
2025 Respiratory Therapy Services Fee Schedule.pdf,Promulgated Fee Schedule,https://ahca.myflorida.com/content/download/26177/file/2025%20Respiratory%20Therapy%20Services%20Fee%20Schedule.pdf,pdf,2025,,Rule 59G-4.002 Provider Reimbursement Schedules and Billing Codes,https://ahca.myflorida.com/medicaid/rules/rule-59g-4.002-provider-reimbursement-schedules-and-billing-codes.html,fee_schedule,rates
2025 RPICC Neo Fee Schedule.pdf,Promulgated Fee Schedule,https://ahca.myflorida.com/content/download/26178/file/2025%20RPICC%20Neo%20Fee%20Schedule.pdf,pdf,2025,,Rule 59G-4.002 Provider Reimbursement Schedules and Billing Codes,https://ahca.myflorida.com/medicaid/rules/rule-59g-4.002-provider-reimbursement-schedules-and-billing-codes.html,fee_schedule,rates
2025 RPICC Neo Fee Schedule.xlsx,Promulgated XLS,https://ahca.myflorida.com/content/download/26179/file/2025%20RPICC%20Neo%20Fee%20Schedule.xlsx,xlsx,2025,,Rule 59G-4.002 Provider Reimbursement Schedules and Billing Codes,https://ahca.myflorida.com/medicaid/rules/rule-59g-4.002-provider-reimbursement-schedules-and-billing-codes.html,fee_schedule,rates
2025 RPICC Obstetrical Fee Schedule.pdf,Promulgated Fee Schedule,https://ahca.myflorida.com/content/download/26180/file/2025%20RPICC%20Obstetrical%20Fee%20Schedule.pdf,pdf,2025,,Rule 59G-4.002 Provider Reimbursement Schedules and Billing Codes,https://ahca.myflorida.com/medicaid/rules/rule-59g-4.002-provider-reimbursement-schedules-and-billing-codes.html,fee_schedule,rates
2025 RPICC Obstetrical Fee Schedule.xlsx,Promulgated XLS,https://ahca.myflorida.com/content/download/26181/file/2025%20RPICC%20Obstetrical%20Fee%20Schedule.xlsx,xlsx,2025,,Rule 59G-4.002 Provider Reimbursement Schedules and Billing Codes,https://ahca.myflorida.com/medicaid/rules/rule-59g-4.002-provider-reimbursement-schedules-and-billing-codes.html,fee_schedule,rates
2025 Rural Health Center Billing Codes.pdf,Promulgated Billing Code,https://ahca.myflorida.com/content/download/26190/file/2025%20Rural%20Health%20Center%20Billing%20Codes.pdf,pdf,2025,,Rule 59G-4.002 Provider Reimbursement Schedules and Billing Codes,https://ahca.myflorida.com/medicaid/rules/rule-59g-4.002-provider-reimbursement-schedules-and-billing-codes.html,fee_schedule,rates
2025 SIPP Billing Codes.pdf,Promulgated Billing Code,https://ahca.myflorida.com/content/download/26191/file/2025%20SIPP%20Billing%20Codes.pdf,pdf,2025,,Rule 59G-4.002 Provider Reimbursement Schedules and Billing Codes,https://ahca.myflorida.com/medicaid/rules/rule-59g-4.002-provider-reimbursement-schedules-and-billing-codes.html,fee_schedule,rates
2025 Speech-Language Pathology Services Fee Schedule.pdf,Promulgated Fee Schedule,https://ahca.myflorida.com/content/download/26183/file/2025%20Speech-Language%20Pathology%20Services%20Fee%20Schedule.pdf,pdf,2025,,Rule 59G-4.002 Provider Reimbursement Schedules and Billing Codes,https://ahca.myflorida.com/medicaid/rules/rule-59g-4.002-provider-reimbursement-schedules-and-billing-codes.html,fee_schedule,rates
2025 Targeted Case Management Fee Schedule.pdf,Promulgated Fee Schedule,https://ahca.myflorida.com/content/download/26184/file/2025%20Targeted%20Case%20Management%20Fee%20Schedule.pdf,pdf,2025,,Rule 59G-4.002 Provider Reimbursement Schedules and Billing Codes,https://ahca.myflorida.com/medicaid/rules/rule-59g-4.002-provider-reimbursement-schedules-and-billing-codes.html,fee_schedule,rates
2025 Transportation Services Fee Schedule.pdf,Promulgated Fee Schedule,https://ahca.myflorida.com/content/download/26185/file/2025%20Transportation%20Services%20Fee%20Schedule.pdf,pdf,2025,,Rule 59G-4.002 Provider Reimbursement Schedules and Billing Codes,https://ahca.myflorida.com/medicaid/rules/rule-59g-4.002-provider-reimbursement-schedules-and-billing-codes.html,fee_schedule,rates
2025 Visual Services Fee Schedule.pdf,Promulgated Fee Schedule,https://ahca.myflorida.com/content/download/26186/file/2025%20Visual%20Services%20Fee%20Schedule.pdf,pdf,2025,,Rule 59G-4.002 Provider Reimbursement Schedules and Billing Codes,https://ahca.myflorida.com/medicaid/rules/rule-59g-4.002-provider-reimbursement-schedules-and-billing-codes.html,fee_schedule,rates
2025 Visual Services Fee Schedule.xlsx,Promulgated XLS,https://ahca.myflorida.com/content/download/26187/file/2025%20Visual%20Services%20Fee%20Schedule.xlsx,xlsx,2025,,Rule 59G-4.002 Provider Reimbursement Schedules and Billing Codes,https://ahca.myflorida.com/medicaid/rules/rule-59g-4.002-provider-reimbursement-schedules-and-billing-codes.html,fee_schedule,rates
2026 Assistive Care Services Fee Schedule.pdf,Updated Fee Schedule,https://ahca.myflorida.com/content/download/28095/file/2026%20Assistive%20Care%20Services%20Fee%20Schedule.pdf,pdf,2026,,Rule 59G-4.002 Provider Reimbursement Schedules and Billing Codes,https://ahca.myflorida.com/medicaid/rules/rule-59g-4.002-provider-reimbursement-schedules-and-billing-codes.html,fee_schedule,rates
2026 BA Fee Schedule.pdf,Updated Fee Schedule,https://ahca.myflorida.com/content/download/28096/file/2026%20BA%20Fee%20Schedule.pdf,pdf,2026,,Rule 59G-4.002 Provider Reimbursement Schedules and Billing Codes,https://ahca.myflorida.com/medicaid/rules/rule-59g-4.002-provider-reimbursement-schedules-and-billing-codes.html,fee_schedule,rates
2026 BHOS Fee Schedule.pdf,Updated Fee Schedule,https://ahca.myflorida.com/content/download/28097/file/2026%20BHOS%20Fee%20Schedule.pdf,pdf,2026,,Rule 59G-4.002 Provider Reimbursement Schedules and Billing Codes,https://ahca.myflorida.com/medicaid/rules/rule-59g-4.002-provider-reimbursement-schedules-and-billing-codes.html,fee_schedule,rates
2026 Birth Center Fee Schedule.pdf,Updated Fee Schedule,https://ahca.myflorida.com/content/download/28098/file/2026%20Birth%20Center%20Fee%20Schedule.pdf,pdf,2026,,Rule 59G-4.002 Provider Reimbursement Schedules and Billing Codes,https://ahca.myflorida.com/medicaid/rules/rule-59g-4.002-provider-reimbursement-schedules-and-billing-codes.html,fee_schedule,rates
2026 CBH Fee Schedule.pdf,Updated Fee Schedule,https://ahca.myflorida.com/content/download/28099/file/2026%20CBH%20Fee%20Schedule.pdf,pdf,2026,,Rule 59G-4.002 Provider Reimbursement Schedules and Billing Codes,https://ahca.myflorida.com/medicaid/rules/rule-59g-4.002-provider-reimbursement-schedules-and-billing-codes.html,fee_schedule,rates
2026 CBSACM Fee Schedule.pdf,Updated Fee Schedule,https://ahca.myflorida.com/content/download/28100/file/2026%20CBSACM%20Fee%20Schedule.pdf,pdf,2026,,Rule 59G-4.002 Provider Reimbursement Schedules and Billing Codes,https://ahca.myflorida.com/medicaid/rules/rule-59g-4.002-provider-reimbursement-schedules-and-billing-codes.html,fee_schedule,rates
2026 County Health Department Certified Match Program Fee Schedule.pdf,Updated Fee Schedule,https://ahca.myflorida.com/content/download/28102/file/2026%20County%20Health%20Department%20Certified%20Match%20Program%20Fee%20Schedule.pdf,pdf,2026,,Rule 59G-4.002 Provider Reimbursement Schedules and Billing Codes,https://ahca.myflorida.com/medicaid/rules/rule-59g-4.002-provider-reimbursement-schedules-and-billing-codes.html,fee_schedule,rates
2026 Dental Fee Schedule July 1 2026.pdf,Updated Fee Schedule,https://ahca.myflorida.com/file/medicaid/2026%20Dental%20Fee%20Schedule%20July%201%202026.pdf,pdf,"July 1, 2026",,Rule 59G-4.002 Provider Reimbursement Schedules and Billing Codes,https://ahca.myflorida.com/medicaid/rules/rule-59g-4.002-provider-reimbursement-schedules-and-billing-codes.html,fee_schedule,rates
2026 Dental Fee Schedule July 1 2026.xlsx,Updated XLS,https://ahca.myflorida.com/file/medicaid/2026%20Dental%20Fee%20Schedule%20July%201%202026.xlsx,xlsx,"July 1, 2026",,Rule 59G-4.002 Provider Reimbursement Schedules and Billing Codes,https://ahca.myflorida.com/medicaid/rules/rule-59g-4.002-provider-reimbursement-schedules-and-billing-codes.html,fee_schedule,rates
2026 Dental Fee Schedule.pdf,Updated Fee Schedule,https://ahca.myflorida.com/content/download/28211/file/2026%20Dental%20Fee%20Schedule.pdf,pdf,2026,,Rule 59G-4.002 Provider Reimbursement Schedules and Billing Codes,https://ahca.myflorida.com/medicaid/rules/rule-59g-4.002-provider-reimbursement-schedules-and-billing-codes.html,fee_schedule,rates
2026 Dental Fee Schedule.xlsx,Updated XLS,https://ahca.myflorida.com/content/download/28212/file/2026%20Dental%20Fee%20Schedule.xlsx,xlsx,2026,,Rule 59G-4.002 Provider Reimbursement Schedules and Billing Codes,https://ahca.myflorida.com/medicaid/rules/rule-59g-4.002-provider-reimbursement-schedules-and-billing-codes.html,fee_schedule,rates
2026 Early Interventions Services Fee Schedule.pdf,Updated Fee Schedule,https://ahca.myflorida.com/content/download/28108/file/2026%20Early%20Interventions%20Services%20Fee%20Schedule.pdf,pdf,2026,,Rule 59G-4.002 Provider Reimbursement Schedules and Billing Codes,https://ahca.myflorida.com/medicaid/rules/rule-59g-4.002-provider-reimbursement-schedules-and-billing-codes.html,fee_schedule,rates
2026 Family Home Health Aide Fee Schedule.pdf,Updated Fee Schedule,https://ahca.myflorida.com/content/download/28109/file/2026%20Family%20Home%20Health%20Aide%20Fee%20Schedule.pdf,pdf,2026,,Rule 59G-4.002 Provider Reimbursement Schedules and Billing Codes,https://ahca.myflorida.com/medicaid/rules/rule-59g-4.002-provider-reimbursement-schedules-and-billing-codes.html,fee_schedule,rates
2026 Hearing Services Fee Schdule 4.6.26.pdf,Updated Fee Schedule,https://ahca.myflorida.com/content/download/28656/file/2026%20Hearing%20Services%20Fee%20Schdule%204.6.26.pdf,pdf,2026,,Rule 59G-4.002 Provider Reimbursement Schedules and Billing Codes,https://ahca.myflorida.com/medicaid/rules/rule-59g-4.002-provider-reimbursement-schedules-and-billing-codes.html,fee_schedule,rates
2026 Hearing Services Fee Schdule 4.6.26.xlsx,Updated XLS,https://ahca.myflorida.com/content/download/28655/file/2026%20Hearing%20Services%20Fee%20Schdule%204.6.26.xlsx,xlsx,2026,,Rule 59G-4.002 Provider Reimbursement Schedules and Billing Codes,https://ahca.myflorida.com/medicaid/rules/rule-59g-4.002-provider-reimbursement-schedules-and-billing-codes.html,fee_schedule,rates
2026 Home Health Visit Services Fee Schedule.pdf,Updated Fee Schedule,https://ahca.myflorida.com/content/download/28115/file/2026%20Home%20Health%20Visit%20Services%20Fee%20Schedule.pdf,pdf,2026,,Rule 59G-4.002 Provider Reimbursement Schedules and Billing Codes,https://ahca.myflorida.com/medicaid/rules/rule-59g-4.002-provider-reimbursement-schedules-and-billing-codes.html,fee_schedule,rates
2026 Hospice Services Billing Codes.pdf,Updated Billing Code,https://ahca.myflorida.com/content/download/28116/file/2026%20Hospice%20Services%20Billing%20Codes.pdf,pdf,2026,,Rule 59G-4.002 Provider Reimbursement Schedules and Billing Codes,https://ahca.myflorida.com/medicaid/rules/rule-59g-4.002-provider-reimbursement-schedules-and-billing-codes.html,fee_schedule,rates
2026 Hospice Services Fee Schedule.pdf,Updated Fee Schedule,https://ahca.myflorida.com/content/download/28117/file/2026%20Hospice%20Services%20Fee%20Schedule.pdf,pdf,2026,,Rule 59G-4.002 Provider Reimbursement Schedules and Billing Codes,https://ahca.myflorida.com/medicaid/rules/rule-59g-4.002-provider-reimbursement-schedules-and-billing-codes.html,fee_schedule,rates
2026 Hospital Outpatient Services Billing Codes.pdf,Updated Billing Code,https://ahca.myflorida.com/content/download/28118/file/2026%20Hospital%20Outpatient%20Services%20Billing%20Codes.pdf,pdf,2026,,Rule 59G-4.002 Provider Reimbursement Schedules and Billing Codes,https://ahca.myflorida.com/medicaid/rules/rule-59g-4.002-provider-reimbursement-schedules-and-billing-codes.html,fee_schedule,rates
2026 ICF-IID Billing Codes.pdf,Updated Billing Code,https://ahca.myflorida.com/content/download/28119/file/2026%20ICF-IID%20Billing%20Codes.pdf,pdf,2026,,Rule 59G-4.002 Provider Reimbursement Schedules and Billing Codes,https://ahca.myflorida.com/medicaid/rules/rule-59g-4.002-provider-reimbursement-schedules-and-billing-codes.html,fee_schedule,rates
2026 Independent Laboratory Fee Schedule.pdf,Updated Fee Schedule,https://ahca.myflorida.com/file/medicaid/2026%20Independent%20Laboratory%20Fee%20Schedule.pdf,pdf,2026,,Rule 59G-4.002 Provider Reimbursement Schedules and Billing Codes,https://ahca.myflorida.com/medicaid/rules/rule-59g-4.002-provider-reimbursement-schedules-and-billing-codes.html,fee_schedule,rates
2026 Independent Laboratory Fee Schedule.xlsx,Updated XLS,https://ahca.myflorida.com/file/medicaid/2026%20Independent%20Laboratory%20Fee%20Schedule.xlsx,xlsx,2026,,Rule 59G-4.002 Provider Reimbursement Schedules and Billing Codes,https://ahca.myflorida.com/medicaid/rules/rule-59g-4.002-provider-reimbursement-schedules-and-billing-codes.html,fee_schedule,rates
2026 Licensed Midwife Fee Schedule.pdf,Updated Fee Schedule,https://ahca.myflorida.com/content/download/28122/file/2026%20Licensed%20Midwife%20Fee%20Schedule.pdf,pdf,2026,,Rule 59G-4.002 Provider Reimbursement Schedules and Billing Codes,https://ahca.myflorida.com/medicaid/rules/rule-59g-4.002-provider-reimbursement-schedules-and-billing-codes.html,fee_schedule,rates
2026 Licensed Midwife Fee Schedule.xlsx,Updated XLS,https://ahca.myflorida.com/content/download/28124/file/2026%20Licensed%20Midwife%20Fee%20Schedule.xlsx,xlsx,2026,,Rule 59G-4.002 Provider Reimbursement Schedules and Billing Codes,https://ahca.myflorida.com/medicaid/rules/rule-59g-4.002-provider-reimbursement-schedules-and-billing-codes.html,fee_schedule,rates
2026 Medicaid Certified School Match Fee Schedule.pdf,Updated Fee Schedule,https://ahca.myflorida.com/content/download/28125/file/2026%20Medicaid%20Certified%20School%20Match%20Fee%20Schedule.pdf,pdf,2026,,Rule 59G-4.002 Provider Reimbursement Schedules and Billing Codes,https://ahca.myflorida.com/medicaid/rules/rule-59g-4.002-provider-reimbursement-schedules-and-billing-codes.html,fee_schedule,rates
2026 Medical Foster Care Services Fee Schedule.pdf,Updated Fee Schedule,https://ahca.myflorida.com/content/download/28126/file/2026%20Medical%20Foster%20Care%20Services%20Fee%20Schedule.pdf,pdf,2026,,Rule 59G-4.002 Provider Reimbursement Schedules and Billing Codes,https://ahca.myflorida.com/medicaid/rules/rule-59g-4.002-provider-reimbursement-schedules-and-billing-codes.html,fee_schedule,rates
2026 Nursing Facility Billing Codes.pdf,Updated Billing Code,https://ahca.myflorida.com/content/download/28127/file/2026%20Nursing%20Facility%20Billing%20Codes.pdf,pdf,2026,,Rule 59G-4.002 Provider Reimbursement Schedules and Billing Codes,https://ahca.myflorida.com/medicaid/rules/rule-59g-4.002-provider-reimbursement-schedules-and-billing-codes.html,fee_schedule,rates
2026 Occupational Therapy Fee Schedule.pdf,Updated Fee Schedule,https://ahca.myflorida.com/content/download/28128/file/2026%20Occupational%20Therapy%20Fee%20Schedule.pdf,pdf,2026,,Rule 59G-4.002 Provider Reimbursement Schedules and Billing Codes,https://ahca.myflorida.com/medicaid/rules/rule-59g-4.002-provider-reimbursement-schedules-and-billing-codes.html,fee_schedule,rates
2026 Personal Care Services Fee Schedule.pdf,Updated Fee Schedule,https://ahca.myflorida.com/content/download/28129/file/2026%20Personal%20Care%20Services%20Fee%20Schedule.pdf,pdf,2026,,Rule 59G-4.002 Provider Reimbursement Schedules and Billing Codes,https://ahca.myflorida.com/medicaid/rules/rule-59g-4.002-provider-reimbursement-schedules-and-billing-codes.html,fee_schedule,rates
2026 Physical Therapy Services Fee Schedule.pdf,Updated Fee Schedule,https://ahca.myflorida.com/content/download/28130/file/2026%20Physical%20Therapy%20Services%20Fee%20Schedule.pdf,pdf,2026,,Rule 59G-4.002 Provider Reimbursement Schedules and Billing Codes,https://ahca.myflorida.com/medicaid/rules/rule-59g-4.002-provider-reimbursement-schedules-and-billing-codes.html,fee_schedule,rates
2026 Physician Pediatric Surgery Fee Schedule.pdf,Updated Fee Schedule,https://ahca.myflorida.com/content/download/28131/file/2026%20Physician%20Pediatric%20Surgery%20Fee%20Schedule.pdf,pdf,2026,,Rule 59G-4.002 Provider Reimbursement Schedules and Billing Codes,https://ahca.myflorida.com/medicaid/rules/rule-59g-4.002-provider-reimbursement-schedules-and-billing-codes.html,fee_schedule,rates
2026 PPEC Fee Schedule.pdf,Updated Fee Schedule,https://ahca.myflorida.com/content/download/28132/file/2026%20PPEC%20Fee%20Schedule.pdf,pdf,2026,,Rule 59G-4.002 Provider Reimbursement Schedules and Billing Codes,https://ahca.myflorida.com/medicaid/rules/rule-59g-4.002-provider-reimbursement-schedules-and-billing-codes.html,fee_schedule,rates
2026 Practitioner Fee Schedule.pdf,Updated Fee Schedule,https://ahca.myflorida.com/content/download/28192/file/2026%20Practitioner%20Fee%20Schedule.pdf,pdf,2026,,Rule 59G-4.002 Provider Reimbursement Schedules and Billing Codes,https://ahca.myflorida.com/medicaid/rules/rule-59g-4.002-provider-reimbursement-schedules-and-billing-codes.html,fee_schedule,rates
2026 Practitioner Fee Schedule.xlsx,Updated XLS,https://ahca.myflorida.com/content/download/28193/file/2026%20Practitioner%20Fee%20Schedule.xlsx,xlsx,2026,,Rule 59G-4.002 Provider Reimbursement Schedules and Billing Codes,https://ahca.myflorida.com/medicaid/rules/rule-59g-4.002-provider-reimbursement-schedules-and-billing-codes.html,fee_schedule,rates
2026 Practitioner Laboratory Fee Schedule.pdf,Updated Fee Schedule January,https://ahca.myflorida.com/file/medicaid/2026%20Practitioner%20Laboratory%20Fee%20Schedule.pdf,pdf,2026,,Rule 59G-4.002 Provider Reimbursement Schedules and Billing Codes,https://ahca.myflorida.com/medicaid/rules/rule-59g-4.002-provider-reimbursement-schedules-and-billing-codes.html,fee_schedule,rates
2026 Practitioner Laboratory Fee Schedule.xlsx,Updated XLS,https://ahca.myflorida.com/file/medicaid/2026%20Practitioner%20Laboratory%20Fee%20Schedule.xlsx,xlsx,2026,,Rule 59G-4.002 Provider Reimbursement Schedules and Billing Codes,https://ahca.myflorida.com/medicaid/rules/rule-59g-4.002-provider-reimbursement-schedules-and-billing-codes.html,fee_schedule,rates
2026 PRESCRIBED DRUGS PHYSICIAN ADMINISTERED BILLING CODES.pdf,Updated Billing Code,https://ahca.myflorida.com/content/download/28137/file/2026%20PRESCRIBED%20DRUGS%20PHYSICIAN%20ADMINISTERED%20BILLING%20CODES.pdf,pdf,2026,,Rule 59G-4.002 Provider Reimbursement Schedules and Billing Codes,https://ahca.myflorida.com/medicaid/rules/rule-59g-4.002-provider-reimbursement-schedules-and-billing-codes.html,fee_schedule,rates
2026 PRESCRIBED DRUGS PHYSICIAN ADMINISTERED BILLING CODES.xlsx,Updated XLS,https://ahca.myflorida.com/content/download/28138/file/2026%20PRESCRIBED%20DRUGS%20PHYSICIAN%20ADMINISTERED%20BILLING%20CODES.xlsx,xlsx,2026,,Rule 59G-4.002 Provider Reimbursement Schedules and Billing Codes,https://ahca.myflorida.com/medicaid/rules/rule-59g-4.002-provider-reimbursement-schedules-and-billing-codes.html,fee_schedule,rates
2026 Private Duty Nursing Fee Schedule.pdf,Updated Fee Schedule,https://ahca.myflorida.com/content/download/28139/file/2026%20Private%20Duty%20Nursing%20Fee%20Schedule.pdf,pdf,2026,,Rule 59G-4.002 Provider Reimbursement Schedules and Billing Codes,https://ahca.myflorida.com/medicaid/rules/rule-59g-4.002-provider-reimbursement-schedules-and-billing-codes.html,fee_schedule,rates
2026 Radiology Fee Schedule.pdf,Updated Fee Schedule,https://ahca.myflorida.com/content/download/28185/file/2026%20Radiology%20Fee%20Schedule.pdf,pdf,2026,,Rule 59G-4.002 Provider Reimbursement Schedules and Billing Codes,https://ahca.myflorida.com/medicaid/rules/rule-59g-4.002-provider-reimbursement-schedules-and-billing-codes.html,fee_schedule,rates
2026 Radiology Fee Schedule.xlsx,Updated XLS,https://ahca.myflorida.com/content/download/28186/file/2026%20Radiology%20Fee%20Schedule.xlsx,xlsx,2026,,Rule 59G-4.002 Provider Reimbursement Schedules and Billing Codes,https://ahca.myflorida.com/medicaid/rules/rule-59g-4.002-provider-reimbursement-schedules-and-billing-codes.html,fee_schedule,rates
2026 Respiratory Therapy Services Fee Schedule.pdf,Updated Fee Schedule,https://ahca.myflorida.com/content/download/28142/file/2026%20Respiratory%20Therapy%20Services%20Fee%20Schedule.pdf,pdf,2026,,Rule 59G-4.002 Provider Reimbursement Schedules and Billing Codes,https://ahca.myflorida.com/medicaid/rules/rule-59g-4.002-provider-reimbursement-schedules-and-billing-codes.html,fee_schedule,rates
2026 RPICC Neonatal Servcies Fee Schedule.pdf,Updated Fee Schedule,https://ahca.myflorida.com/content/download/28143/file/2026%20RPICC%20Neonatal%20Servcies%20Fee%20Schedule.pdf,pdf,2026,,Rule 59G-4.002 Provider Reimbursement Schedules and Billing Codes,https://ahca.myflorida.com/medicaid/rules/rule-59g-4.002-provider-reimbursement-schedules-and-billing-codes.html,fee_schedule,rates
2026 RPICC Obstetrical Services Fee Schedule.pdf,Updated Fee Schedule,https://ahca.myflorida.com/content/download/28145/file/2026%20RPICC%20Obstetrical%20Services%20Fee%20Schedule.pdf,pdf,2026,,Rule 59G-4.002 Provider Reimbursement Schedules and Billing Codes,https://ahca.myflorida.com/medicaid/rules/rule-59g-4.002-provider-reimbursement-schedules-and-billing-codes.html,fee_schedule,rates
2026 Rural Health Center Billing Codes.pdf,Updated Billing Code,https://ahca.myflorida.com/content/download/28146/file/2026%20Rural%20Health%20Center%20Billing%20Codes.pdf,pdf,2026,,Rule 59G-4.002 Provider Reimbursement Schedules and Billing Codes,https://ahca.myflorida.com/medicaid/rules/rule-59g-4.002-provider-reimbursement-schedules-and-billing-codes.html,fee_schedule,rates
2026 SIPP Billing Codes.pdf,Updated Billing Code,https://ahca.myflorida.com/content/download/28147/file/2026%20SIPP%20Billing%20Codes.pdf,pdf,2026,,Rule 59G-4.002 Provider Reimbursement Schedules and Billing Codes,https://ahca.myflorida.com/medicaid/rules/rule-59g-4.002-provider-reimbursement-schedules-and-billing-codes.html,fee_schedule,rates
2026 Speech Language Pathology Fee Schedule Clean.pdf,Updated Fee Schedule,https://ahca.myflorida.com/content/download/28148/file/2026%20Speech%20Language%20Pathology%20Fee%20Schedule%20Clean.pdf,pdf,2026,,Rule 59G-4.002 Provider Reimbursement Schedules and Billing Codes,https://ahca.myflorida.com/medicaid/rules/rule-59g-4.002-provider-reimbursement-schedules-and-billing-codes.html,fee_schedule,rates
2026 STS Fee Schedule.pdf,Updated Fee Schedule,https://ahca.myflorida.com/content/download/28149/file/2026%20STS%20Fee%20Schedule.pdf,pdf,2026,,Rule 59G-4.002 Provider Reimbursement Schedules and Billing Codes,https://ahca.myflorida.com/medicaid/rules/rule-59g-4.002-provider-reimbursement-schedules-and-billing-codes.html,fee_schedule,rates
2026 TCM Fee Schedule.pdf,Updated Fee Schedule,https://ahca.myflorida.com/content/download/28150/file/2026%20TCM%20Fee%20Schedule.pdf,pdf,2026,,Rule 59G-4.002 Provider Reimbursement Schedules and Billing Codes,https://ahca.myflorida.com/medicaid/rules/rule-59g-4.002-provider-reimbursement-schedules-and-billing-codes.html,fee_schedule,rates
2026 Transportation Services Fee Schedule.pdf,Updated Fee Schedule,https://ahca.myflorida.com/content/download/28151/file/2026%20Transportation%20Services%20Fee%20Schedule.pdf,pdf,2026,,Rule 59G-4.002 Provider Reimbursement Schedules and Billing Codes,https://ahca.myflorida.com/medicaid/rules/rule-59g-4.002-provider-reimbursement-schedules-and-billing-codes.html,fee_schedule,rates
2026 Visual Services Fee Schedule.pdf,Updated Fee Schedule,https://ahca.myflorida.com/content/download/28152/file/2026%20Visual%20Services%20Fee%20Schedule.pdf,pdf,2026,,Rule 59G-4.002 Provider Reimbursement Schedules and Billing Codes,https://ahca.myflorida.com/medicaid/rules/rule-59g-4.002-provider-reimbursement-schedules-and-billing-codes.html,fee_schedule,rates
2026 Visual Services Fee Schedule.xlsx,Updated XLS,https://ahca.myflorida.com/content/download/28153/file/2026%20Visual%20Services%20Fee%20Schedule.xlsx,xlsx,2026,,Rule 59G-4.002 Provider Reimbursement Schedules and Billing Codes,https://ahca.myflorida.com/medicaid/rules/rule-59g-4.002-provider-reimbursement-schedules-and-billing-codes.html,fee_schedule,rates
2026FHHAFS-july-update.pdf,Updated Fee Schedule,https://ahca.myflorida.com/file/medicaid/2026FHHAFS-july-update.pdf,pdf,,,Rule 59G-4.002 Provider Reimbursement Schedules and Billing Codes,https://ahca.myflorida.com/medicaid/rules/rule-59g-4.002-provider-reimbursement-schedules-and-billing-codes.html,fee_schedule,rates
4.9.2026 Federally Qualified Health Center Billing Codes .pdf,Updated Billing Code,https://ahca.myflorida.com/content/download/28699/file/4.9.2026%20Federally%20Qualified%20Health%20Center%20Billing%20Codes%20.pdf,pdf,2026,,Rule 59G-4.002 Provider Reimbursement Schedules and Billing Codes,https://ahca.myflorida.com/medicaid/rules/rule-59g-4.002-provider-reimbursement-schedules-and-billing-codes.html,fee_schedule,rates
"Hearing Services Fee Schedule January 1, 2025.pdf",Promulgated Fee Schedule,https://ahca.myflorida.com/content/download/26154/file/Hearing%20Services%20Fee%20Schedule%20January%201%2C%202025.pdf,pdf,"January 1, 2025",,Rule 59G-4.002 Provider Reimbursement Schedules and Billing Codes,https://ahca.myflorida.com/medicaid/rules/rule-59g-4.002-provider-reimbursement-schedules-and-billing-codes.html,fee_schedule,rates
"Hearing Services Fee Schedule January 1, 2025.xlsx",Promulgated,https://ahca.myflorida.com/content/download/26156/file/Hearing%20Services%20Fee%20Schedule%20January%201%2C%202025.xlsx,xlsx,"January 1, 2025",,Rule 59G-4.002 Provider Reimbursement Schedules and Billing Codes,https://ahca.myflorida.com/medicaid/rules/rule-59g-4.002-provider-reimbursement-schedules-and-billing-codes.html,fee_schedule,rates
HL 2026 Durable Medical Equipment and Medical Supplies Fee Schedule.pdf,Updated Fee Schedule,https://ahca.myflorida.com/content/download/28258/file/HL%202026%20Durable%20Medical%20Equipment%20and%20Medical%20Supplies%20Fee%20Schedule.pdf,pdf,2026,,Rule 59G-4.002 Provider Reimbursement Schedules and Billing Codes,https://ahca.myflorida.com/medicaid/rules/rule-59g-4.002-provider-reimbursement-schedules-and-billing-codes.html,fee_schedule,rates
HL 2026 Durable Medical Equipment and Medical Supplies Fee Schedule.xlsx,Updated XLS,https://ahca.myflorida.com/content/download/28259/file/HL%202026%20Durable%20Medical%20Equipment%20and%20Medical%20Supplies%20Fee%20Schedule.xlsx,xlsx,2026,,Rule 59G-4.002 Provider Reimbursement Schedules and Billing Codes,https://ahca.myflorida.com/medicaid/rules/rule-59g-4.002-provider-reimbursement-schedules-and-billing-codes.html,fee_schedule,rates
"Independent Lab Fee Schedule - October 1, 2025.pdf",Promulgated Fee Schedule,https://ahca.myflorida.com/content/download/28219/file/Independent%20Lab%20Fee%20Schedule%20-%20October%201%2C%202025.pdf,pdf,"October 1, 2025",,Rule 59G-4.002 Provider Reimbursement Schedules and Billing Codes,https://ahca.myflorida.com/medicaid/rules/rule-59g-4.002-provider-reimbursement-schedules-and-billing-codes.html,fee_schedule,rates
"Independent Lab Fee Schedule - October 1, 2025.xlsx",Promulgated XLS,https://ahca.myflorida.com/content/download/28220/file/Independent%20Lab%20Fee%20Schedule%20-%20October%201%2C%202025.xlsx,xlsx,"October 1, 2025",,Rule 59G-4.002 Provider Reimbursement Schedules and Billing Codes,https://ahca.myflorida.com/medicaid/rules/rule-59g-4.002-provider-reimbursement-schedules-and-billing-codes.html,fee_schedule,rates
"Independent Lab Fee Schedule July 1, 2025.pdf",Promulgated Fee Schedule,https://ahca.myflorida.com/content/download/27170/file/Independent%20Lab%20Fee%20Schedule%20July%201%2C%202025.pdf,pdf,"July 1, 2025",,Rule 59G-4.002 Provider Reimbursement Schedules and Billing Codes,https://ahca.myflorida.com/medicaid/rules/rule-59g-4.002-provider-reimbursement-schedules-and-billing-codes.html,fee_schedule,rates
"Independent Lab Fee Schedule July 1, 2025.xlsx",Promulgated XLS,https://ahca.myflorida.com/content/download/27171/file/Independent%20Lab%20Fee%20Schedule%20July%201%2C%202025.xlsx,xlsx,"July 1, 2025",,Rule 59G-4.002 Provider Reimbursement Schedules and Billing Codes,https://ahca.myflorida.com/medicaid/rules/rule-59g-4.002-provider-reimbursement-schedules-and-billing-codes.html,fee_schedule,rates
July 1 2025 PPEC Fee Schedule.pdf,Promulgated Fee Schedule,https://ahca.myflorida.com/content/download/26920/file/July%201%202025%20PPEC%20Fee%20Schedule.pdf,pdf,"July 1, 2025",,Rule 59G-4.002 Provider Reimbursement Schedules and Billing Codes,https://ahca.myflorida.com/medicaid/rules/rule-59g-4.002-provider-reimbursement-schedules-and-billing-codes.html,fee_schedule,rates
July 1 2026 DME Fee Schedule Finalized.pdf,Updated Fee Schedule,https://ahca.myflorida.com/file/medicaid/July%201%202026%20DME%20Fee%20Schedule%20Finalized.pdf,pdf,"July 1, 2026",,Rule 59G-4.002 Provider Reimbursement Schedules and Billing Codes,https://ahca.myflorida.com/medicaid/rules/rule-59g-4.002-provider-reimbursement-schedules-and-billing-codes.html,fee_schedule,rates
July 1 2026 DME Fee Schedule Finalized.xlsx,Updated XLS,https://ahca.myflorida.com/file/medicaid/July%201%202026%20DME%20Fee%20Schedule%20Finalized.xlsx,xlsx,"July 1, 2026",,Rule 59G-4.002 Provider Reimbursement Schedules and Billing Codes,https://ahca.myflorida.com/medicaid/rules/rule-59g-4.002-provider-reimbursement-schedules-and-billing-codes.html,fee_schedule,rates
"Occupational Therapy Fee Schedule January 1, 2025.pdf",Promulgated Fee Schedule,https://ahca.myflorida.com/content/download/26164/file/Occupational%20Therapy%20Fee%20Schedule%20January%201%2C%202025.pdf,pdf,"January 1, 2025",,Rule 59G-4.002 Provider Reimbursement Schedules and Billing Codes,https://ahca.myflorida.com/medicaid/rules/rule-59g-4.002-provider-reimbursement-schedules-and-billing-codes.html,fee_schedule,rates
"Physical Therapy Services Fee Schedule January 1, 2025.pdf",Promulgated Fee Schedule,https://ahca.myflorida.com/content/download/26166/file/Physical%20Therapy%20Services%20Fee%20Schedule%20January%201%2C%202025.pdf,pdf,"January 1, 2025",,Rule 59G-4.002 Provider Reimbursement Schedules and Billing Codes,https://ahca.myflorida.com/medicaid/rules/rule-59g-4.002-provider-reimbursement-schedules-and-billing-codes.html,fee_schedule,rates
PPEC Fee Schedule - 2026 edits.pdf,Updated Fee Schedule,https://ahca.myflorida.com/file/medicaid/PPEC%20Fee%20Schedule%20-%202026%20edits.pdf,pdf,2026,,Rule 59G-4.002 Provider Reimbursement Schedules and Billing Codes,https://ahca.myflorida.com/medicaid/rules/rule-59g-4.002-provider-reimbursement-schedules-and-billing-codes.html,fee_schedule,rates
"Practitioner Fee Schedule January 1, 2025.pdf",Promulgated Fee Schedule,https://ahca.myflorida.com/content/download/26170/file/Practitioner%20Fee%20Schedule%20January%201%2C%202025.pdf,pdf,"January 1, 2025",,Rule 59G-4.002 Provider Reimbursement Schedules and Billing Codes,https://ahca.myflorida.com/medicaid/rules/rule-59g-4.002-provider-reimbursement-schedules-and-billing-codes.html,fee_schedule,rates
"Practitioner Fee Schedule January 1, 2025.xlsx",Promulgated XLS,https://ahca.myflorida.com/content/download/26171/file/Practitioner%20Fee%20Schedule%20January%201%2C%202025.xlsx,xlsx,"January 1, 2025",,Rule 59G-4.002 Provider Reimbursement Schedules and Billing Codes,https://ahca.myflorida.com/medicaid/rules/rule-59g-4.002-provider-reimbursement-schedules-and-billing-codes.html,fee_schedule,rates
"Practitioner Fee Schedule October 1, 2025 - Rules.xlsx",Promulgated XLS,https://ahca.myflorida.com/content/download/28226/file/Practitioner%20Fee%20Schedule%20October%201%2C%202025%20-%20Rules.xlsx,xlsx,"October 1, 2025",,Rule 59G-4.002 Provider Reimbursement Schedules and Billing Codes,https://ahca.myflorida.com/medicaid/rules/rule-59g-4.002-provider-reimbursement-schedules-and-billing-codes.html,fee_schedule,rates
"Practitioner Fee Schedule October 1, 2025.pdf",Promulgated Fee Schedule,https://ahca.myflorida.com/content/download/28225/file/Practitioner%20Fee%20Schedule%20October%201%2C%202025.pdf,pdf,"October 1, 2025",,Rule 59G-4.002 Provider Reimbursement Schedules and Billing Codes,https://ahca.myflorida.com/medicaid/rules/rule-59g-4.002-provider-reimbursement-schedules-and-billing-codes.html,fee_schedule,rates
"Practitioner Lab Fee Schedule - October 1, 2025.pdf",Promulgated Fee Schedule,https://ahca.myflorida.com/content/download/28221/file/Practitioner%20Lab%20Fee%20Schedule%20-%20October%201%2C%202025.pdf,pdf,"October 1, 2025",,Rule 59G-4.002 Provider Reimbursement Schedules and Billing Codes,https://ahca.myflorida.com/medicaid/rules/rule-59g-4.002-provider-reimbursement-schedules-and-billing-codes.html,fee_schedule,rates
"Practitioner Lab Fee Schedule - October 1, 2025.xlsx",Promulgated XLS,https://ahca.myflorida.com/content/download/28222/file/Practitioner%20Lab%20Fee%20Schedule%20-%20October%201%2C%202025.xlsx,xlsx,"October 1, 2025",,Rule 59G-4.002 Provider Reimbursement Schedules and Billing Codes,https://ahca.myflorida.com/medicaid/rules/rule-59g-4.002-provider-reimbursement-schedules-and-billing-codes.html,fee_schedule,rates
"Practitioner Lab Fee Schedule July 1, 2025.pdf",Promulgated Fee Schedule,https://ahca.myflorida.com/content/download/27172/file/Practitioner%20Lab%20Fee%20Schedule%20July%201%2C%202025.pdf,pdf,"July 1, 2025",,Rule 59G-4.002 Provider Reimbursement Schedules and Billing Codes,https://ahca.myflorida.com/medicaid/rules/rule-59g-4.002-provider-reimbursement-schedules-and-billing-codes.html,fee_schedule,rates
"Practitioner Lab Fee Schedule July 1, 2025.xlsx",Promulgated XLS,https://ahca.myflorida.com/content/download/27173/file/Practitioner%20Lab%20Fee%20Schedule%20July%201%2C%202025.xlsx,xlsx,"July 1, 2025",,Rule 59G-4.002 Provider Reimbursement Schedules and Billing Codes,https://ahca.myflorida.com/medicaid/rules/rule-59g-4.002-provider-reimbursement-schedules-and-billing-codes.html,fee_schedule,rates
PRESCRIBED DRUGS IMMUNIZATION FEE SCHEDULE 1.JANUARY 2025.xlsx,Promulgated XLS,https://ahca.myflorida.com/content/download/26189/file/PRESCRIBED%20DRUGS%20IMMUNIZATION%20FEE%20SCHEDULE%201.JANUARY%202025.xlsx,xlsx,2025,,Rule 59G-4.002 Provider Reimbursement Schedules and Billing Codes,https://ahca.myflorida.com/medicaid/rules/rule-59g-4.002-provider-reimbursement-schedules-and-billing-codes.html,fee_schedule,rates
"Prescribed Drugs Physician Administered Billing Codes January 1, 2025.pdf",Promulgated Billing Code,https://ahca.myflorida.com/content/download/26130/file/Prescribed%20Drugs%20Physician%20Administered%20Billing%20Codes%20January%201%2C%202025.pdf,pdf,"January 1, 2025",,Rule 59G-4.002 Provider Reimbursement Schedules and Billing Codes,https://ahca.myflorida.com/medicaid/rules/rule-59g-4.002-provider-reimbursement-schedules-and-billing-codes.html,fee_schedule,rates
"Prescribed Drugs Physician Administered Billing Codes January 1, 2025.xlsx",Promulgated XLS,https://ahca.myflorida.com/content/download/26131/file/Prescribed%20Drugs%20Physician%20Administered%20Billing%20Codes%20January%201%2C%202025.xlsx,xlsx,"January 1, 2025",,Rule 59G-4.002 Provider Reimbursement Schedules and Billing Codes,https://ahca.myflorida.com/medicaid/rules/rule-59g-4.002-provider-reimbursement-schedules-and-billing-codes.html,fee_schedule,rates
PRESCRIBED_DRUGS_IMMUNIZATION_FEE_SCHEDULE_1.JANUARY_2026_UPDATED_06.16.2026.pdf,Updated Fee Schedule,https://ahca.myflorida.com/file/medicaid/PRESCRIBED_DRUGS_IMMUNIZATION_FEE_SCHEDULE_1.JANUARY_2026_UPDATED_06.16.2026.pdf,pdf,2026,,Rule 59G-4.002 Provider Reimbursement Schedules and Billing Codes,https://ahca.myflorida.com/medicaid/rules/rule-59g-4.002-provider-reimbursement-schedules-and-billing-codes.html,fee_schedule,rates
PRESCRIBED_DRUGS_IMMUNIZATION_FEE_SCHEDULE_1_JANUARY 2025.pdf,Promulgated Fee Schedule,https://ahca.myflorida.com/content/download/26188/file/PRESCRIBED_DRUGS_IMMUNIZATION_FEE_SCHEDULE_1_JANUARY%202025.pdf,pdf,2025,,Rule 59G-4.002 Provider Reimbursement Schedules and Billing Codes,https://ahca.myflorida.com/medicaid/rules/rule-59g-4.002-provider-reimbursement-schedules-and-billing-codes.html,fee_schedule,rates
PRESCRIBED_DRUGS_IMMUNIZATION_FEE_SCHEDULE_JAN-1-2026_UPDATED_JUN-16-2026.xlsx,Updated XLS,https://ahca.myflorida.com/file/medicaid/PRESCRIBED_DRUGS_IMMUNIZATION_FEE_SCHEDULE_JAN-1-2026_UPDATED_JUN-16-2026.xlsx,xlsx,"Jan 1, 2026",,Rule 59G-4.002 Provider Reimbursement Schedules and Billing Codes,https://ahca.myflorida.com/medicaid/rules/rule-59g-4.002-provider-reimbursement-schedules-and-billing-codes.html,fee_schedule,rates
"Specialized Therapeutic Services - July 8, 2025.pdf",Promulgated Fee Schedule,https://ahca.myflorida.com/content/download/26825/file/Specialized%20Therapeutic%20Services%20-%20July%208%2C%202025.pdf,pdf,"July 8, 2025",,Rule 59G-4.002 Provider Reimbursement Schedules and Billing Codes,https://ahca.myflorida.com/medicaid/rules/rule-59g-4.002-provider-reimbursement-schedules-and-billing-codes.html,fee_schedule,rates
"Specialized Therapeutic Services Fee Schedule January 1, 2025.pdf",Promulgated Fee Schedule,https://ahca.myflorida.com/content/download/26182/file/Specialized%20Therapeutic%20Services%20Fee%20Schedule%20January%201%2C%202025.pdf,pdf,"January 1, 2025",,Rule 59G-4.002 Provider Reimbursement Schedules and Billing Codes,https://ahca.myflorida.com/medicaid/rules/rule-59g-4.002-provider-reimbursement-schedules-and-billing-codes.html,fee_schedule,rates
"TCM Fee Schedules - October 1, 2025.pdf",Promulgated Fee Schedule,https://ahca.myflorida.com/content/download/27195/file/TCM%20Fee%20Schedules%20-%20October%201%2C%202025.pdf,pdf,"October 1, 2025",,Rule 59G-4.002 Provider Reimbursement Schedules and Billing Codes,https://ahca.myflorida.com/medicaid/rules/rule-59g-4.002-provider-reimbursement-schedules-and-billing-codes.html,fee_schedule,rates
TCM.Fee.Schedules.10012025.pdf,Promulgated Fee Schedule,https://ahca.myflorida.com/content/download/27266/file/TCM.Fee.Schedules.10012025.pdf,pdf,10/01/2025,,Rule 59G-4.002 Provider Reimbursement Schedules and Billing Codes,https://ahca.myflorida.com/medicaid/rules/rule-59g-4.002-provider-reimbursement-schedules-and-billing-codes.html,fee_schedule,rates
TCM.Fee.Schedules.10012025.pdf,Promulgated Fee Schedule,https://ahca.myflorida.com/content/download/27265/file/TCM.Fee.Schedules.10012025.pdf,pdf,10/01/2025,,Rule 59G-4.002 Provider Reimbursement Schedules and Billing Codes,https://ahca.myflorida.com/medicaid/rules/rule-59g-4.002-provider-reimbursement-schedules-and-billing-codes.html,fee_schedule,rates
